Gorilla_ID,Purpose,Concealment,awareness_check_R1,awareness_check_R2
16155757,facial expressions in relation to emotions,not sure,,
16155759,To see how repetitive tasks affect mood,Absolutely no clue,,
16155760,I have no idea,I have no idea about this either,,
16155761,I have no idea but what the hell was with the abused animals? That wasn't cool.,I don't know,,
16155766,visual effects,the purpose,,
16155769,understanding facial patterns with different images/activities,who does this study benefit,,
16155777,evoke feelings,concentration and feelings,,
16155801,i dont know,i dont know,,
16156287,"To test peoples emotional endurance, and to see if peoples moods would change drastically given certain circumstances",they will use my recordings for ai training,,
16156288,To track how certain hand/eye movements effect thinking in the brain (specifically to math/problems)?,n/a,,
16156289,If physical movements and/or images can affect math skills,I'm not sure,,
16156291,Impact of upsetting images on feelings,See above. Details of how seeing upsetting images impacts feelings and performance.,,
16156292,AI training,AI,,
16156293,I believe the purpose of this study was to see if seeing images changed how you were feeling in the moment and how you examined your own life,"That it had nothing to do with math, it was how you react to certain things.",,
16156294,"Based on the initial consent form explaining how the researchers wanted to see how multi-tasking affected a person's skills, I think it was to see if the physical movements had any effect on my moods, feelings, and basic cognitive ability for simple math.","Some untold details could maybe be the reason for such simple math, the specific images selected, the particular body movements, and the reason for the specific facial expression I had to do",,
16156301,I am not sure but I am sure that the 1st and last test were to make sure I was a real human,That this will all be used for AI?,,
16156307,"I honestly can't decide on the purpose of this study, but maybe it was testing how people do with certain math problems while also simultaneously doing another task.",Maybe more about what this study is about?,,
16156339,I have zero clue but I am certain it has nothing to do with math.,I love when studies do this! Maybe you are measuring my outlook on life after a stimulus?,,
16156370,To train A.I.,To train A.I. so that it can perfrom other actions.,,
16156850,The study was about deciphering suttle facial emotions especially the eyes and to see if we followed instruction.,If we kown basic math and the emotions shown in the eyes and eye movements.,,
16157820,gauge reactions,i couldn't begin to guess,,
16157821,I believe the purpose of this study was to find any correlation with various physical tasks and mental states of mind after those physical tasks.,I believe the details of this study that have not been revealed involve research on not just mental states after physical tasks but emotional states as well.,,
16157822,Hmmm emotional responses to certain tasks?,Probably guaging our mood or something based on the tasks we did,,
16157823,To test how people manage their emotions while performing a movement and solving math problems.,I am not too sure but I believe it has to do with how affected we were emotionally by the physical tasks given and the math problems.,,
16157825,How repetitive tasks affect your mood?,Probably mapping my mood throught the task,,
16157826,To see if movements or other peoples smiles can improve mood possibly.,"No idea, but I think it's to see if images of people smiling or mean dogs or other imagry can effect mood.",,
16157827,i dont know,no clue,,
16157828,NA,if multi tasking becomes irritating,,
16157832,see mood swings after doing tasks,maybe about depression,,
16157833,To determine our cognitive ability while performing tasks.,I honestly have no idea what the purpose could be if it's not what I believe.,,
16157834,To see how people react to certain events,I do not know,,
16157835,To see how our mood changed due to various temporary difficult or happy circumstances?,Probably what I said before. I also thought I might have to see bad images of animals so it made me anxious for when those would come,,
16157837,Testing emotional responses to disturbing images somehow.,I'm not sure,,
16157844,To see how phyical task alter your mathematical abilities.,not sure,,
16157847,I think Human consentration and ability to stick to an instruction.,I don't know.,,
16157852,to see if people would still smile while seeing troubling images,I am uncertain,,
16157862,To perceive people's emotions and reactions when faced with various tasks and/or images,I genuinely have no idea.,,
16157881,To see if the tests would improve or effect my ability to complete the math problems.,Maybe something to do with AI,,
16157895,Not really sure. Something with tracking facial expressions possibly.,I have no clue.,,
16169745,NA,NA,,
16169746,"i think the purpse was to see how you emotion may chage based off you phiscal stats, lik if you happy sad or mad it will refct in how you feel about the task even if the tasknis the same",that this is a more of a psycalogical study to identify how are emotions affect our work,,
16169748,"I guess it was to see our genuine reactions to stimuli? It was fun I admit that. Kind of sneaky though, but fun.","That you purposely told untruths to get us to react? If so, FUNNY! lol..",,
16169749,to see how you pay attention and to what extent seeing disturbing or irritating behavior has on your answers,I do not have any idea,,
16169751,I'm not sure.,Something to do about the negative/disturbing photos,,
16169752,I think to see how we feel after physical actions... but the math stuff was confusing to me,probably some test of how happiness,,
16169753,I have no idea.,I don't know.,,
16169755,To make sure you can follow instructions.,To use our images for AI training.,,
16169757,it was to test attention and emotional processing,I think the study was examining how people naturally react to actions and images while preforming other tasks.,,
16169758,Explore the effect of physical movement tasks on peoples math performance,seeing if people can follow directions,,
16169760,see peoples reactions to things that are distrubing.,"i have no idea, can you work and multitask while you have horrible things going on in and around your life??",,
16169761,I have absolutely no idea.,I am not sure,,
16169762,"See how photos can influence our subtle facial expressions, and how certain activities can change how we feel in the moment.",I am not sure.,,
16169764,Not sure,Something about facial expression and eyes maybe,,
16169765,if my feelings would change based on task,i have no idea,,
16169766,I think it may psychology based or learning based.,Thr true purpose of the study.,,
16169772,I'm honestly not sure,"I'm having anxiety after taking the study, I have to really push myself to appear on webcam - So, I'm not sure what to think of it right now. I can't really come up with anything that makes heads or tails of it all the way through.",,
16169774,I have no idea,"How the different actions affected the answers to the ""feeling"" questions?",,
16169775,NA,nothjing,,
16169776,To see how people can multitask while feeling certain emotions.,"That the purpose of this study was for something else, other than what was explained originally.",,
16169779,I am honestly not sure!,No idea!,,
16169781,To see if seeing the negative images would impact my ability to answer the math questions correctly,That my payment would not be reduced for poor performance,,
16169784,"To see if our opinions on how we feel in life changes after looking at happy/cute pictures like puppies/kittens, or how tedious tasks like tapping your nose may affect how you feel.",Really have no clue. Maybe the photos were all AI generated or something?,,
16169786,To see the relation between simple phisical tasks and math,I have no idea,,
16169792,To test how putting your mind elsewhere makes you feel,I don't know,,
16169823,To see how visual/physical stimulai could affect response time/congnitive ability.,"I'm not sure, it may be something along the lines of distractions causing poorer cognitive ability but if I had known that, the results would be skewed.",,
16169826,Test how the images impacted my thoughts,Using the camera to make sure I stayed focused on the images provided.,,
16169867,To see if animals and flowers would cheer people up.,NA,,
16169919,I think possibly how well we follow instructions but also how we feel about certain acts of violence and how it relates to our overall mood and feelings.,I am not sure what could be hidden besides just watching what our moods in our expressions are.,,
16169941,No idea.,No idea.,,
16171511,I believe if the answers to the post question would change after the task or doing the math problems,that the math problems weren't important and were just a distaction maybe,,
16171512,Not sure its hard to tell. Maybe how my skills are impacted after a series of somewhat alarming photos,I'm not sure. It's hard to follow the theme,,
16171515,Facial expressions changing with different photos,NA,,
16171519,I have no clue,That people react different when seeing pictures meant to bring happiness?,,
16171520,I am not sure. Being able to maintain a positive look when feeling down?,That it's about the ability of humans to control their expressions,,
16171521,experimenting with our perceptions based on emotion triggers?,I wasn't being recorded at all?,,
16171522,to see how well i follow instructions,im not sure,,
16171523,How we react to photos impacts how quickly we do math?,Some people got happy photos and some got scary ones?,,
16171524,"Mixture of map proficiency, tasks, and checking our demeanor.",I really don't know.,,
16171525,to gauge the impact of distress/annoyance on cognitive function,that the study was recording micromovements in the face when looking at photos,,
16171526,testing human perception,more dtails about human emotions,,
16171528,"If artificial emotional act and stress inducing images affects self evaluation, and if that is reversible with a non-emotional act","The real goal is self worth evaluation, the math is a distractor",,
16171529,"I believe the purpose of this study had nothing to do with math skills. I think this study had to do with how pictures or forcing emotions (ex. forcing yourself to smile), can help improve your mood. By showing pictures of kittens, puppies, and forcing yourself to smile, you wanted to measure if my mood would improve compared to doing unusual physical tasks.","I think the details have to do with measuring how nice images or forcing yourself to smile can improve your mood or opinions. I think the math questions had nothing, or very little, to do woth the actual experiment.",,
16171530,To determine how the images shown affected performance on math equations,I am not sure,,
16171534,I am really fighting to find a reason of connection between the physical activity and the math activity so I really have absolutely no idea. I have never done one of these before and all my years so I couldn't even guess.,The combination of very simple math and very simple instructions for physical activity can be understood by easy compliance of the individual who is desperate to make $6?,,
16171540,No Idea - probably feelings of releif after doing something annoying,No Idea,,
16171543,multitasking,I have no idea,,
16171544,NA,NA,,
16171546,I am not sure,I am not sure,,
16171549,To gauge the way my outlook changed depending on tasks presented to me,Something related to my confidence perhaps,,
16171550,Perceptions of life after viewing morbid pictures,If your perspective on life changes after seeing depressing aspects of life,,
16171575,Consistency in emotions and focus on multiple tasks,How body/facial movements can tell more than an individual thinks,,
16171587,To understand how certain movements determine brain power or memory.,"I'm not sure, the study was very random.",,
16171599,"To be honest, no clue what it could be about",I do not know,,
16171604,my reaction and expression to input and decision making,what the purpose of the study is about,,
16171607,how we do math in different emotion,NA,,
16171624,Not sure,I am not sure,,
16171629,To see if uplifting/cute pictures changed our outlook on situations.,To see if happiness or you perceiving to be happy changes your outlook.,,
16176468,reaction to physical movements,none,,
16176469,I think that this study was assessing whether our moods and feelings of self-contentment change after being exposed to disturbing or depressing images.,I am unsure what those details might be.,,
16176471,not really sure at all??,"I cant imagine, unless there is some hypothesis you havent shared about the experiment",,
16176472,I'm not sure. I was trying to figure this out as I was doing the study. Possibly the interviewer wants to know what a persons feelings are compared to performing physical tasks versus math tasks to see if they find one is easier than the other.,They are going to compare our answers with the answers of elementary school children. This is the only thing that comes to mind.,,
16176473,To see hoe images affect short term moods and outlook on life.,If our emotions are shortly altered based on facial expressions we are seeing and/or following instructions.,,
16176474,get your body up and moving from doing different things,i have no clue,,
16176475,to see if different feelings can change how your brain thinks or feels,NA,,
16176477,See how your feelings change whe presented with different images and problems to solve.,That there is a $100 bonus for doing this study.,,
16176478,I believe the purpose of the study was to determine if a person could follow instructions even under less-than-ideal conditions.,That math success is directly related to emotion.,,
16176480,Guessing for some type of AI learning program.,That this is for AI learning.,,
16176489,NA,NA,,
16176491,DECISION MAKING,no,,
16176494,Mainly trying to understand and observe how poeple complete simple math problems.,Maybe the psychology behind the study,,
16176497,unsure,NA,,
16176499,I have no clue,"That it is not about math, I am not sure",,
16176500,I do not actually have any idea what it could be for.,I truly dont think I can come up with an answer for that one!,,
16176501,"To gauge or test how or what we view things on social media or tv influence the way or how someone may feel, then or thoughout the day. How something we watch on social media can effect someones emotions and mental health right then watching the video or 30 minutes away or even days later.",I dont know.,,
16176502,Working and physical activity effects on mental health,I'm not sure,,
16176504,NA,You were tracking eye movement to what caught our attention between the 3 photos,,
16176506,unsure,Something related to facial expressions and photos we were shown,,
16176509,"I think the whole study was just to see if doing these physical tssk changed your mood in any way shape or form and for me it did not these tasks seemed like they would have been better, in my opinion, if you could see yourself doing the task and then submitting your response.",I think the details of the study were to see if doing these physical tasks changed the way you feel in this specific moment.,,
16176511,to see pure emotion when there's images,"that this wasn't really a maths experiment, this was a emotion expirement",,
16176512,How certain activities/moods change your ability to complete maths,Mood related observations,,
16176513,I believe it was to see how well people can pay attention and follow directions and also while focusing on those tasks to be able to complete math problems right after or right before.,I think it may have something to do with an attention span or memory,,
16176518,To see natural facial expresssions/emotion.,Not sure.,,
16176520,Seeing if our emotions are affected by negative things while distracted?,it really had nothing to do with math.,,
16176525,"Observe emotions changing and effected by images, and tasks that force us to be aware of our emotional expressions.",no idea,,
16176526,to show how disturbing images can affect your reactions and mood.,How emotions impact your decisions?,,
16176535,"I think I read that it had something to do with multitasking. But, I am not sure that was the actual purpose.",I am not sure. It may have to do with facial response to certain pictures when instructed to respond naturally or to maintain a given expression.,,
16176537,im not sure what the purpose was,i dont know,,
16176539,To determine if images and body movements effect mood,That the study wants to see if the movement effects the moods,,
16176540,to make me uncomfortable,"let me guess, somehow AI is involved",,
16176542,to determine relationships between physical and mental capacities,Not sure,,
16176543,To see if the tasks distracted us from the math problems?,Why of all things you're testing the math problems,,
16176548,Get facial expresion/results for data,Maybe to read data for ai?,,
16176549,Math Performance and Body Movements to see reactions,none,,
16176562,to see if you could irritate us,That it was a study about seeing if you can irritate us by filling in the wrong answers and giving us instructions that were not that clear and starting the timer so fast that we couldn't blink fast enough,,
16176576,I think the researchers wanted to know the corellation between the facial expression that a person intentionally make and their mood. I think the movement and math part are just fake.,I think the video is not recording.,,
16176578,"With the repetitive questions about how satisfied I am in life, maybe it was how small physical tasks would affect someone's outlook on life rather than having much to do with the math. It doesn't really change much, I think.",I am not sure.,,
16176583,No clue,I don't know,,
16176605,im not sure,i honestly dont know,,
16176611,effect of body movement on math abilities.,not sure.,,
16176620,to see if people follow directions,not sure people and their actions,,
16176631,Perphaps to see correlation between task done and if it can change mood.,I think it could be about the math not really having an impact on this study.,,
16176632,To see what different physical stimuli had on people's ability to solve math problems and also their mood,What the exact purpose of each expirment was,,
16176635,I am not sure,I have no idea,,
16176640,to see how desperate people are to earn a few bucks,observing how desperate a person is to make a few bucks in order to support themselves.,,
16176672,To see how math skills are affected with presented with multi-tasking and adverse events,This study was actually testing mathetmatical skills of participants?,,
16178069,To see what effect different emotional stimuli had on performance as well as mood.,It might have to do with what the negative effect that faking an emotion might have?,,
16178072,To see how solving math problems affects body language.,To see if a person answers the same questions consistently throughout the course of the study.,,
16178073,I'm assuming evaluation of some sort of biopsychological basis for how well or poorly subjects did with math problems,"How physical movement and math even correlate, and what the actual applicable purpose may be.",,
16178074,"I'm not sure. The description said it was a study on multi-tasking. But because I did not do the physical action and the math problems at the same time, I'm not sure how this was multi-tasking.",Maybe something to do with our facial expressiveness and how it relates to our mood/internal feelings.,,
16178078,To see if movements/images effect how our cognitive abilities,What the images represent/how they would influence our thinking,,
16178079,to see if distractions alter your perceptions,real reason for the study,,
16178080,To see if mood influences ability to solve math problems.,"Certain people probably got different photos. I got cute animals and flowers, but some people might have gotten horrible images.",,
16178081,To see how different kinds of distractions would affect your mood.,How the pictures and poses were chosen.,,
16178082,Seeing how alarming those images were.,how I react to horrible imagery. And collecting my biometric data.,,
16178084,"Maybe to determine if performing certain physical activities can affect mathematical abilities
",Why we performed those tasks and how it relates to how I feel about my life,,
16178085,Percetions of following commands and completing tasks.,That you are studing whether people will follow instructions and keep emotions the same.,,
16178086,To see how holding that smile while being shown disturbing images would affect our mood and concentration.,"I'm not sure! I feel like it wasn't about the math at all, though.",,
16178088,I have no clue. Problems were pretty simple.,I dont know i would like to though,,
16178090,i don't know..something about mundane distractions maybe?,none,,
16178091,"I think it's about identifying how humans can react to certain interactions when seeing or doing things and, in the immediate future, solve problems that require certain mathematical skills.",Maybe,,
16178092,to see if seeing disturbing images affects your mood or mental ability,"that after seeing disturbing images, some people might feel more positive about their life",,
16178093,To evaluate how content of pictures affects our mood.,Im not sure,,
16178095,"To see if you are emotionally bothered by pictures presented or tasks presented while being asked to ""pretend"" to smile or complete a task and to see who well you are able to adapt to doing a task such as math after a physical performance of tasks",I am not sure,,
16178096,How emotionally provoking images affect life quality/feelings ratings,Unsure,,
16178097,I'm not sure,I don't know,,
16178098,"To judge facial reactions when presented with distutrbing pet abuse, robbery/theft photos, and minor annoyances of idiots parking the wrong way, to judge which was the most impactful on expression, or perhaps to track eye movemts to see how much dwell time was experienced on each set, each region of the set.",eye tracking and reactions to disturbing images and the resulting facial expressions used by subjects when viewing.,,
16178099,not sure,you watched while i read the instructions and practiced,,
16178100,Effects of multitasking while doing math,I honestly have no idea,,
16178101,Testing focus while taking studies,I truly don't know,,
16178102,"positive images and mathematical response times?
",positve imagery affecting response times?,,
16178103,I have no idea.,How people react.,,
16178105,not sure,no clue,,
16178106,To see human interactions with their emotion and brain power combined,It is for a AI research? anazlyzing decision making,,
16178107,Math Performance and Body Movements.,Focus and attention.,,
16178108,How being made to mimic certain emotional states impacted our emotional state,I am not sure,,
16178110,i dont know,i dont know,,
16178111,See if the smiling section would make us check boxes more positively.,No idea.,,
16178113,I am completely clueless here which is not normally the case.,That this is a correlation with math and facial expressions?,,
16178114,To view subtle facial expression changes even in situations where the person is acting.,That the goal wasto see people genuinely acting.,,
16178115,to see how physical movement impacts mood,the reasoning for the study,,
16178119,My feeling reactions after exposure to happy pictures and phisical tasks,Soething psycological,,
16178120,I have no idea!!,I definitely do not know,,
16178121,I believe the purpose of this study was to judge emotions.,"I think the math problems were not really a part of the study, it was more about the pictures.",,
16178123,I believe the purpose was to test how different body movements in association with math have an impact on how you feel.,I think the details might be about what the association between tasks actually means.,,
16178124,It seems to be a study eliciting emotional responses for image exposure along with forced facial expression.,Perhaps more was being monitored in the video than I thought.,,
16178125,Study the emotions of people when doing something unfamiliar,study how people react and follow simple instructions,,
16178130,"I thought may be whether seeing certain images would affect my ability to complete math equations, but the math problems were too simple and small to truly have an impact either way. So maybe instead it was to test whether the images, and the way I was told to act upon seeing them, would have an immediate impact on my mood?",I think the test had nothing to do with the math questions and they were there just as a distraction from the real test?,,
16178131,Seeing how well people listen to directions,I'm not sure,,
16178132,I am not sure actually,I do not know,,
16178143,NA,"I think the study is about how the tasks affect emotion
",,
16178149,To assess facial movements reactions,Maybe something about the distressing parts of the study,,
16178168,"To see whether I got sadder after looking at the sad images
",That there were some control video actions and some not,,
16178241,Seeing if physical movement could have any impact on my processing abilities or thoughts.,Why the physical activities were truly relevant.,,
16178272,To figure out how physical tasks related to facial structures affect how we feel.,"Eye movement analysis is occuring during the study
",,
16178320,"I am not sure, but I would like to know.",I'm not sure.,,
16200799,I believe the purpose was to see if any of those activities affected my answers to the questions after.,I think those details may have to do with my reaction to the images.,,
16200801,To determine if certain actions or images change your viewpoint,Im not sure,,
16200807,Seeing if thinking of difficult topics can impair your focus on certain tasks or maybe cognitive function in depressed people.,I'm not sure,,
16200809,To see images then responses.,IDK,,
16200814,Response to unsettling images,Purpose not about movement,,
16200817,something to do with how well people follow instruction or follow a mimic others facial motions? not sure honestly.,I'm honestly not aware of any missing details ngl.,,
16200819,Perhaps ai-training or something to do with facial tracking,"ai-tracking, facial recording, not really sure, these were pretty odd things and strange tasks",,
16200820,HOW MATH RELATES TO PHYSICAL MOVEMENT OR ATTENTION SPAN OR FOLLOWING DIRECTIONS,"attention span in follwing directions  ,to see if how distraction affect maybe ?",,
16200821,to see how i feel about people animals being attacked and how i feel,to see how i feel about volience to animals women,,
16200823,Effects of body movements on math skills (speed and accuracy),The true goal of the study was to see how these various movements and facial expressions affected mood,,
16200825,I think the purpose of this sudy was to capture sensored vs raw emotions to concerning images.,I think this study could be being used to trail AI.,,
16200829,Testing math with body movements,That this was about something other than ath and body movements being related,,
16200843,gauge my feelings while completing the tasks,im not sure,,
16200846,No idea!!!!,NA,,
16200853,"To gauge my facial expressions while viewing animal cruelty, women being harrased or robbed, and cars in poarking lots... clueless mostly.","Aside from facial expressions, I have no idea.",,
16200906,To see if looking at emotionally weighted photos has an impact on my mood and perceptions of life satisfaction.,Not sure,,
16200961,Determine how doing tasks impacted people's moods.,I'm not sure.,,
16200968,"I'm not sure, maybe to see the impact of using different reasoning and movement centers of the brain on mood?",Perhaps how different stimuli influence emotions?,,
16201188,I do not know,I don't know,,
16201216,how you felt after viewing pleasant pictures and completing tasks satisfactory,not sure,,
16201752,To see how images changed your state of mind in the moment.,Using facial expressions for AI training,,
16201754,I have no idea,I don't know??,,
16201755,"Some of the tasks were straightforward and easy to execute; some were strangely unsatisfying - on purpose, I suppose. I think the purpose of the study was to gauge the effect of those purposefully unsatisfying tasks (e.g., the facial recognition tasks) on one's perception of self.",This question seems redundant to the last question. I've already told you what I think the purpose of the study is. But I'll try to come up with something else. Perhaps the study is also intended to gauge the relationship between self-loathing and pessimism to the ability to complete a task or not complete a task.,,
16201758,Making expressions and movement and capturing what we feel about our life and emotions,I was thinking mirroring expressions,,
16201759,can you follwo directions,see if movement help with thinking better or is distracting,,
16201760,To frustrate me,How would I know if you didn't tell me?  How should I know what your intent is?,,
16201762,maybe to see if what we are doing or seeing affects our mood and how we feel about things.,They are tracking how we feel when we are asked to do certain tasks.,,
16201766,NA,NA,,
16201767,how we assimilate negative occurrences,our reactions to horrendous activities,,
16201768,To see if the images changed how I thought?,That you showed these images to see if the way I felt changed after seeing each image.,,
16201770,following directions or reading body language,It was not real,,
16201772,how seeing those images with certain facial expressions affect you,how they affected my psyche and mental health to see those images and resetting my brain by doing equations,,
16201773,monitoring changes in mood based on happy stimuli,NA,,
16201779,"When it was done, I was thinking the math was just a distraction and the real study was how the motions and pictures affected my mood.",That it isn't about math but emotions.,,
16201783,How the emoion changse based on what we see.,Not sure,,
16201784,Could doing some sort of exercise help perception of life and math skills,It was not about the math problems at all,,
16201785,Impact of mood and cognitive functions after viewing images and acting out instructions.,"not sure, everything seemed pretty straight forward",,
16201786,Maybe to see evaluate the relationship between emotional state and math.,"I think the details may have to do with the different particular movements I took part in. I'm not quite sure how tapping my nose or smiling impacts my performance on basic math problems. Also, how likely is my emotional state to change my performance on problems that are supposed to be quite easy.",,
16201793,I'm not sure,i don't know,,
16201799,Math profficienecy and physucal tasks,How emotions relate to math ability,,
16201802,math performance and body movements,You want to know how images and movements affect my emotions.,,
16201804,following physical directions and solving math problems,im not sure about the details,,
16201808,"not sure, to withhold emotion??",that the research is about emotion overall,,
16201810,"To see if were given a task to do, if that throws us off, and makes mistakes doing those math problems",i am not sure,,
16201812,To see how multitasking can affect in mathematical tasks,"Not sure, but perhaps there's a psychological aspect to it which I would love to know.",,
16201821,To see how movement and multitasking affect cognitive skills,I have no idea but i am curious. Maybe that the study has nothing to do with what I was thinking it did.,,
16201825,I'm sorry I have no idea,that you're going to give me a bonus?,,
16201896,"I am not sure, something to do with emotions.",I am not sure,,
16201952,How people follow instructions.,Bonus will stay the same.,,
16202061,"I am unsure, but if I had to take a guess maybe emotions after physical movements.",I am unsure.,,
16202779,See if odd stimuli would change a person's mood.,I don't know.,,
16202784,"Look at images, and see if a person's way of thinking could get affected by it?",Psychological test to see human behavior and changes in feelings after a small exercise.,,
16202792,unsure,to see the connection with emotions and math?,,
16202794,How performing fun or silly tasks might influence our perceptions.,I have no idea,,
16202796,To see the reaction of the photos,See what the reaction of people may be to sensative photos,,
16202800,if seeing disturbing images reduces self esteem,"if people focus more on the animals, the robberies, or the bad parkers",,
16202803,No idea honestly,I really have no idea,,
16202804,dunno,dunno,,
16202807,no idea,something to do with AI training,,
16202809,To study ones focus and ability to follow directions,Unsure,,
16202810,Judging annoyance at being asked to complete nonsensical tasks? Or perhaps watching facial expressions during such tasks? Maybe this is all just a joke?,"You're going to replace my head with that of a cat, and post it to tik-tok?",,
16202811,NA,no clue,,
16202813,To examine peoples' body movement effect on their math performance,To examine keenness and speed,,
16202815,Looking for how people responded to images shown in the screen and physical tasks and seeing how they affected their emotional or psychological state.,I don't know.,,
16202816,"Honestly not entirely sure, maybe to see if certain tasks can produce specific emotional responses, or to evaluate an individuals math performance after completing a certain task.",This study was also intended to evaluate out emotional response to a specific task.,,
16202818,To see how emotions change after seeing images,what the actual purpose of the study was,,
16202820,after looking at certain pictures of especially animals did it raise your feelings and senses to more of a positive,signs of cuteness can alleviate any feelings of negatives,,
16202822,to see if reactions changed the speed of completing a mental task like math problems,that everyone was given a different set of tests?,,
16202823,follow directions,follow directions. Or to see my eye movement during image viewing,,
16202824,to see if physical activity affected solving math probalems,ability to follow instructions if i had to guess but i'm sure i'm wrong,,
16202825,i honestly have no idea or inference of what the study is about.,If I can follow instuctions verbatim? again I have no idea.,,
16202826,See if physical movements/math effect peoples current feelings,See if our mood changes doing movements/math,,
16202830,Whether smiling through bad things will effect the mood of participants versus allowing them to express their true emotions,NA,,
16202833,To see if you can focus on two tasks at once.,i have no idea,,
16202834,"I'm going to be honest, I'm not really sure. My best guess would be how did my emotions change after viewing pics and following directions.",Something with my facial expressions.,,
16202837,how viewing emotionally triggering events can give you a different perspective on your own life,the movement exercises and math problems were to give a baseline of your current emotional state,,
16202839,see how annoyed you were doing those strange things and if you're happy with your life,that you're looking for something like signs of alzheimer's...looking for symptoms,,
16202840,I'm not sure.  I'm guessing to see if changing or holding facial expressions changes emotion.,See my prior answer.  That fixed or changing facial expressions change your outlook.,,
16202842,not sure,not sure,,
16202843,if positive uplifting pictures also cordinated with improve preformance and feelings of life,Wasnt even recorded?,,
16202844,I'm honestly not sure. The math questions were extremely easy.,"Again, I have no clue.",,
16202846,I think this was to see if people can comprehend using both sides of their brain on one task.,That you were trying to see if we could go back and forth between each task seamlessly.,,
16202847,not sure really.,not a clue!,,
16202848,Following directions and multitasking,No idea,,
16202855,Possibly something having to do with associating tasks that either irritate you or bring you joy and how that's associated with simple mathematics...,"Possibly something that has to do with the subliminal messaging of why there were flowers in the middle of the pictures of the dogs and cats.  Also, I thought it was odd that you wanted us to mimic the facial expressions of dogs and cats even though in the example each time you show images of four different ""actors""",,
16202860,mental health research,The reason I was recorded,,
16202863,Not sure. Possibly the impact of images and movement on mood,The impact of completing a task on mood,,
16202864,Does physical activity correlate with mood.,Why I was instructed to do physical things.,,
16202865,I believe the math and facial tasks wwere distractionary.  I think the true purpose was to see the consistency of the mentasl state answers in between,that the tasks were not the point,,
16202867,"Perhaps human body language, particularly with facial expressions and how others react to images whether more negatively or positively overall in the presence of certain images. Perhaps more natural and genuine smiling vs. fake or forced smiling. Something in that general realm.",Perhaps some type of manipulation occuring or image trick to make the particpants react or not react in a certain manner throughout different parts of the study.,,
16202869,To see how distressing images impact logical faculties (the math questions) and on your emotional state and life outlook.,"Maybe something to do with the order of the images presented--the double parking, the robbing, and then abused animals. I feel like maybe it's varying degrees of negative, from annoyed to very distressing, but I'm still not sure.",,
16202871,study facial expressions,n/a,,
16202876,Testing mood/outlook  when given menial tasks,I'm not sure,,
16202883,i have no idea,i dont know,,
16202888,the purpose was to see how mental and physical abilities work together,1. that it was ro check your cognition,,
16202890,To see how different physical movements reflect on how you think logically and emotionally.,"I have no clue, it seemed pretty straight forward to me.",,
16202917,multi tasking,no idea,,
16202937,it was about understanding how people view and interpret images by checking their facial expression.,"to check how people perceive and respond to different images, also to cheer up people and make them forget about their daily struggle for a moment, i was happy taking this study.",,
16202958,i am not for sure?,some of the photos were for ai training,,
16204418,"Hm I don't know.  There were a lot of variables.  The most interesting part was maintining a smile for disturbing images.  Honestly, I don't really know though sorry.",I have no idea.,,
16204419,comparing how quickly we solved the math problems after physical task versus seeing cute animals,NA,,
16204420,To track emotions while staying on task - compartmentalizing,The bonus is not real? I dont know really,,
16204421,"I don't go the slightest idea, direction following?",You have not told us the intention of your survey and what you hope to get out of it.,,
16204422,I'm not sure. Something to do with multitasking.,I'm not sure.,,
16204423,to see how easily people get annoyed and the effects of annoyances,what the purpose is and what is to be learned from it,,
16204424,To determine if minor things affect people's emotions - how easy it could be to irritate someone,It's a happiness study,,
16204427,math knowledge,i have no idea,,
16204428,I believe the purpose of this study was to identify how positive images can affect a person's attitude and math solving skills in a better way.,I am not sure of the details.,,
16204429,To see how activities affect comprehension.,You wanted to know how activities affected emotions.,,
16204430,Seeing how distraction or physical modification of an activity could change the personality reflections on a scale?,"Maybe the camera was never really recording to begin with, so there was some aspect of imagining being observed that would change behavior?",,
16204432,"To understand how people react facially to distrubing images, and whether that effects their ability to complete math problems",Im not sure,,
16204433,consistency of emotions and self satisfaction,NA,,
16204434,To see if math changes the way one feels.,Not sure,,
16204435,if faking an expression can make you feel that expression,"I don't think this study was about math problems, but instead about distraction and facial expressions",,
16204436,To see if doing different physical activities affected your ability to perform simple math problems.,That it is more about something else than just seeing if you can do math problems after doing a simple physical activity.,,
16204438,i have no idea. to see if we cared about the dog?,something to do with animals,,
16204439,Was to see if you can follow simple instructions and do basic arithmetic.,It matches if people can simply follow ordera with threat of payment deduction if not performed well enough.,,
16204440,For learn the body performance and how the people feel with this,NA,,
16204441,NA,NA,,
16204445,"I have no idea, maybe how expressive depressed people are",I have no idea honestly,,
16204446,training AI,NA,,
16204447,How certain images and actions can change your feelings,"Improving attitudes and thinking with actions and images
",,
16204450,About emotion,repeated response,,
16204452,I haven't a clue. but it was fun!,I really don't know.,,
16204453,To see how people see their lives after experiencing trauma.,You didn't really record me.,,
16204454,to test my patience and pov of myself while performing task i most likely didnt feel like doing.,im not sure,,
16204455,I don't know.,To see how quickly people can solve problems if looking at positive images?,,
16204457,NA,NA,,
16204458,To see if people can control their facial expressions when being shown animal abuse,I have no idea,,
16204459,To see how mood is influenced by activity and perception.,I don't know.,,
16204461,To test an individual's emotions/reactions in certain situations.,The photos shown were not real.,,
16204462,I think this study wants to see the effects of disturbing images on a person's general feelings about their life and how emotional scenes can possibly alter one's view of one's life.,Focus and concentration - ability  to switch to easy math questions after seeing disturbing image,,
16204464,If we could follow directions and see if we're satisfied with life,The real reason for the study to be done such as how we feel about where we are in life,,
16204465,no clue,i dont know,,
16204466,Something to do with math and emotion,You tell me bro,,
16204468,about body movement and math test,about being attentive,,
16204469,to see how the movements impacted how we feel,That you are more concerned about the feeling questionaires than the math problems,,
16204473,"How emotions triggered by pictures that elicit aggravation, fear, or sadness impact overall feelings of depression and the impact on the ability to think",whatever the tru underlying purpose of the study is,,
16204474,"I'm not sure, I would guess it's to see how faces react to things.","Maybe something with an AI, or the math questions were not important and it was to see if the face changes",,
16204476,To see how people react to different stimuli,That there may be random assignments,,
16204478,can people fake happiness,"im not sure, maybe about the study not being about math at all but about human emotions",,
16204480,movements and images and how do they affect your mood,what the purpose is,,
16204486,To see how images can effect someone's outlook on life.,I am thinking it is something about following the emotions of others.,,
16204487,maybe to see my mood change,maybe to stimulate my brain,,
16204491,Following instructions,How do normal people follow instructions and how they felt about it afterwards,,
16204492,Not sure but if I was to guess I would say if being distracted changes the way you think or feel.,Pictures were all positive and sweet.,,
16204494,I believe the purpose of the study was to examine the correlation between performing tasks after movement versus being emotionally disturbed and performing tasks.,I belive it is to see if emotional state can be changed based on disturbing images and redundant tasks.,,
16204502,To see how I would react to images maybe?,I honestly have no idea,,
16204532,perception of one's ability to perform math tasks under emotional factors,no idea,,
16204928,To find out if emotions and math are related,Video or audio quality in relation to my emoitions,,
16204929,To see how annoyed people are when asked to do things.,That the camera was not recording.,,
16204930,"I think it told me at the beginning, something about emotions and the ability to do math",NA,,
16204931,"To solve math problems
",I'm not sure. You have not told me,,
16204932,To see how different behaviors impact how the images affect us.,The reason for it. Some of the conditions you adjusted. What other people might've seen different from us.,,
16204933,Reasoning,body reflex,,
16204934,I don't know. It was very confusing.,I don't know and I'm nervous to find out.,,
16204935,To see if people can follow directions,Not sure,,
16204936,Seeing how annoyed people got with it,I do not know,,
16204937,to see how negative images could change mood,if we can follow instructions while be distracted by images,,
16204939,no idea. I guess to see if people can hold an expression while looking at horrible things. and also that if I would follow instructions like a monkey,I have no idea,,
16204940,To determine what the emotional results were of looking at pleasant photos as opposed to mundane tasks,not sure,,
16204941,To check on image displays of faces if they affect how we feel our own emotions and interpret our own hopes fears etc,The mirroring effect of faces and facial expressions in affecting positivity or negativity in daily life,,
16204942,To distract you from the math problems.,Why would yall show disturbing images and tell us to smile at them?,,
16204943,To see how the physical movements influence people's emotion and how they did the math problems.,Not sure,,
16204944,not sure tbh,mundane task response?,,
16204945,I honestly do not know.,That you are collecting information for AI.,,
16204946,something to do with AI,N/A.,,
16204947,To see if any of the images or physical actitivities changed the way we felt about ourselves.,How perception is tied to our own emotions and life,,
16204948,Possibly to gauge the effect math has on emotional states.,I honestly have no clue.,,
16204949,to see how people perceive being filmed,not sure,,
16204950,The purpose of the study was to see if doing physical activities would affect accuracy of doing simple math problems.,How different physical activities would affect people differently while doing math problems.,,
16204951,To see how physical movements affect perfomance on maths problems,To see if people can actually solve simple maths problems.,,
16204953,unsure,reactions to photos,,
16204955,To check how a human being operate and how they feel throughout the study,might be how a body and mind can change through out the day,,
16204956,"I would imagine that the purpose of this study was to test how much being forced to do a task versus doing that task naturally would impact one's emotions (e.g., for the tasks where I either was asked to smile and look at a puppy or look at a puppy and react as I naturally would).","Perhaps that some of the physical movements were not part of the real experiment, but were just there so that participants do not think too hard about the actual task.",,
16204958,to test how we felt about our own life after seeing the pictures.,that the faces and things were supposed to do were apart of the research.,,
16204960,effects of physical movement on cognitive tasks,that some participants were a control group and did not have to perform the tasks,,
16204962,"I have no idea, but it was interesting. I don't think it's about physical movement and math. The fake smiling was the hardest to do. Maybe it was about that?",I think some parts of the study matter and some don't? They don't all seem to go together.,,
16204963,What events/ actions affect mood,not sure,,
16204964,I don't know unless it had something to do with your mind.  Manipulating it so you feel much better mentally?,See if you can perform math problems after seeing images of different things.,,
16204965,Seeing how various physical activities and viewing certain images would affect our responses to both questions and math probems,"The true purpose of the study might not have had much to do with the math problems, it was testing something else",,
16204966,To see how stress affects one's ability to solve problems and interpret one's reality,Maybe how stress affects how we interpret things logically?,,
16204967,I have no idea.  This was really weird,I don't know.,,
16204970,How one feels about every day problems and issues.,If we follow instructions correctly,,
16204971,To see how envoked emotion through images  affects mathicaticatl performance and mood over time,The true reasoning for pefomring physcial actions and the mathamtical problems them selves felt more like a side then main function of the study,,
16204972,Multitasking,That this study is related to emotional regulation,,
16204973,I see if certain facial expressions can change our mood or perceptions.,The exact point of the study and how the tasks work.,,
16204974,To track peoples ability to mimic facial expressions.,That it was tracking my face the whole time.,,
16204979,i honestly dont know. Nothing in this test was cohgesive so Im not able to come up with a speculation as to what it was tring to accomplish,I have no idea.,,
16204986,The impact that distraction or photos have on people's personal moods.,I'm unsure.Maybe that the camera/movements are a distraction. It's really about how you feel after doing the movements or viewing the images.,,
16204987,No clue.,I don't know.,,
16204998,Whether seeing the photos could improve mood,NA,,
16204999,not sure,none,,
16205028,To explore the effect of physical movement tasks on people’s math performance.,Don't know,,
16205032,collecting facial data,that it was about tracking faces,,
16205036,Some sort of AI test to see if it was a real person.,"Not sure, maybe something about how images can reflect your emotions or change them when forced to do funny tasks.",,
16205074,to see if you can still do arithmetic following physical tasks,that you're going to post these videos on youtube???,,
16205097,To see if movements or images can change your mood,"The movements won't be as effective, or the math is irrelevant",,
16211035,Not sure,Human psychology,,
16211037,I'm not sure. Maybe it was to see how certain movements affect emotions and thinking.,What the real purpose of the study was.,,
16211038,"How peoples attitudes are affected by being required to perform certian arbitrary tasks, math problems were a brain wash to clear mind between tasks.",It's not about how the tasks affect math performance. It's about how the tasks affect attitude.,,
16211039,to test how certain movements or pictures might effect emotion.,no idea really. but I'm ok with that. :-),,
16211040,Recations to disturbing scenes such as the abuse to animals.,Image reaction by showing different pictures.,,
16211041,not really sure,really no idea,,
16211045,no clue haha,no clue,,
16211047,To see how emotions interact with physical movement tasks and exposure to pictures?,Maybe the exposure to those pictures was meant to change our emotions we expierenced?,,
16211049,I believe the purpose was to test how movement might affect mental mood.,I believe I have not been told the true purpose of the study.,,
16211051,I think the purpose was to see how instructions and behavior influence emotions and depression rates.,That the study was not about the math.,,
16211052,I have no idea,observing whether or not I followed directions or whether I was able to control my face when confronted with disturbing images,,
16211053,"Where our eyes will follow on the screen, and how we can or can't control subtle facial expressions.",how we subconsciously move around and how our face reacts to images.,,
16211054,Following directions,Not sure,,
16211055,If my cognitive ability changed after performing a series of tasks,Whether the physical movement or facial expression activities mattered more,,
16211061,"I suppose it was to see my facial reactions to certain pictures I saw, most horrifying to me was seeing the dogs in such bad conditions","honestly, I don't know",,
16211062,to see how well people read and pay attention,how attentive people stay,,
16211065,NA,NA,,
16211068,I believe the purpose was to see if seeing negative images makes you rethink your own life.,I think the video recordings have nothing to do with it.,,
16211069,"No idea, because it doesn't seem like these tasks would have any effect on ability to solve very simple ,ath problems.",No,,
16211070,How hand-eye coordination plays a part on psychological mood.,I have no idea.,,
16211074,i have no idea,NA,,
16211075,To see if people will do mildly weird things for a couple of bucks. Just kidding I really don't know.,What a fun twist! I can't imagine what the mistery details could be. Maybe that the study didn't really have anything to do with the math questions?,,
16211078,to determine how distrubing images effect mood and ability to concentrate,that these images were meant to illicit a response other than what was tasked,,
16211079,im not sure,im not sure,,
16211080,To gauge facial reactions to distressing images and possible impacts on cognitive function,Something about my face when viewing distressing images,,
16211081,To evaluate how distressing images effect our emotions and our facial expressions,To see how our emotions and expressions are effected by disturning images or images that would make me irritated or annoyed,,
16211082,The purpose is to learn how people react to images especially when given instructions to comply with.,I dont know.,,
16211083,"To determine if faking it (smiling) contributed to certain actions or behavior? It was annoying to have to fake smile versus real reaction smile, so that is what I am taking away.",Not sure.,,
16211084,"Honestly, I'm not really sure anymore.",Something about distractions and changes in answers?,,
16211087,I think it was about the correlation between certain pictures and math problems to see if it has effect on your mood or changes your attitude,To be honest with you I have no idea,,
16211088,I have no idea,I don't know.,,
16211090,How people feel after looking at positive images? How or if their perception of life ( or current situation) changes,"I am not sure, but i am hoping you will tell me, maybe to measure how people can and will follow instructions, also how they attempt to follow instructions when they are told their incentive would be reduced if they do not follow instructions, this one had me a bit nervous, so maybe thats why I messed up for one set.",,
16211093,To see how people react to different stimuli while multitasking.,I am unsure at the time.,,
16211094,To make us look like silly fools.,"It's like you're asking your little lab rat to squeak out of tune. Dude, I don't know.",,
16211096,"To understand how basic math capacities can dacay when we are exposed to  vandalism, crime and animal cruelty.","That we can change our state of mind with simple motor movements and or by simply smiling even when we are exposed to vadalism, crime, and animal cruelty.",,
16211101,behavior to multitasking,I'm not sure.,,
16211106,Im not sure although I do not think it was the reason stated.,The true purpose of the study.,,
16211109,To see if the video tasks caused me frustration and effected my self worth?,"Gee, not sure. Really, no idea. Maybe that the visual things I had to do weren't at all related to the study?",,
16211110,I believe this study was assessing participant's attitudes towards themselves after engaging in actions that require mental effort.,I believe the movements made can influence our attitudes towards the mathematical problems.,,
16211134,I am not sure what the purpose of this study was.,I do not have any ideas about what the purpose of the study might have been.,,
16211159,To see how emotional state affects math ability.,That you're testing if small physical changes affect emotion perception.,,
16211161,do not know,facial expression study on pictures and ability to do math - who knows?,,
16211192,"To determine if tasks or images that are hard to see, effects peoples ability to think",How negative images that can effect ones mood can change ones ability to think?,,
16211213,NA,NA,,
16211240,factors that can cause stress,how math and movement influence you,,
16211284,I am not sure what the purpose of this study was.,I am not sure.,,
16212032,that the tasks could change responses to quality of life questions,I don't know,,
16212770,A person's willingness to follow directions.,N/A,,
16212772,I have no idea honestly,I have no idea unfortunately,,
16212773,Not sure.,How people follow/interpret directions.,,
16212776,"I'm not sure, to see if people can control their facial reactions to disgusting content?",Not sure.,,
16212778,it a body postioning/movement study accomp[anied with mathematical calculations,NA,,
16212779,not sure,math and movement relation,,
16212780,To gather people facial expressions by testing a repetitive task.,"Im not sure, maybe it has to do with certain facial expressions.",,
16212783,Making us smile while seeing images that are not pleasant is an interesting study to perform. I would be interested in seeing what peoples faces actually looked like. Even though we know faking a smile can actually release chemicals to make us physically happier I felt just more irritated and annoyed that i had to smile during those images. Not sure what exactly the point is but defintely one of the more interesting studies ive taken part of!,They are defintely not about the math problems. I feel the math problems are to make sure you're paying attention. I think the real part of the study was measuring peoples reactions to images when your inducing a good or bad mood perhaps?,,
16212785,How different people react to different inputs and instructions.,There will be a follow up study.,,
16212787,to be honest i cant tell maybe emotions through different task.,to be honest i dont really know. Reactions toward different scenario?,,
16212788,Do test how well people pay attention and take information in,I honestly do not know.,,
16212789,how images affect facial movement,im not sure,,
16212790,It was to see how people respond to sad images and if it makes them perform worse at math questions.,Im not sure maybe that the images had hidden meanings or something like that.,,
16212791,To be able to maintain and finish tasks under stress.,How one feels about their life and feelings may change after being shown distressing images.,,
16212793,Changes in additude and feelings in self-reflection after minimal tasks,No,,
16212794,"I believe the purpose of this study was to see how mathematical skills are impacted when distracted by other factors (e.g., emotional reactions, being interrupted by body movements, etc.).","I think it may pertain to some independent variable / assigned state regarding the impact of different emotional states (e.g., being shown photos of dogs being abused vs. being shown photos of happy dogs and how these different conditions impact people's ability to focus on mathematical reasoning).",,
16212795,how images may affect our mood,im not sure but id like to know!,,
16212797,data collection,"it's probably not a study, just some discreet form of data collection",,
16212799,About patience and repetition.,It wasn't about math.,,
16212801,"To see how different movements impact emotions, and if smiling while looking at happy images has a different impact on emotions that looking at the same type of images without a smile/with a neutral expression",The math was irrelevant,,
16212802,I think it had something to do with facial position relating to feelings of happiness/annoyance ect. but I'm not sure,I think it might be that the math was actually irrelevant and it was about the facial positions,,
16212804,Unsure!!,I don't know. maybe about focus,,
16212806,To discern how subjects respond cognitively based on certain factors including instructions that may be misleading and/or threats regarding compensation and to assess how particular types of situations impact self-perceptions of circumstances,That the compensation isn't what was described initially including the deduction for not following instructions,,
16212807,NA,I think it has something to do with peoples reactions with negative images,,
16212809,I think it was to see how people respond to instruction when viewing certain images that can be emotional.,The images might be AI and not real..,,
16212810,to see how we feel after different tasks,idk,,
16212812,No clue really,God only knows,,
16212813,The purpose of this study was to gauge how we see ourselves overall as well as looking at pictures of distressing situations and gauge our thoughts on what we saw.,I am not sure.,,
16212815,See the effects of my emotional state after viewing the images.,Images influence moods and cognitive function.,,
16212816,Maybe to see how people react to very different styles of tasks like the movements and the math questions and the sad photos.,Maybe it would be what the connection is between negative visual stimuli and having to problem solve,,
16212817,I honestly do not have any clue. I found it odd to do movements then answer math questions then emotions - so I can't figure out how they all corallate.,other people might be seeing my moevments to judge them in future studies?,,
16212819,To provide my opinion on the given situation.,To give my opinion on the given situation.,,
16212825,To give the intrustions and to see if they are followed.,To see the reaction of the other part.,,
16212827,gauging how emotions alter cognition or abilities to perform simple tasks,NA,,
16212829,The affects of physical movements,studying facial movements,,
16212832,Seeing how we feel with the photos.,feelings,,
16212833,To determine how the images affected your feelings and math performance,It had more to do with the photos than the math,,
16212834,I haven't a clue,Hey Cortana,,
16212836,Understanding how certain tasks like math and movement affect emotions.,I think that maybe the accuracy of the math problems was irrelevant.,,
16212837,"I have no idea, maybe how images of nature and animals affect us.",I don't know.,,
16212839,How facial expressions changes mood,I am not sure,,
16212841,investigate how body movements and pictures affect people's attitudes toward life,our attitudes toward life might be affected by physical movement?,,
16212845,no idea,no idea,,
16212847,To see how our mood and perception of life quality changed over the course of performing different tasks,"How the physical task, mental math, and questionaires work together to provide insight into our life satisfaction",,
16212848,How positive imagery can help with math skills.,I'm not sure,,
16212850,people's real reactions/how they felt when presented with negative images,not sure,,
16212854,Physicam movernment and measure thing caacity of the human being.,No,,
16212898,test facial and emotional expression,emotional stage related to object and environment,,
16213809,To test our feelings,personality,,
16220035,I think the purpose of this study was to see how doing seemingly meaningless tasks effects a person's mood,I don't know,,
16220036,"To see if disturbing images changed your outlook, the math problemd were more of a ""palate cleanser"".",no idea other what I just said,,
16220037,Maybe to see how the actions change our mood.,"That the math has nothing to do with the study except serve as a ""palette cleanser"" for our minds before the real questions about our mood maybe.",,
16220039,To see how quickly we can switch between tasks and if any of the photos were upsetting,Maybe that you weren't really recording me,,
16220040,I have no idea maybe see if people can do math problems after performing specific tasks,I have no idea,,
16220041,to see if distraction can impact our emotions,the math content was a distraction,,
16220042,not really sure - testing to see if the depressing pictures impact our emotions,Some type of deception was used,,
16220043,See my body movements,I am unsure,,
16220044,I never know,No clue,,
16220045,attitudes,How much chuck?,,
16220047,To see if we can get distracted from our tasks and it effects our work.,It wasn't about the math problems but how we changed emotionally,,
16220048,foucs,none,,
16220049,To determine whether emotions change after specific physical movements/actions,Maybe seeing how people's reactions or feelings change after seeing certain images meant to evoke a certain response,,
16220050,No idea. Train AI?,No idea.,,
16220052,"hand to brain connection, nervouse system response or left and right side brain observation",A correlation on how people's analytical ability relates to life satisfaction?,,
16220053,not sure,why we were doing math problems,,
16220054,To understand how physical movement tasks affected people's math performance.,I don't know.,,
16220055,"The study said something about doing math, but it seemed like it was about emotions",i honestly do not know,,
16220056,"To see how our facial expressions change when we see sad images of things like sad animals, stealing, or car accidents.",That the math problems were a distraction.,,
16220057,How well we relate to movement and math,I really have no idea.  Maybe how movement and math affect your overall well being.,,
16220058,To see people's natural reactions to negative experiences,I am not sure.,,
16220059,I'm not really sure,the real reason for the study,,
16220060,i have no idea,following instructions,,
16220063,To study how interactions with ones self can change the opinions of one's position in life.,You are recording and studying involuntary movements.,,
16220064,To see how people's attitudes change in response to an applied stimulus.,"How people's attitudes change in response to stimulation, and in particular, the nature of the relationship of what is shown to mood.",,
16220065,To see if i could follow simple instuctions,Whats the point of the study,,
16220066,To see how activities affect mood and thinking,The real meaning and purpose behind this study are something we cant think of,,
16220067,facial reactions to evil things,how people's view points of life chnage after seeing cruel things.,,
16220068,To see how instructions change peoples expressions and feelings,I'm not sure,,
16220069,I believe the purpose of this study was to examine perceptions of and emotional responses to mathematical performance and its impact of physical reactions.,It might be how the study was actually investigating the effects of physical responses of performance anxiety and how this relates to emotional reactions.,,
16220070,body movements emotions and life satisfaction,idk,,
16220071,Test tasks on math performance?,Facial expression vs. unsettling images and their influence on mood,,
16220076,movement on mood,mood regarding movement,,
16220078,How we can react facing ourselves on the morrow or screen being watched,You intend tickling us,,
16220079,to see how distress can shift our pattern of thinking and our overall wellness and contentment with our life,Maybe that you are tracking our eye movements to see which of the pictures distress us the most?  I know for me it was the animals and the threat of human life.,,
16220080,how we feel by doing tasks we don't like,"use human expressions to ""adopt"" to. All you used was sad abused dogs",,
16220081,To see if one's mood can be altered through simple tasks.,Details about the purpose of the study,,
16220087,hmhmhmhm b bmhmhmhmb  bmbmmbh,"nknmnmm, m  nmmm,,m mn,m,m,,m m  m,,m",,
16220090,Something to do with how the physical actions affect mood and cognitive effo rt?,"How mood/physical actions are connected?
",,
16220103,i could not tell you,Honestly this was a very vague study for me,,
16220111,No idea,That I was not really recorded,,
16220113,collect face data for some comparation or ai training propuses.,"not sure, maybe that this experiment was based on other things besides the obvius images and math?",,
16220114,To see if our emotions change based on what we see or gestures,Probably that the math problems were only an obstacle and serve zero relevance?,,
16220118,to see my expressions,im not sure,,
16220130,Do see if doing math problems and simple tasks impacted someone's emotions and had an effect on how they feel about themselves.,That there would not be a decrease in compensation if we failed to do the tasks correctly.,,
16220139,To measure feedback on feelings while being exposed to certain imagery.,What is the actual purpose of the study?,,
16220142,"to determine if my personality and attitude affected my ability to perform math problems accurately
",If my movements were being evaluated for consistency,,
16220148,To see if physical actions and what I am shown changed my responses in term of feelings or affected math performance,There's a measurement of how fast I can complete the math equations as well.,,
16220192,To see how poeple reacted to the pictures shown.,That the math problems were not the main reason for the study.,,
16220313,To see how differing pictures and facial reactions can affect your mood and outlook on life.,How the math component can affect how a person thinks in between each round.,,
16220314,seeing how emotional state affects the way you do math,maybe that you werent ever going to show me facial expressions,,
16220316,reactions?,how bad pictures affect how we see ourselves,,
16220321,Don't Know,No Idea.,,
16220322,To see how getting people involved in various activities might affect current mood or life outlook.,Not sure,,
16220324,No clue. Prolly using my reactions for AI training,AI training,,
16220327,NA,NA,,
16220328,I believe it was to see how our physical movements effect our mental processing,"Unsure, maybe these certain tasks are meant to produce anticipated outcomes",,
16220329,how well people follow instructions,the camera was not recording,,
16220335,i dont know,NA,,
16220343,Impact of smiling on emotions,I think the math wasn't important - it was more about smiling,,
16220345,Seeing how people react to required movements?,"It might be about general mental health, given the questions after each section.",,
16220348,to explore the effect of physical movement tasks on people’s math performance,how i feel at the moment,,
16220349,how physical movements change the cognitive ability and how they feel,The human expressions to see if when asked to do something how my micro expressions change and affect the mood,,
16220353,Testing how well we can follow directions,How fast we can follow instructions?,,
16220355,To test how stressful images change your life perception.,Not sure,,
16220356,Emotions.,They way people feel in different occassions.,,
16220359,I have no idea,No idea,,
16220360,I've heard before that smiling can actually make you feel happy. Maybe this study has to do with how different movements and facial expressions affect mood.,Maybe that the study has more to do with mood questions than the math questions.,,
16220367,If multi tasking affected how people feel about themselves and their situation,"Probably, how much the answers vary during each set are monitored",,
16220368,To see how facial expressions such as smiling change our outlook and mood.,I am not sure.,,
16220369,To see how different images project different feelings of well being,That it is a test,,
16220370,To see if I can make a fool of myself for a dollar.,To find out if people get annoyed.,,
16220371,to test my math skills,math,,
16220372,Im not sure,Maybe some response to the images,,
16220374,i'm not sure,I'm not really sure,,
16220375,not really sure. maybe to see how responses change when seeing certain things that are harmful?,not sure,,
16220380,see if people emotions change,not sure,,
16220381,To guage the impact of positive movements (like smiling) with mood and outlook on life,That it was actually focused on how movement can impact mood,,
16220382,I think the purpose was to see how frightening images affect a person's cognitive abilities.,I think that the details have something to do with the disturbing images and the questioning of my emotional state after each task.,,
16220384,To study facial movements during testing,The true purpose of the study,,
16220386,to gauge someones sensitivity,psychological test,,
16220392,I really dont know,have no idea,,
16220396,for ai to lean to pick up suddel facel expresions?,about ai,,
16220399,how we multitask,that..im not sure,,
16220404,How does engaging different pasrts of the brain affect other areas?,not sure,,
16220415,To see facial expressions whilst someone looks at 3 disturbing images. And to gauge how they feel after. I think the rest were decoy tasks,"Refer to my answer to the last question. I think its how images affect mood, facial expressions, and possibly math questions, or the math questions were just decoys.",,
16220421,"Not math testing, maybe pictures or tasks on the way it affects mood",What the recording is for beyond verifiaction,,
16220441,Understand the impact of movement on mood,Whats the study for,,
16220446,no idea,haven't a clue,,
16220466,Seemed like a mental health study,I am not sure,,
16220481,The purposebofmthw study was to test if movement activily affected people thinking,What the main study is about.,,
16220512,To see if seeing certain images impacted a persons mood,That the images were shown with a specific purpose,,
16220532,To see what people look like performing different tasks??,That they looked at us to see if we would react differently to the photos?,,
16220541,see if u could follow instructions,focus and mental switching from thinking to doing,,
16220752,To see how people's mood changed based on the tasks they were asked to perform.,The purpose of this research was to see if people reported lower or higher scores on their mood and life conditions.,,
16221004,NA,im wondering if this study was to see how different tasks change emotions,,
16221118,"How focus, brain activity, and emotions perform when performing different tasks and looking at different images.",How we react while doing different tasks. How it changes our emotions.,,
16222596,"How viewing distressing images impacts emotions, especially depending on what someone does during that, maybe?",That it was less about the movement tasks and math and more the distressing images?,,
16222597,not sure. How do we react to certain stimuli even when we are depressed or anxious?,do not know,,
16222598,not sure at all,i really don't know,,
16222599,The correlation between distress and self analysis of life satisfaction.  It had nothing to do with math,The math was not a factor,,
16222600,To see if focus could be split between physical tasks and mental (math-based) tasks,Maybe training AI,,
16222601,"Whether negative images would cause a change in our emotions. The only one I truly felt was sadness due to the animal images, but sadness wasnt in the list.",I dont know,,
16222602,If actions relating to inner thoughts had any bearing on mathmatical reasoning,If distracted individuals are affacted by stimuli that would either improve or worsen thier mood and outlooks,,
16222604,Seeing how looking at positive impacts influences your self-worth and mood.,I think some details would be about how using math distracts your brain from the previous influence of the pictures possibly.,,
16222605,to view how we react to certain images,"im not sure, but possibly something to do with eye contact",,
16222606,Stagnate human emotions,I'm not sure. Maybe how the world is becoming desensitized.,,
16222607,I am not sure,maybe some people saw positive pictures and some people saw negative ones,,
16222609,"You guys said there would be scary images. So I braced myself everytime, and was pleasantly met with images of kittens and flowers. I don't know, but I tended to be more scared doing the timed exercises.","There is mention of disturbing imagery, yet I see none. Perhaps something to do with that?",,
16222611,Im not fully sure.,"I know this study was described that i would be doing math questions on camera and it ended up being different, as there were questions other than math questions.",,
16222612,Not quite sure,Something to do with touching your head and eye movement?,,
16222613,Seeing how movememnts effect mood,NA,,
16222614,body movements,not sure,,
16222615,To assess if emotional disturbance affects ability to perform simple arithmatic,It might also be intended to assess the impact of seeing negative images or images of crime and abuse on someone's evaluation of the condition of their life.,,
16222616,no idea!,how feelings change when asked to do repetitive things?,,
16222617,Not sure,something about your feelings after seeing upsetting images,,
16222618,to see id movements alters feelings,NA,,
16222621,NA,I have no idea,,
16222623,How unsettling images affect mental state.,I think repeating the 10x3 image task while providing instructions for a different task was on purpose.,,
16222624,I honestly don't know,You're studying intentional manipulation of emotional reactions?,,
16222625,To see if random movements and alarming images would interfere with how somene would solve math problems.,The math problem solving may not be the point of the study.,,
16222627,NA,NA,,
16222628,How to follow instructions.,I don't know,,
16222629,Analyze how your face can detect emotions,I do not know,,
16222630,movement/emotion recognition,facial expressions based on tasks,,
16222631,"Honestly, I am not sure.",This may be something related to emotional triggers.,,
16222632,"To see if people could still preform basic functions after being distracted and how does how they preceive there preformance effect there feelings
",im not sure,,
16222633,the connection between being told to do a physical task and then simple math problems,i'm not sure. to be honest i got a little caught up on having to copy the facial expressions being that it was animals and not human faces,,
16222634,"I am honestly not sure about the purpose, maybe to see if I followed the directions and if the actions affected my mood in anyway.",That those motions had nothing to do with making me faster at math problems.,,
16222635,Gauging people's math performance in the the midst of different emotions.,I truly have no idea,,
16222637,unsure,i cant think of what it might be,,
16222638,to follow directions,not sure,,
16222639,Not sure,I am curious to learn,,
16222640,concentration and opinions of one's self,I don't beleive so,,
16222641,NA,no idea,,
16222642,perceptions,trying to invoke an emotion in the user,,
16222645,I am not sure! How tasks effect doing math problems.,I don't know,,
16222647,I believe the purpose of this study was to assess how one's emotions may affect their decisions.,I'm not sure what those details might be. My guess is details that surround why we were asked to do the physical tasks and what the purpose of that was.,,
16222648,"I'm not sure. Maybe to evaluate our facial movement, and how our facial movement can connect with our emotions and how we feel in the moment.",That our facial movement isn't actually being recorded,,
16222649,To check if we are distracted in solving math problems.,NA,,
16222650,to see how people paid attention,im not sure lol,,
16222651,How well people can follow instructions.,How people react to being told what to do,,
16222652,How activities and images can affect both your mental state and your ability to think through problems,N/A,,
16222654,to determine how disturbing images can affect facial expressions,this is to teach Ai,,
16222657,To see how various tasks of images affect perception of overall life satisfaction,It might not have anything to do with math performance,,
16222658,To see what effect violence and abuse have on people.,I am not sure.,,
16222659,Body Movements,NA,,
16222660,Monitoring eye movement,You were secretly monitoring eye movements.,,
16222661,facial reactions and movement compared to emotions,im not sure,,
16222662,to study body movements and reaction,i cant tell,,
16222663,No clue,I do not know,,
16222664,not sure,not sure,,
16222665,I am  not sure. The tasks were to control emotions and to solve problems while still preoccuiped about disturbing images shown. So probably coping mechanism/ability of people?,I have no idea,,
16222666,facial expressions and mathematics computations,how well people perform math after viewing images,,
16222668,i have no idea,i don't know,,
16222670,emotions,social,,
16222671,To see if making physical actions while being watched improved my mood or worsen it.,I wasn't actually being recorded?,,
16222672,"I'm honestly not sure. I thought multitasking at first, but then the facial expressions with the alarming images makes me feel differently.","What the actual study was about, that the images aren't real, hopefully.",,
16222673,Focus and direction following compared to emotions,Not sure,,
16222674,Facial expressions changing the way we respond to stimulus?,i dont know,,
16222675,I'm not sure but I would guess it could be investigating a link between forcing facial muscles and one's disposition.,I think the math problems were likely distractors and the important data in the study were the questionaires asking about my mood and outlook on life.,,
16222676,I have zero clue at all. Maybe there are other more difficult versions of the task that lean more heavily on multitasking while doing the recording tasks and this is a control to see just how much problem solving skills deteriorate depending on tasks.,That there are multiple versions of this task designed to measure how or if problem solving time and skill decreases while attempting to showcase emotions different from those likely felt.,,
16222678,body movements,reactions,,
16222679,data collection ai training,no idea,,
16222680,I think that maybe it could be testing how affective a person is in completing tasks when they are trying to multi-task and or when they are aware of their feelings so like if someone has issue going on in their life and are working a job where they are constantly multi-tasking how those variables affect the way they work. And or I was also thinking that maybe it is testing how simply putting a smile on your face can affect your overal view of yourself and your life like just the act of smiling can influance  you in a positive way even though the smile isn't associated with anything happy persay the physical act may influance your brain in a positive way,I;m thinking it probably has to do with the physical act of smiling while multi-tasking can actually influace a person in a positive way that isn't necessarily dependent on expernal influances,,
16222681,See if people pay attention,Eye coordination,,
16222682,The purpose of this study was to assess the subject's psychological state after being asked to perform routine movement tasks. I think it's about assessing people's feelings about being told what to do by an authority figure -- a variation on the Milgram experiment.,"The researchers have a face fetish and they enjoy looking at random faces, which is why they earned a Ph.D.",,
16222683,I am not sure,I have no clue,,
16222684,how images impact our mood and self image and focus,the true relevance of all of the instructions or of the math,,
16222685,to see if you're paying attention? or maybe just to see if humans know and can perform basic tasks.,I'm not sure.,,
16222686,Juding how fast you solve math problems after different activities,No idea.,,
16222687,how different tasks affect cognitive ability,why there were questions about quality of life perception,,
16222689,I think the purpose of this study is to learn whether cognitive tasks and questions will affect the accuracy of a person in solving simple math problems.,I think those details might be whether a person's mental health state might affect their ability to complete tasks.,,
16222690,I have no idea other than something to do with psychology,Reactions to instructions might be a big part of it?,,
16222694,to see how doing minimal pysical movemtns and seeing distressing images effects ones executive functioning,I honestly have no idea,,
16222696,not sure,not sure,,
16222700,To determine if doing a certain movement would help with mood,Why you are doing it,,
16222704,I don't know what the true nature of the study was.,I don't know - I can't even begin to guess.,,
16222706,I'm not sure,How facial expressions can effect your mood,,
16222709,determining how seeing depictions of violence or suffering affect task performance and life satisfaction,I don't know,,
16222710,I believe this study was judgng how people react emotionally and mentally to disturbing images.,thatthe images were AI,,
16222714,not sure honestly,measure how people repsond to certain types of instruction.,,
16222715,I believe the study was to better understand how people perceive cute animal pictures by facial expressions.,How natural people's emotions can be.,,
16222717,To see emotional reactions from disturbing images and to determine if seeing the images changed the current emotional state of the viewer,The math was a distraction,,
16222723,understanding how pictures change mood,Maybe that the math was not important,,
16222732,Mental health,"you don't know, either",,
16222735,To see how people responded to the math and other questions following the video-recorded tasks,Maybe it's some sort of hpyothesis about the relationship between the tasks and one's cognition and mood in a given moment.,,
16222736,To see if extreme stress or dissonance physically causes anomolies with simple math.,That the main thing you were studying was the facial expressions being asked to hold vs what a natural facial reaction would be would cause stress and worse math performance.,,
16222740,not sure,not sure,,
16222753,to see if faces change based on images,the reason for making faces,,
16222774,See how facial expressions and feelings change with math,"Really do not know, but curious to know",,
16222786,To see how actions like smiling can change our emotional scores.,That this isn't about math at all.,,
16222788,"To see if you could get me to think of something else, like how I feel and how my life is going, so that I wouldn't pay attention to the math questions.",There are subliminal messages in the images?,,
16223016,How annoying menial tasks impact our current mood after being shown images to illicit a response.,I don't know. How annoyed your test subjects will be willing to get before quitting?,,
16223037,"Studying instruction following or something?
",That the physical and mathematical tasks were not related/did not impact one another.,,
16226749,"a multitasking study, influence by pictures?",subliminal messaging/ something about the pictures shown.,,
16226750,I am not sure.,I don't know.,,
16226751,the speed and or accurary of basic math problems after doing a basic task or being shown upsetting photos.,no idea,,
16226752,Looking for consistancy by repeating the same questions over and over. Do I really feel the way I answered.,No idea,,
16226754,to look at how the camera pics up emotion on ones face as well as what thing influences one emotions from images presented.,An anctaul final study that provide further movemevt direction.,,
16226757,to see if our answers change and if we grow impatient,well to see if we can follow orders. But it was difficult to not smile or show expression with all those cute pictures of cats and dogs,,
16226762,To see facial expressions after completing tasks and answering questions,"I honestly have no clue, amybe i was training AI",,
16226763,to see if changing the expression on your face changes the outlook on the videos you were seeing or doing random tasks distracted your emotion after seeing certain things maybe,that they were gauge maybe if they reactions effected how we viewed what we were seeing like smiling made the thing in the pictures seem better or worse and they knew that would happen or that maybe different people had different faces they has to show when they did the tasks,,
16226765,I believe the purpose of this study is to see how physical images affect mental health and thinking logically.,Possibly that studies have shown the affect of negative situations have impacts on thinking.,,
16226766,"It said to be about math. But maybe it's to train a.i, on movements and human emotion.",That its a.i. training,,
16226767,I really wish I could answer that question intelligently...,I cannot honestly imagine.,,
16226768,The purpose of the study is whether movement can help with math problems and also contribute to overall happiness and satisfaction.,The details might be that my physical movements won't directly affect my composition and that it was just said in order to motivate me to perform the movements.,,
16226769,"To determine how my view or perception of life changes after being exposed to specific negative emotions, and also exposed by them while forcing the opposite reaction.",The math problems are a way to get my mind off the previous exercise and are irrelevant.,,
16226770,To follow directions and to solve math problems and answer questions about my life.,have fun while solving problems,,
16226772,following directions and repetitive feelsing,I dont know,,
16226773,if i smiled at the second set of pictures?,that the math questions were a distraction?,,
16226774,To see if there's a connection bewteen viewing sad or frustrating images with doing an opposing facial expression,why the math problems existed,,
16226776,The study wants to see if Making certain physical body movements changes how well  Your brain solves math problems by  video recording of  my face and researchers are  trying to see my natural involuntary expression and reactions while I look at different images and work on math.,"the main  reason of the physical tasks  i was asked to do i dont see   how they have impacted  the study 
the instructions said  thata there were distressing images   of which i did not see any",,
16226779,I believe the purpose was if I can follow simple tasks and do more than one thing at the same time.,I am not sure!,,
16226780,I don't have an idea,Maybe how well someone follows instructions and how it affects your mood to look at certain pictures and your performance in math?,,
16226782,how effect of physical movement on ppls math performance,how scenarios can stimulate emotions,,
16226783,starting my day off bad?,who knows...,,
16226785,Perceptions about emotions,How the camera tasks related to doing the math problems,,
16226786,I don't know,I do not know,,
16226788,To understand how math can influence a person's emotions when they had prerequisite actions done.,What I just told you,,
16226789,Affect of images/tasks/facial expression on mood.,It is not about multitasking/math.,,
16226792,If smiling puts you in a better mood.,I am not sure.,,
16226793,How comfortable a user felt giving unnatural responses,No idea,,
16226794,NA,NA,,
16226795,to check a person mental status,im not sure,,
16226797,"I believe the purpose of this study was to see if people can solve problems and think clearly when they are presented with gruesome circumstances, and/or when trying to solve when they are emotional.","A lot of the images were hard to look at with a smile, and I was told tro follow insatructions.",,
16226800,"To see how images change people's perspective, having math be a front for the real study.",The math would not be the main part but only a ruse.,,
16226804,To see how much we pay attention to simple tasks in life,To see how we react to the simple tasks,,
16226806,How outside stimuli affects our well-being and ability to do simple math problems,"That different participants were given different pictures, some pleasant and some not pleasant, as well as instructions to smile or frown and see how that affects the answers about our well-being",,
16226807,NA,I am not sure,,
16226808,to see how negative pictures affect your mood,some pictures may be upsetting and you want to see how they affect the mood and thought process,,
16226809,if i actually read instructions,what it is actually about,,
16226811,concentration and mood,monitoring human reactioin to suffering,,
16226813,To see how one reacts to things and the math equations are supposed to reset one to a neutral state I think?,"That there is some correlation between following certain instructions, doing math equations, and one's feelings.",,
16226814,To see how multitasking impacts basic functions,eye movement was tracked,,
16226816,"I believe it was to see how images of happy smiling people changed my emotional  perspective on life in general and to see if my cognitive skills in math were in tune with my emotional perspective. If they were not, I believe the math test although simple would have had mistakes.",Establishing a coeficient between a cognitive skill like simple math and external stimuli.,,
16226819,facial expression,how facial expression changes with different mood,,
16226822,Determined how you feel depending on your physical and mental state,not really sure,,
16226823,To see the effects of multitasking,The exercises may have been used for something else.,,
16226824,"How disturbing images affect mood, logic, emotions is my best guess.","Maybe the math problems are not even the point, rather a distraction.",,
16226825,To maybe see if different tasks had any effect on mood or how we feel about daily life.,Perhaps needing to see how being told what to do changes our mood.,,
16226826,To see how people can multitask.,To see how people can follow directions.,,
16226827,"You got me on this. I didn't feel anything strongly, to be honest, but I think you were trying to stimulate my emotions in the action requests (actively) and the images I viewed (passively), then activate a different part of my brain with math problems, then test how I felt in that moment, to see if my emotional state could be altered through the visual cortex or the part of the brain that handles movement of my body. I think three different parts of my brain were activated here...","Which parts of the brain are being stimulated during this survey (including typing, looking, moving body parts, evaluating my inner emotional state, problem-solving math numbers, identifying symbols (numbers and operations), etc...",,
16226829,to see how easy or hard it is for people to keep focus and solve a mathmatical problem when also engaging in other stimuli..,maybe that this study has nothing to do with math at all??,,
16226831,I think the study is trying to determine if certain images effect our behavior. But I'm not really suer what the study was about.,NA,,
16226832,to see if it would be hard to focus after doing physical task that had nothing to do with math in anyway,Could be to see human reaction to certain images,,
16226833,"Watch facial mannerisms after prompting, and cleansing palate with math",The content of the images was shocking,,
16226836,Assessing whether smiling and looking as positive pictures aids in how we feel about ourselves and our life,"The purpose is not necessarily related to math and our performance, but rather our self-esteem related to our movements.",,
16226837,to see if a persons mood can be temporarily swayed,what the real point of the physical exercises were,,
16226838,"The impact of pleasant images and minor commands on one's self-image, i.e., an utter delusion.",Something beyond my immediate comprehension.,,
16226839,Hm. Perhaps to test natural reactions vs forced/controlled.,NA,,
16226842,see how movements effect poeple,NA,,
16226843,Unknown.,I'm geninuely not certain.,,
16226844,Perhaps how body movement impacts mood,I'm assuming there are additional details in regards to the purpose of the study.,,
16226845,Effect of body movements on math competency,Perhaps how mood impacts math abilities,,
16226846,probably AI training and if respondents follow instructions,i cannot guess,,
16226848,"how images affect your mood. loved the puppies, kittens & flowers :)",something to do with the affect on us of controlling our facial features v. not?,,
16226852,not sure,not sure,,
16226853,Study body movements in relation to math problems.,I have no idea.,,
16226856,NA,I am not sure.,,
16226857,no idea,i dont know,,
16226860,"Based off of photos shown, what your natural change in emotions were.",NA,,
16226862,to see if images adjusted my outlook on life,That what you are surrounded by can affect your outlook.,,
16226863,to see if you could follow directions,not sure,,
16226866,"Probably 2 folds, see if weird activities and photos shown can change your mood and how you're feeling, and if it would affect your ability to solve simple math problems.","I'm sure there are, most studies do not disclose all of the details and purpose of a study to the people participating, that is to keep the study as honest as possible. So complete honesty I am uncertain of the purpose beyond what I read and completed, and to try and guess I don't think would provide good results. Because if I've learned anything about studies, it's most of the time it's not anything you've thought of.",,
16226868,If doing random tasks while solving equations was distracting or affected my mood.,That the actions didn't have anything to do with the purpose of the study,,
16226869,How distractions might alter answers about one's state of mind,No idea :P,,
16226870,psycology,not sure,,
16226872,to see if AI can pick up on what im doing on the camera,that AI is involved,,
16226876,I literally have no idea,if we are consistent with how we see our lives?,,
16226877,To see how i was going to respond to the violence and mistreatment of animals,Not sure,,
16226878,To determine whether or not forcefully smiling will make people feel happier.,To see if making someone smile on purpose and letting them naturally have facial expressions will change someone's mood or outlook on their life.,,
16226879,Absolutely no idea.,I have no idea.,,
16226880,To see how pictures can affect one's feelings and attitudes towards themselves.,I can't even imagine.,,
16226882,NA,i do not really know,,
16226885,To analyze how distractions impact how people multi-task?,I'm not sure; maybe that each subject was told a different physical task or that there were a range of how hard the math problems were?,,
16226886,Reactions to bad images,Not sure,,
16226887,no idea,no idea,,
16226889,Any difference of feeling during movement followed by math questions.,To see if people can follow instructions without being given all the reasons why certain instructions are to be followed.,,
16226890,I think it was testing if the answers change after doing math problems.,Maybe there are barely percievable differences in how male and female perform this study.,,
16226891,See how certain tasks can change the mood or setting for someone.,not sure,,
16226894,To judge how different images and excersizes affect our cognitiive thinking.,Cognitive patterns.,,
16226896,I believe that I really could not figure out the purpose of the survey.,That it might have something to do with feelings and movements you have at the same time.,,
16226901,to see reactions of disturbing images,i really have no idea,,
16226902,I thought it was to deterime if pyshical(the tasks) or emotional thought processes had an influence on the part of the brain required to do math. But i kinda think the physical task was to lower your emotional guard so responces to the questions about your life would be come more honest depending on the extertion of the previous task.,"I could not guess, however it would be very interested to find out.",,
16226910,It was to test my attention span.,I think those details may be about the math.,,
16226911,Not really sure.,"Maybe how we get annoyed when we are ""forced"" to smile looking at bad situations.",,
16226915,I have no idea maybe the way we move when we are thinking,Maybe our body movements when we are uncomfortable,,
16226937,To see how we feel after performing easy/random tasks,I have no clue,,
16226979,To measure the emotional configuration of survey takers. By using graphic pictures that effect ones emotions you can see how they are wired when viewing images with a neutral or expression with a smile.,I think scientific researchers can see what is in our unconscious by using these pictures that effect us viscerally and how it relates to use cogitationally when doing math in between the visual stimuli,,
16227034,people math performance,investigator,,
16227217,to remember assigned body movements and do math?,to see if we read directions?,,
16229612,explore effects of physical movement on math equations,"that this is training AI, or something like that :/",,
16229613,I am not sure,I am not sure,,
16229614,Tracking emotional change caused by movement tasks,The math questions were irrelevant,,
16229615,I honestly have no idea,"This study had little to do with the easy math questions, I imagine. It was about my reaction to the images?",,
16229616,How physical tasks and triggering emotions impact the brain of the particpant while solving easy math problems.,Use of eye movement,,
16229617,I do not know what the purpose of this study was.,Well I think it might have to do with the recorded parts showing animals rather than people.,,
16229618,Study body movements and math ability,not sure,,
16229619,"not sure, math problems and eye movements",what the actual purpose is,,
16229621,To see facial expressions when someone is having different emotions.,IDK,,
16229622,to see if nice images can affect how we feel about our overall living,i dont know ?,,
16229623,Is to see the extent of a persons emotions through certain activities even of they feel a different way.,Something to do with the math equations but I don't know what is the deal with it.,,
16229624,to see if am attentive,i am not sure but i can say safety,,
16229625,to irritate the subject and see if it affects their cognitive ability,maybe your trying to see how people with varying levels of neuroticism respond to stmuli,,
16229626,To see if forced tasks affected perception,Perhaps why the rating scales,,
16229627,Testing peoples reaction times? I'm not sure,I'm not sure.,,
16229628,Maybe it was to see how we would react to the images,"I'm not sure, maybe there was a trick question",,
16229629,to study how controlling facial expression in response to different visual stimuli affect emotions afterwards,something about putting on a brave face,,
16229630,would action change current mood?,Where do you put your focus?,,
16229631,I am honestly not sure! It might have been testing if the physical tasks and images improved participant mood.,I still don't know!,,
16229632,See if my mood changed.,Not sure.,,
16229634,To see if images could change your mood.,Seeing how mood is affected and can be changed quickly.,,
16229635,How doing certain facial expressions or movements contributed to the way someone feels internally.,I think the math had nothing to do with this study and it was more of a psychological study. I also think the camera was not actually recording the movements.,,
16229636,to study facial expressions maybe,that you guuys were doing facial recognition tests,,
16229638,I'm not sure.,Details about what's the purpose of the study.,,
16229639,to see how smiling and see images impacted my satisfaction and general internal well being,how our brains can change emotional state with sublte cues,,
16229641,this study was simply about the degree individuals are able to follow instructions.,To examine individual behavior!,,
16229643,to tests someone concentration,not sure,,
16229644,Not sure.,I am not sure.,,
16229648,To see the effect that emotions have on mental performance.,Not sure.,,
16229650,Concentration on the mental and emotional state due to imagery,I honestly have no clue,,
16229651,seeing if facial expressions or other movements affected your mood and your ability to think,"Maybe you completely misled us and the study is about something else, like look what people will do for a few bucks?",,
16229652,not sure,not sure,,
16229654,See how physical activity and math solving interact,No idea,,
16229655,facial reaction to some what disburbing images.,No clue.,,
16229656,see how people feel being made to do things compared to lookong at cute photos,NA,,
16229658,Something maybe psychological but obviously to do with math and emotions to see maybe how your decision making or thinking is possibly altered or not altered,Honestly I'm not really sure but maybe that there's secret reward for correct answers or maybe that I was specifically screened because of other screeners in the perfect app or that where other people involved in the study at the same time being compared to me that I'm not aware of,,
16229660,The stated purpose was to study the effect of physical activities on doing math problems.,You were observing changes in expression while viewing pictures.,,
16229661,i prefer not to,i prefer not to,,
16229663,How pictures form emotions,Not sure,,
16229664,to test if certain images or facial expressions can affect mood and math solving ability,whats really being studied,,
16229666,NA,How physical movement affects emotion,,
16229670,To see if someone changes their emotions and opinions on life after seeing different events in the world.,Maybe the missing details are that you can calm your mind by thinking of good things.,,
16229671,I think the study wanted to see if more phsycial tasks would change the speed that we were able to asnwer the math questions,Perhaps the math wasn't important at all and the real focus was our answers to the feeling questions,,
16229672,To see if certain actions cause different answers to questions based on the mood that said actions produced,Maybe something to do with ai? I feel like every study on this site is related to ai in some way,,
16229782,Judging if miming other humans showing a certain emotion affects our emotional state.,"I'm not sure. That this study focuses mostly on the psychology/emotional state, and not the math at all, really?",,
16229792,"Studying our body movements, ability to solve simple math problems, and ability to follow directions",Why we were asked to blink and hit our finger on our nose,,
16229828,Understanding non-verbal reactions to distressing images,I'm not sure,,
16229981,"no idea, but those images were disturbing",i don't know,,
16230045,to torture me with pictures of abused dogs,NA,,
16230234,How one body language cahnge after solving maths problems,No idea.,,
16230235,The purpose of the study may be to gauge how physical activity affects mathematical performance and speed.,They may pertain to why these specific camera movements were chosen.,,
16230236,Im not sure,I really couldn't say,,
16230237,"to see if looking at nice pictures, holding positive facial expressions, or doing something to be more present changed how we felt about life.",what the purpose of each physical movement tasks were.,,
16230238,State of mind or emotions after an event.,If smiling improves your mood?,,
16230239,To test how multitasking affects mood and performance,No idea,,
16230240,how good can i multitask,i dont know,,
16230241,to see how well people follow directions,not sure to be honest,,
16230242,I truly don't know the possible correlation of the tasks & math problems.,NA,,
16230243,To determine the link between asked to do something and emotions,how feelings and emotions played a part in the study,,
16230244,Mood booster affect people's ability to solve quick math,The very basic addition had nothing to do with the study,,
16230246,not sure,not sure,,
16230247,eye tracking,I don't know,,
16230248,To see body movement and math abilities and related emotions,Why that the study is about?,,
16230249,to test my math,to evaluate equations,,
16230250,I have no idea,I have no idea,,
16230251,To get me and others to do different things to see our natural emotions after.,Not sure entirely but maybe it is testing emotions.,,
16230252,Something related to face expressions and body movement?,Expressions and triggers,,
16230253,To determine the effect of distressing images on someone's mood and their ability to complete tasks.,I am not sure.,,
16230254,To see how people racted to poor animals?,IDK.,,
16230256,"at first I thought it was about the impact on particular movements on math ability, but as the study continued, I suspected it to actually be about determining  the impact of particular movements and photos on emotions anbd attitudes towards life","that it was more to study the impact on the affect of particular movements and photos on one's emotions and attitudes towards life. Although with these 2 recent questions, maybe it is actually about determining how likely people are to guess the ""real purpose"" of experiments if the initial purpose is stated to be otherwise",,
16230257,I believe the purpose was to study one's facial expressions in reaction to shocking scenarios.,I believe the exercises were done to prevent Deepfakes.,,
16230258,"The effect about self perception after seeing disturbing images, and also how the focus changes",The study is about mental health,,
16230259,I think it may have to to with some sort of pavlov effect.,This study is being used to train ai bots how to respond to stimuli like humans do.,,
16230260,I dont really know. To see if doing an activity changes how one feels? I recently just got out of a toxic relationship so no matter what do I still feel horrible. My answers didn't really change cause I have been depressed lately...,Im really not sure Im sorry,,
16230261,Facial expressions affecting overall mood,AI information?,,
16230262,how one follows orders,to see if we obey,,
16230263,NA,attention,,
16230264,I have no idea honestly.,I cannot say.,,
16230265,See if pictures change your mood,To tell mood not math,,
16230266,I believe the purpose was evaluating how a combination of physical movements and emotional states affects one's ability to accurately solve simple math problems.,I think those details will have something to do with the study attempting to manipulate the participant's emotional state through images and facial expressions.,,
16230267,I have no idea. Change of emotion when given a simple command.,I have no clue.,,
16230268,How people's feelings change when doing certain body movements,The math problems didn't really matter,,
16230269,i am unsure!  understanding better how being less fully focused or present on what's in front of you can affect your current emotional state?,hopefully that those awful photos are not real,,
16230270,To perform people  experiences and thoughts,Maybe people how you  you can focus more and everything,,
16230272,To see a persons facial expressions after performing math problems.,I do not know.,,
16230273,Not sure,Not sure,,
16230274,"I think the purpose of this study was to see if any of the tasks made me slip up in my math skills. I'm not sure though, the tasks felt pretty random.",Maybe that the study was trying to confuse the participant with random out of left field physical tasks and imagery.,,
16230275,NA,NA,,
16230276,"to see how different stimuli (mood enhancing pictures, physical tasks) affect the speed at answering math problems",maybe that that math problems weren't the important part of the study?,,
16230277,I really don't have a clue,I am not sure,,
16230278,I cannot tell. It was interesting. How distressing images linger and the effect of that lingering,That you didn't record it.,,
16230279,"The Effect of Physical Movement Tasks on People's Math Performance. Also to analyse human expression may be when you see robbery, burglary or cruelty to animals.",I have made some comments before. But the head touching and blinking and the noe tipping tasks were to gauge attentiveness. The image tasks were to analyse or study human expression or emotions in times when they see disturbing images and how long is it possible to put a straight face when they see things wrong.,,
16230285,to see if people read directions?,unsure,,
16230289,impact of emotions while forcing facial images,Not sure,,
16230293,no clue,To determine how feelings change over time,,
16230314,I'm not sure,I don't know,,
16230349,Really not sure,Something to do with the repeated questions,,
16230433,to understand how emotional distress impacts cognitive ability,relating to the distressing images shown for 2 out of 4 physical tasks,,
16232196,I am beliving it has some reaserch potential for psychology.,Reactions to the pictures?,,
16232200,not sure!,"something about the source of the images, perhaps",,
16232201,To test following directions,None,,
16232205,no clue,I dont know. there was alot of repetition,,
16232212,I have no idea,the physical tasks were for something else.,,
16232214,to see how certian phsical movements affect ones ablity to think and do math problems.,that how these diffrent patterns effect you brain when making complex decsions.,,
16232215,Facial recognition for AI.,No idea.,,
16232219,The effect of violent images on mood and math performance.,Deception was used in the experiment and the study is not about what the experimenters described.,,
16232220,attention span,i am not sure,,
16232221,To determine how images effect mood,That this is trying to measure mood.,,
16232224,To explore the effect of physical movement when faced with a challenge that involves stillness,"i can't say, tell me",,
16232230,Showcase skills of cognition alongside emotionality,I am not sure,,
16232231,if facial expression changes emotions,I don't know.,,
16232232,reaction between emotions and tasks,not sure,,
16232233,To see how I followed instructions after completing mathematical problems,I am not sure,,
16232238,to evaluate facial expression,no clue,,
16232240,to see how people concerntrate,not sure,,
16232241,not sure ... eye movement / attention,not sure,,
16232243,Human Psychology,The actual purpose in full details.,,
16232246,Monitor how different situations may alter your emotions or math functionality.,Not sure,,
16232247,Despite the multitasking purpose stated at the beginning I feel this may have had something to do with AI verification do to the strangely specific arbitrary physical tasks,It is related to AI,,
16232248,I was just wondering that. For this one i know it had something to do with multitasking and I am guessing mood,"I honestly do not know, but am looking forward to reading about them on the next page",,
16232250,No clue!,Measuring how tasks and images impact mental health.,,
16232252,To understand how people's actions when provided instructions affect their academic performance.,The full extent and purpose of the study.,,
16232254,i dont know,math and listening to instructions,,
16232255,This is a hard one. The math was too easy to be really what you were testing. My guess is it had something to do with measuring how much certain people display their feelings on their face based on disgust.,Pretty much what I said in previous textbox. It had nothing to do with math and something to do with disgust.,,
16232258,my perception in life and how likely I will change my responses,people's perception and how their personality might change due to external factors,,
16232260,Was it to prove physical activity and completing basic math problems eases lackluster feelings about life?,"I do not know, but I want to know.",,
16232261,To see how movements and images shape our cognition and emotion,i have no idea,,
16232262,To see how different stimuli can change your mood and performance.,That we were not recorded.,,
16232263,Regulation of emotions,I am not really sure. But could it have something to do with the interaction between the left side and the right side of my brain?,,
16232265,to see the effect of physical movement on math problems,"do different movements or forced facial expressions change how you feel about life, or your current mental state",,
16232266,how body movement effects emotions and cognition,assesing peoples emotional well being?,,
16232268,To show images and do task that could change moods of people taking these tests.,Mood changes.,,
16232269,"i am not entirely sure, I was actually trying to figure that ou during the study. Maybe to just make sure I am human.",What the actual purpose is,,
16232271,to see how eople moce while doing math concentration,not sure,,
16232272,To see if ones mood could be changed through silly repetitive behaviours.,I’m not sure. Is the revelation of why I had to complete the movement exercises,,
16232276,"To train AI? Or to test how well people can switch to a new task, such as answering math problems.","I'm really not sure, I can't think of anything",,
16232277,"I am honestly not sure, but maybe its to see what effect pleasent pictures have on ones mood and ability to perform math functions.","no ideo, but I am interested.",,
16232279,I really have no idea.,I really don't have a clue.,,
16232284,Emotion related to brain cognition,How emotions relate to math,,
16232286,attention to detail,mathematical skills,,
16232287,"See if people actually follow directions. Also, does movement help with the speed of answering math questions and does movement help improve feelings of satisfaction.",See if movement helps improve feelings of satisfaction.,,
16232289,it is the effect of physical movement of the body and people’s math performance.,the image to the body movement part.,,
16232290,to see if being subjected to pictures of certain things changed or affected your ability to thing about something that required thought immediately agter,im not sure,,
16232293,"I'm actually not sure, the maths were easy as well as the tasks...",Are yuo checking if people follow prompts just for the sake of the study,,
16232295,To see if you could smile through some distressing images (particularly the dogs) and how that would change your mood after seeing them.,I'm honestly not sure. Perhaps the link between the math and the body movements? Maybe the sense of accomplishment came from the math?,,
16232298,seeing if pleasent images help moods?,seeing if answers change after images,,
16232299,how people differently react to different visuals and their descisions after what they see.,maybe how can visuals affect the brain can do math!,,
16232300,I have no idea,No clue,,
16232306,The effects of unpleasant stimuli on the human mind when computing arithmetic.,How much our amygdala can affect arithmetic thinking.,,
16232309,no clue,i don't know,,
16232312,To see if physical activity corelates with better mental health.,Why I need to do these exact actions for these tasks for your testing.,,
16232313,"the physical movements required very litte effort, mentally or physically, and the math problems were simple. Perhaps the speed of completing the problems was being compared to a standard?",you distracted me with the movements and math while you accessed my computer files?,,
16232314,I wonder if the nature of the task (smiling and seeing cute pictures of kittens vs. a repetitive physical task that was hard to do while clicking a mouse) affected mood/outlook?,"Hm, something about analyzing what the camera was looking for?",,
16232315,i have no idea.,i don't know,,
16232316,To see how certain tasks affected emotions.,not sure,,
16232317,I believe the purpose was to see if facial expression can override outside stimulus.,That is an interesting question. I'm not sure what the purpose that you have not told about is.,,
16232318,I'm not sure.,I'm not sure.,,
16232319,i have no idea very hard to understand but i guess for some type of research on our reactions to horrible things to look at.,Not sure.,,
16232322,I don't know,I don't know,,
16232323,To understand the effect of physical movement tasks on math performance.,I have no idea.,,
16232328,emotions,not sure,,
16232332,To see if some of the photos were disturbing and maybe to see how easily people get annoyed while multitasking?,Maybe the directions did not match the photos exactly to see how annoyed or irritating that might be on purpose?,,
16232333,To study human alertness and reaction to life situation,Mood change related to physical movement,,
16232337,not sure,also not sure,,
16232339,To train AI with facial expressions and movements,That my images will be used to train AI,,
16232341,Getting videos of people,You will use the videos for another purpose,,
16232343,I'm not sure.,NA,,
16232346,The purpose of this study is to track physical movements then solve math problems.,I think to test our performance and behavior.,,
16232347,I really don't know maybe directions,that there was no physical directions,,
16232348,"If a change in mood and concentration on a task changes the performance in another task... but the math problems were too easy. So, it could be aimed at testing 'honesty', in responding to the questions, since you do not have to rememer your answers if they are true.",I am not sure.,,
16232355,Reactions in solving math,NA,,
16232358,i don't know,it feels like what i was initially told was the purpose of the survey was not the truth.,,
16232360,"To see if pictures effect your face, and if motion makes you think differently","That this study is for many things such as expressions, math, and following directions",,
16232361,To determine how physical movements affect 0ur moods?,about the relation of physical movements and our mood,,
16232365,To see if smiling would make a person feel happier - or AI training?,Maybe eye tracking and seeing which images we were looking at.,,
16232370,no idea,probably something improtant regarding the study,,
16232371,NA,NA,,
16232373,"If the purpose is not to original one described to me at the beginning, then I beleive the purpose was to measure the impact of the cute photos to my thoughts about my life.",I think the purpose of the survey had more to do with the photos and the impact seeing cute and sweet animals / flowers have on my thoughts on my own life.,,
16232376,I have no clue,I am not sure,,
16232383,do you see if my thoughts about myself and life changed after smiling,that people tend to rate higher satisfaction after smiling?,,
16232384,How things can make us happy or annoyed,Maybe you wanted to see natural facial expressions would change? EG at first I had a forced smile but maybe it became more natural over time?,,
16232391,"I think the purpose of this study may have been to see how you react to different sets of annoying and sad images as well as some aggrivating ones. Three image pairs being the illegally parked, the robber, and a sad image of abused animals. You had to smile throughout, which admittedly was a challenge. The math however, I'm not real sure what that was supposed to entail. Perhaps it was supposed to become a bit harder after viewing the images and completing the physical tasks, but I'm not sure.",I'm not real sure. Probably something to do with why the math was used and you also left out there would be some unsettling images of abused animals.,,
16232396,Odd tasks changing choices,Something related to the tasks and decisions,,
16232398,Not really sure,I don't know,,
16232402,To see if people could remain focused for each part,The physical part meant nothing,,
16232405,to test peoples math abilities with numbers and cordination.,i cant really think of any details that come to mind.,,
16232407,It is measuring how people feel after seeing distressing images while performing different facial expressions (both forced and natural).,Not sure what the math problems were for.,,
16232415,Natural responses to stimuli,Not sure,,
16232427,NA,NA,,
16232477,The purpose was to assess if people can multitask and solve math problems.,What this study is truly measuring.,,
16232509,TO TEST REACTIONS TO DISTURBING IMAGES,GAUGE RESPONSES TO DISTURBING IMAGES,,
16232549,See how our physical tasks affect our emotions and how we feel about ourselves,The only thing I can think of is the math part is probably irrelevant to the actual study taking place.,,
16232652,maybe to see how well people follow instructions based on their emotional state,"maybe the reson for the physical movements, they were very minor so just curious what they could be measuring",,
16232759,I have no idea. The facial expression sections did not make sense to me.,Different testers are provided different images,,
16232765,to solve math problems,im not sure,,
16232791,Measuring the impact of faking emotion,What the actual purpose was,,
16233441,Not sure,I'm not quite certain.,,
16233443,math and body movements andhow they correlate,How your body moves in seconds and how math incorporates your brain to thinking and adding movements!,,
16233444,I think this study was following facial expressions and eye movement during the parts where pictures were shown.  Followed by how it effects decision making and collecting that data,facial expresssions/psycology/cause&effect on decision making,,
16233447,See how my judgments change after being exposed to disturbing images,No idea,,
16233448,im not sure to study what people feel,the reasoning,,
16233450,"Sorry, not really sure?","Again, not sure?",,
16233451,NA,NA,,
16233453,To gage the emotions and found in humans after viewing simple images and performaing simple math equations.,I honestly have no idea!,,
16233455,to see if our emotions would change based on tasks and picture shown,you were trying to make us think differently than how we actually feel,,
16233456,?,"Do positive, cute images change someone's perspective?",,
16233457,to see if our feelings changed after seeing back videos,that we were manipulated and lied to,,
16233459,to study how movements  influence emotion,I don't know,,
16233460,Whether genuine movement/emotion changes speed of completing math problems?,Maybe you're measuring something else like eye movements,,
16233464,Ability to follow instructions.,Reactions to unsetting images?,,
16233465,i'm not actually sure. something about happiness and facial expressions and movement.,what the real purpose of the study was.,,
16233466,no idea,no idea,,
16233467,unsure,what the study is about,,
16233468,"To see how peole react to bad images
",NO,,
16233469,I am not sure.,I am not sure,,
16233470,to see if the pictures have anything to do with mood,pictures may make you think differently,,
16233472,testing if we reacted to the pictures when we were supposed to keep a smile,that what you were testing was reactions,,
16233473,"to measure how small things can trigger ones emotions and what they think about their life overall. Do they feel like life is moving the way they wanted, would they cahnge anything if given a chance and the videos where to test if there is an actual person completing the study and how they were triggered by the requests like tapping nose for 5 seconds.",The goal was to explore physical movement on people's math performance. i think study is not detailed yet,,
16233474,No clue,I don't know,,
16233475,To determine the affects of facial expressions on people's outlook on life.,This study wasn't about how physical activity affects math performance.,,
16233476,"To determine if negative images effect my feelings on life?
","not sure
",,
16233477,To see if repeated exposure to umpleasnat images or seemingly random motor movements would impact mood or life satisfaction.,The images were AI generated.,,
16233478,see if people can complete the math problems if they're sad,how emotions change results in math,,
16233480,To understand the face expressions of human when see an image or photos of anything.,N/A,,
16233482,state of mind vs mathematical computation,emotions have a large influence on our ability to function well,,
16233486,Not sure,I have no idea.,,
16233489,NA,NA,,
16233491,math and physical exercise correlation,how would I know? what a stupid question,,
16233492,I think the purpose of this study was seeing how our emotions react to certain images.,I'm not sure,,
16233494,Possibly AI training,"That my motions, which involved placing my hand around my head, is to train AI, which is notoriously bad at hands in front of faces",,
16233498,To see if people feel emotional in different capacities performing tasks.,This is a psychological study?,,
16233501,"I'm not sure. Possibly how long it takes us after asking questions of hopelessness and the quality of our lives, how long it takes to pull ourselves out of that?",Possibly that the questions you asked us about our lives and feelings have a much deeper purpose than previously described.,,
16233502,The images/actions impact on our wellbeing,What the role of the math problems is,,
16233503,To see what people felt when looking at animals.,Figuring out how different people react emotionally to cats and dogs.,,
16233504,to see if you could follow the directions and then still concentrate after to do the math.,I don't know.,,
16233505,To see if showing forced happy faces made us feel more positive about ourselves vs if we're just sitting here or doing a random face task,"That it was measuring happiness/self worth, and had nothing to do with the math, those were just fillers",,
16233506,trying to tie physical activity to math performance when also including the emotional element.,not sure,,
16233507,NA,NA,,
16233508,To see how forcing our expressions or thoughts in a positive or negative way has an effect on emotional wellbeing.,The fact that it is not about math performance and instead about psychological and emotional evaluation.,,
16233509,based on my facial expressions it shows how i feel at the moment and maybe in life.,based on facial expression you can tell how a person feels,,
16233513,I honestly don't know.,Something to do with how faking emotions makes us feel?,,
16233514,"To see if we could multitask and stay on the task of doing math. Not sure, tbh",Something about multitasking and staying on task and in tune,,
16233515,"peoples emtional state after seeing stressful things and if they feel better naturally expressing emotion or pretending to be happy, and how it changes their outlook on the world, themselves and their life.","that math had little to do with it, maybe math is a slight stressor for some people but i think people enjoy doing simple routines that make them feel accomplished like tapping their nose, i think the study is really about how images can shape our mood and outlook",,
16233516,what sites help people to feel more positive about themselves,i am not sure,,
16233517,Impact of actions and images on ability to focus.,That we were not really being recorded.,,
16233518,See the effects of using certain brain functions in combination with emotion?,To see the effects of how emotions change. I noticed that I became more relaxed after the study progressed!,,
16233519,To test how much our emotional responses changed based on the physical activity,It was about something completely unrelated to what we may think,,
16233520,To track facial movements in response to negative images,I dont have a clue honestly,,
16233522,To see psychological behaviors of facial expressions when seeing certain images.,"The reason for the math questions, and also why the same questions were asked about how I felt.",,
16233524,I believe the purpose of this study is to examine facial reactions.,I am not sure.... maybe that this had to do with AI facial recognition?,,
16233525,"I'm not sure, but the animal abuse photos were traumatic",not sure,,
16233527,I really have no idea.,"Again, I have no idea.",,
16233529,It was to see if images/mood improved how fast i can do math equations,Not quite sure perhaps maybe what the actual purpose of the study is used for perhaps a system to track moods,,
16233534,How to follow directions and perform basic math skills.,How images effect your thinking and rationalaztion.,,
16233535,To track eye movements.,Some of the pictures were real.,,
16233536,Maybe to see if people could follow instructions or how fast they were at math after doing another task,I honestly am not sure. I am curious to know though,,
16233537,I am not sure. To see if im a psychopath? I wasn't sure what facial expressions were shown.,Who knows. Im not a psychologist and have no schooling or experience in research,,
16233540,No clue,No clue,,
16233542,to test focus,it has nothing to do with how distractions can affect math skills,,
16233543,I am not sure. Following instructions?,i have no idea,,
16233544,burn grant money,"whatever it is, i dont care",,
16233552,I believe the purpose of this study was to observe how we feel after viewing those images and how it impacts out mental and physical state,I feel that you wanted to observe out mental state and if the different exercise makes us feel better or worse through each task. Those images were awful and very hard to keep smiling when viewing so I feel that observation would tell alot,,
16233553,no idea,i try not to judge,,
16233554,To tests how physical activities affect math computation,Impact on my feelings about life after different tasks,,
16233555,I really don't know. Maybe to see what pictures emote different feelings and emotons after seeing them?,I have no clue.,,
16233558,determine effects of simple tasks on feelings,the tasks were chosen based on previous performance,,
16233561,I think it was to determine how certain imagery impacted a persons mood,perhaps you were tracking my facial expressions duirng the comprehension portion - like how I reacted to reading the instructions vs actually performing the task.,,
16233562,n/a,NA,,
16233563,to see if peoples mood changes after doing certain things,i'm really not sure,,
16233566,perhaps if viewing unsettling images would change my current state of feeling.,most people view their life as not ideal but then being exposed to sad or negative photos may make them appreciate their own life a bit more,,
16233569,To see if the physical tasks were distractions for the math questions.,I think that maybe there was some hidden messages in the instructions for physical tasks that may get missed and the purpose of this study was to make sure they were read carefully.,,
16233571,Mood vs math?,"I'm not sure, but I feel like it was mood related, not physical movement/math.",,
16233572,to see how viewing different images could control how you feel,the reason for the study or proposed hypothesis,,
16233574,I am genuinely not sure,it will probably be a debriefing about the study,,
16233577,facial expression when seeing bad or evil stuff,not sure maybe something to do with the physical tasks,,
16233578,See if the movements and feelings have any effects on simple math computation,Length of time in solving the problems,,
16233579,Test how movement and viewing difficult images affects cognition.,Relation to movements and the images shown.,,
16233581,Seeing if the participant follows directions.,Not sure.,,
16233582,Sorry I meant to input this in the first box - my wife was calling me to help her with the baby. She did not know I was in a prolific survey that required camera and microphone access. I do sincerely apologize.,"No idea, there might be some kind of psychology between showing distressing photos and ones outlook on life.",,
16233585,Movements while using critical thinking or intellectual exercises plus physical movement.,"Secretive study details, possibly facial recognition and nothing else dealing with math.",,
16233586,Testing how people react to different tasks and how it affects their mood,Maybe seeing how we react to certain tasks/instructions,,
16233587,to see if emotions hurt your reasoning skills,i d k,,
16233588,I really don't know,to see if I followed instructions,,
16233589,To study how certain instances before seeing a math problem can affect performance and feelings regarding math,I have no clue.  Is it about math anxiety?,,
16233595,I am unsure what the purpose is,NA,,
16233618,Not sure,Why you're doign it,,
16233626,Study how images make people feel.,What the research is used for!,,
16233634,To gauge the ability to complete simple math problems after being shown a picture or after doing an unrelated activity.,People that see positive images and do less strenuous tasks perform better than people who see negative images and more strenuous tasks.,,
16233636,See how people deal with annoyances? or aggrevation and how it effects performance.,Im not sure,,
16233642,No idea,I don't know.,,
16233646,not about math...perceptionofmylife maybe after easy/confusing tasks...kind of like life easy or confusing,not math...haha,,
16233666,unsure,unsure,,
16234036,How good participants can multi-task.,What this study is actually going to be studied for.,,
16234038,I have no clue.,I have no idea.,,
16246310,To see if physical activity impacts ability to solve math problems,Not sure!,,
16246311,I am not sure but the puppies and kitties made me smile.,I am not sure.,,
16246312,I actually have no clue,Not sure. Maybe this study is trying to understand the connection between certain bidy movements and cognition,,
16246319,mood change/facial expression change after watching cute photos ....,"AI training?
",,
16246320,Smiling at images vs not smiling and feelings of depression and life satisfaction.,That it's not about math at all.,,
16246322,"Honestly, no idea. Some sort of calibration of facial cues during tasks/surveys.",It's not about math?,,
16246324,"I won't lie I have no idea. Usually I at least have a guess, but with this one I'm not sure",Maybe that audio was recorded in between physical activities? That's my only guess,,
16246326,multitasking as described and its effects on math problem solving - or th effects of images on mood,movemnets and images effect on mood.,,
16246328,to see if my expressions would change seeing bad things,desensitization,,
16246330,test people's reactions/emotions,unsure,,
16246332,The purpose of the study was to evaluate individal perceptions and emotions after viewing images while completing multiple tasks.  I would say are there changes in feelings and emotions after viewing positive images.,"Details of the study that had not been disclosed might be how reactions to the images overalll might change how you view your mood after seeing the images.  Unfortunately, I believe that PTSD has set in becaue of the current socioeconomic climate we are experiencing as a collective on a macro scale.  I personnally have recently experienced direct consequenses of having a dictator and pedophile as a president.",,
16246333,I thought it was perhaps AI training then again I assumed it was wonder how we pay attention when we are given other tasks to do and do images effect how we feel about ourselves.,"I'm not quite sure, maybe how we see ourselves or selfesteem.",,
16246334,to see if people follow directions,it is a general study,,
16246336,To see the impact of multitasking,Not sure,,
16246337,Perhaps to see how our emotions may change viewing different pictures while stimulating our minds.,To be honest I'm not sure.  Maybe to judge how we feel emotionally.,,
16246339,To see how your body movement correlate to math problems.,I am not sure.,,
16246340,To see if emotions naturally changed as a reaction to violent images and if it caused a delay in answering math problems.,"Maybe that I'm supposed to feel worse after everything I saw and should have at least a little delay in answering problems. However, since I didn't do any math at the very beginning, I'm not sure how to show how quickly I would normally do a math problem.",,
16246344,Unkown,Unknown,,
16246345,"To discover the connection betweem body movement, visual cues and mood","What you do can influence how you feel more than what you see. You're trying to determine if that's true, and if so, which movements or thoughts have the strongest effect",,
16246347,To know how people react to maths,NA,,
16246348,?,?,,
16246349,not sure,unsure,,
16246351,i have no idea to be honest.,testing basic skills,,
16246352,not sure,not sure,,
16246353,"Absolutely no idea what this study is testing, but there's no way it has anything to do with having to add or substract numbers correctly.",Still curious to find out since I have no idea. I really do not have any idea.,,
16246354,I am not sure.,Brain stimulation I am not sure.,,
16246355,"can people follow the instructions even when they see something is wrong,",may be about hand eye coordination and its not definitely about math,,
16246357,To see if your mood or percetions on life after viewing sad/disturbing things.,I'm not sure,,
16246359,I have no clue.,I do not have any idea.,,
16246360,Do see how physical or mental stress can affect someones ability to do math,if I have to guess it would be to see how a person handles irritation from inconveinance,,
16246362,No idea.,No idea.,,
16246363,to see how people actually follow a succession of assorted random directions,that it had nothing to do with math and everything to do with phychology,,
16246364,how pictures trauma affects memory recall,na,,
16246365,"To see if I follow instructions?  Or, maybe, how does my brain react to seeing images that evoke emotion(s) and does that affect how my brain processes doing math which  uses the same/different parts of the brain?",Emotion and how it affects brain function,,
16246366,I have no clue,I cant figure out what you were looking for. It would be interesting to know.,,
16246367,not sure,not sure,,
16246368,Psychological evaluation,Perhaps but I am not exactly sure what those details could be,,
16246370,I am really not sure.,I have no idea.,,
16246371,test my cognitative skills and emotional responses.,You are tracking my motivations.,,
16246372,That is the $1000 question.,I honestly dont' know but can't wait to find out.,,
16246373,Something related to the effect of images on emotion? I'm not sure if this study is truly related to math.,Something related emotion as it relates to images of different scenarios/have different emotional connotations.,,
16246375,AI face monitoring,AI facde monitoring,,
16246376,to see if images affect how the logical brain works,how images can affect mood and well being,,
16246378,The effect of certain tasks on emotions,That our facial expressions show the impact,,
16246379,I'm not sure.,I'm not really sure.,,
16246380,I think the purpose of this study is to see how doing physical activities affect how you view yourself.,I don't think the study is related to math at all.,,
16246381,no idea,the real purpose of the study,,
16246382,Whether exerting anything physical or mental affects math comprehension,Not sure,,
16246384,math and facial recognition,i honestly have no idea,,
16246385,How certain stimuli effect one's mood or emotions.,I am not sure.,,
16246386,Does imitating a facial expression of joy produce a perception of more happiness...?,That the math didn't matter and you're actually curious about perceptions of happiness or sadness.,,
16246387,Is it about math being a reliable place to go to when you're busy?  I can always do math (or at least I think I can) regardless of what is going on around me.  Supermarket skills.,Multitasking and how we feel about ourselves after we view certain images?,,
16246388,i dont know,maybe a bonus,,
16246390,To see if the repetive nature or images would adjust how we view life,unsure,,
16246392,im not sure honestly,im not sure,,
16246394,to see how accurately one can perform a task or multitask correctly while doin or completing math or another activity.,unsure,,
16246396,trauma,I don't know---probably has to do with AI or the environment,,
16246397,Physical and emotional connectivity,Doing math was not the point of the study,,
16246399,"Possibly something to do with the speed or accuracy regarding the +/- questions. Or maybe it is the consistency between my answers in the repeated series of questions.. I am not completely sure, just my best guess.","How on earth am I supposed to know the answer to that? My thoughts are drawing a great big blank space!
",,
16246404,I think it was about following directions.,The purpose of the study hasn't been revealed.,,
16246405,I am completely unsure,What the real purpose of the study is?,,
16246406,"I believe that this study was not about how physical motion might affect math capabilities, due to how easy those questions were, but rather how smiling no matter what images show up(even if I had very pleasant images) affect my mood and outlook into life. I tried to stay as unbiased as I could be and answer my questions to the best of my capabilities.",That it is more about how smiling or being positive affects your outlook into the rest of your life?,,
16246415,To see how quickly and accurate people can do math while also focusing on tasks.,"My best guess is the purpose of this study being something else, but I have no idea what.",,
16246417,to gage human response and ability to adapt very quickly. maybe something to do with AI generation as well and building an AI model?,is it that the user is building an AI model that will be able to do human tasks and look real?,,
16246419,To get your thoughts or impressions after viewing the pictures,I don't know what they could be?,,
16246422,Do tasks and images correlate to self image and mood?,I don't know,,
16246431,no clue,no clue,,
16246433,NA,What is really being studied.,,
16246435,To track movement,For AI use,,
16246437,"I think it was if seeing disturbing images can upset us enough where we are unable to perform simple tasks (math, following instructions).  Also, if after viewing disturbing images asking us the same questions about our perceptions of our own life and how we are feeling.","I am not sure.  Animal cruelty, robbery, property damage.  How can our life be ideal and how can we feel good about ourselves if these things exist in our world ?
For myself, seeing an animal in pain is very disturbing.",,
16246441,I think to see if looking at pictures of benign things like dogs and cats had any effect on mood. Also comparing the photos with the facial movement too to see if looking at this pictures and also smiling affected your self reported moods. I am not quite sure what the point of the math questions were though. Maybe to sort of put your brain on no think mode.,I think those details would be why there were math questions as part of this study.,,
16246442,Do emotions change with visual stimulation.,No idea,,
16246443,no idea,no clue,,
16246449,Probably to test if images of animals have an impact over (at least momentary) mental health.,I have no idea.,,
16246451,"
","Maybe AI invovlement? I am sorry I missed some of the movements. I misinterpreted the instructions. I hope my videos were good enough. I tried hard on the last ones, thanks",,
16246452,maybe to find out how silly tasks make you feel,i am not really sure,,
16246458,idk,data,,
16246461,If people can multi-task and how they feel about themselves while they are multi-tasking.,I am not sure what the missing details could be.,,
16246463,Maybe correlation between action and self-esteem,Not sure,,
16246485,I think this was an test to see how happy people are with their lives,I have NO clue.,,
16246487,"The instructions said ""The goal of this research study is to explore the effect of physical movement tasks on people’s math performance."" However, I do not believe this is the case. The math and physical exercises are too simple to really measure any cognitive stress. I think it has to do with the violent images shown and the facial expression. I think the study is framed as a benign scenario just to relax the subjects and see their real emotional response to stressful images. It has nothing to do with math.","As stated in my last response, I think the study attempts to distract and relax the subjects to measure their raw responses to stressful images.",,
16246488,"I think that the purpose of this study was determining if certain factors will change a person's mood and their math skills (showing them certain pictures, requesting certain expressions, etc.)","To be honest, I have no idea what these details may be.",,
16246491,not sure,That there was no point,,
16246493,To see what people look like when doing certain tasks.,I'm very unsure.,,
16246499,NA,NA,,
16246522,I think the purpose of this study was to practice skills.,I think the details might be how these tasks can improve your mental.,,
16246536,to see how peoples emotions and feelings on life changed based on the stimuli from the physical tasks,that the math didnt matter,,
16246546,I am not sure what the purpose was as I was confused at why it was asking me to perform these activities and especially when it showed a car or a dog as I performed the dog faces and what the man was doing in the pick to the best I could. It would be interesting to know why this was asked and what reason it determines in the study ? Interesting !,I am not sure as I am curious to know why we would be videoed doing stuff as directed in the picture ! I am curious to find out and how that helps and what it determines in your study !,,
16246549,To see if moving can impact math skills.,Maybe something that has to do with emotions?,,
16246550,How pictures affect how people feel and if it allows them to concentrate on tasks.,It was to see if I could follow directions clearly.,,
16246563,how different stimuli affects our mood,what stimuli different people saw/did,,
16246570,To see if my math skills were determined by the pictures shown.,how your mood determines your thinking skills,,
16246581,no earthly idea,maybe wanting to see if someone is able to maintain a neutral expression while looking at cute puppies and kittens,,
16246590,"Not really sure, maybe the affect physical tasks have on our thinking or something to do with processing and multi tasking.",The was more focus on mannerisms,,
16246592,Maybe to see how different images impact our mood,Why those specific images were selected,,
16246604,to see how physical activities can change responses,using your brain in different ways can affect how you respond emotionally,,
16246721,I am not exactly sure.,Maybe there was more to do that you were asking.,,
16246930,Something about being exposed to violence and how it may affect our moods and cognitive functioning. But...who knows?,"No clue, but would love to hear about it!",,
16247016,To see how I feel after seeing a set of images,To see if I'd be manipulated?,,
