Gorilla_ID,DateTime,Status,threat,group,context,repetition,consent,ExperimentVersion,Fill1pos_math1,Fill1pos_DEQ_happiness,Fill1pos_DEQ_satisfaction,Fill1pos_DEQ_enjoyment,Fill1pos_DEQ_happy_total,Fill1pos_DEQ_alarmed,Fill1pos_DEQ_scared,Fill1pos_DEQ_fear,Fill1pos_DEQ_fear_total,Fill1pos_DEQ_irritation,Fill1pos_DEQ_aggravation,Fill1pos_DEQ_annoyance,Fill1pos_DEQ_anger_total,Fill1pos_SWL_ideal,Fill1pos_SWL_condition,Fill1pos_SWL_satisfied,Fill1pos_SWL_change,Fill1pos_SWL_total,Fill1pos_Burnout_tired,Fill1pos_Burnout_hopeless,Fill1pos_Burnout_worthless,Fill1pos_Burnout_disappointed,Fill1pos_Burnout_depressed,Fill1pos_Burnout_total,Fill1pos_math2,Fill1pos_math3,Fill1pos_math4,Fill4pos_math1,Fill4pos_DEQ_happiness,Fill4pos_DEQ_satisfaction,Fill4pos_DEQ_enjoyment,Fill4pos_DEQ_happy_total,Fill4pos_DEQ_alarmed,Fill4pos_DEQ_scared,Fill4pos_DEQ_fear,Fill4pos_DEQ_fear_total,Fill4pos_DEQ_irritation,Fill4pos_DEQ_aggravation,Fill4pos_DEQ_annoyance,Fill4pos_DEQ_anger_total,Fill4pos_SWL_ideal,Fill4pos_SWL_condition,Fill4pos_SWL_satisfied,Fill4pos_SWL_change,Fill4pos_SWL_total,Fill4pos_Burnout_tired,Fill4pos_Burnout_hopeless,Fill4pos_Burnout_worthless,Fill4pos_Burnout_disappointed,Fill4pos_Burnout_depressed,Fill4pos_Burnout_total,Fill4pos_math2,Fill4pos_math3,Fill4pos_math4,SP_math1,SP_DEQ_happiness,SP_DEQ_satisfaction,SP_DEQ_enjoyment,SP_DEQ_happy_total,SP_DEQ_alarmed,SP_DEQ_scared,SP_DEQ_fear,SP_DEQ_fear_total,SP_DEQ_irritation,SP_DEQ_aggravation,SP_DEQ_annoyance,SP_DEQ_anger_total,SP_SWL_ideal,SP_SWL_condition,SP_SWL_satisfied,SP_SWL_change,SP_SWL_total,SP_Burnout_tired,SP_Burnout_hopeless,SP_Burnout_worthless,SP_Burnout_disappointed,SP_Burnout_depressed,SP_Burnout_total,SP_math2,SP_math3,SP_math4,NP_math1,NP_DEQ_happiness,NP_DEQ_satisfaction,NP_DEQ_enjoyment,NP_DEQ_happy_total,NP_DEQ_alarmed,NP_DEQ_scared,NP_DEQ_fear,NP_DEQ_fear_total,NP_DEQ_irritation,NP_DEQ_aggravation,NP_DEQ_annoyance,NP_DEQ_anger_total,NP_SWL_ideal,NP_SWL_condition,NP_SWL_satisfied,NP_SWL_change,NP_SWL_total,NP_Burnout_tired,NP_Burnout_hopeless,NP_Burnout_worthless,NP_Burnout_disappointed,NP_Burnout_depressed,NP_Burnout_total,NP_math2,NP_math3,NP_math4,Purpose,Concealment,Age,Gender,Ethnicity,Quality_issues,Data_consent,Display_check,face_detection_natura,face_detection_smile,AU12_scalar_natura,AU12_scalar_smile,AU12_binary_natura,AU12_binary_smile,face_compliance_scalar,face_compliance_binary,math_errors,joint_awareness_check
16155757,15/06/2026 10:57:21,complete,Threat,SmileNegOne,negative,one,I agree to participate,13,4,2,3,2,2.3333333333333335,5,1,1,2.3333333333333335,5,1,4,3.3333333333333335,6,3,3,4,4,5,2,3,3,2,3,2,6,4,8,1,1,1,1,1,1,1,1,1,1,1,1,1,5,2,3,2.75,1,1,1,1,1,1,1,9,2,5,1,1,1,1,1,1,1,1,1,1,1,1,3,3,3,3,3,5,1,1,2,1,2,4,7,3,7,1,1,1,1,1,1,1,1,1,1,1,1,2,5,2,2,2.75,5,1,1,1,1,1.8,4,8,7,facial expressions in relation to emotions,not sure,34,Female,White,NA,"Yes, you may use my data in the research.",NA,1,1,0,2.229807692307692,0,1,TRUE,TRUE,0,TRUE
16155759,15/06/2026 10:57:22,complete,Threat,NaturaPosOne,positive,one,I agree to participate,13,4,1,1,1,1,1,1,1,1,1,1,1,1,4,4,5,3,4,2,1,1,1,1,1.2,2,6,4,8,1,1,1,1,1,1,1,1,1,1,1,1,4,4,5,3,4,2,1,1,1,1,1.2,1,9,2,5,1,1,1,1,1,1,1,1,1,1,1,1,4,5,5,3,4.25,2,1,1,1,1,1.2,4,7,3,7,1,1,1,1,1,1,1,1,1,1,1,1,5,4,5,3,4.25,2,1,1,1,1,1.2,4,8,7,To see how repetitive tasks affect mood,Absolutely no clue,28,Male,White,NA,"Yes, you may use my data in the research.",NA,1,1,0,1.317884615384615,0,1,FALSE,TRUE,0,FALSE
16155760,15/06/2026 10:57:23,complete,No threat,NaturaPosTen,positive,ten,I agree to participate,13,4,1,1,1,1,1,1,1,1,1,1,1,1,6,6,6,2,5,1,1,1,1,1,1,2,6,4,8,1,1,1,1,1,1,1,1,1,1,1,1,6,6,6,2,5,1,1,1,1,1,1,1,9,2,5,1,1,1,1,1,1,1,1,1,1,1,1,6,6,6,2,5,1,1,1,1,1,1,4,7,3,7,1,1,1,1,1,1,1,1,1,1,1,1,6,6,6,2,5,1,1,1,1,1,1,4,8,7,I have no idea,I have no idea about this either,46,Male,White,no issues,"Yes, you may use my data in the research.",NA,1,1,0,1.4358009049773754,0,0.9826923076923078,FALSE,TRUE,0,FALSE
16155761,15/06/2026 10:57:32,complete,No threat,SmileNegTen,negative,ten,I agree to participate,13,4,1,1,1,1,1,1,1,1,1,1,1,1,6,5,6,7,6,2,2,4,2,3,2.6,2,6,4,8,1,1,1,1,2,1,1,1.3333333333333333,2,2,2,2,6,5,7,6,6,1,1,1,1,2,1.2,1,9,2,5,1,1,1,1,3,1,1,1.6666666666666667,2,2,2,2,5,5,7,6,5.75,2,3,3,2,2,2.4,4,7,3,7,1,1,1,1,4,1,1,2,3,3,3,3,5,5,7,6,5.75,2,3,2,2,3,2.4,4,8,7,I have no idea but what the hell was with the abused animals? That wasn't cool.,I don't know,34,Male,White,NA,"Yes, you may use my data in the research.",NA,0.9257256894049348,0.838388969521045,0.1093733671988389,0.33071480406386067,0.05765602322206095,0.1812046444121916,FALSE,FALSE,0,FALSE
16155766,15/06/2026 10:57:37,complete,Threat,SmilePosTen,positive,ten,I agree to participate,13,4,1,1,1,1,1,1,1,1,2,2,2,2,3,5,5,1,3.5,1,1,1,1,4,1.6,2,6,4,8,1,1,1,1,1,1,1,1,4,4,4,4,3,5,3,1,3,1,1,1,1,4,1.6,1,9,2,5,1,1,1,1,1,1,1,1,4,4,4,4,4,5,5,1,3.75,2,1,1,1,4,1.8,4,7,3,7,1,1,1,1,1,1,1,1,4,4,4,4,3,NA,4,1,2.6666666666666665,2,1,1,1,4,1.8,4,8,7,visual effects,the purpose,58,Female,White,NA,"Yes, you may use my data in the research.",NA,1,1,0.00312669683257918,0.00442006033182503,0,0,FALSE,FALSE,0,FALSE
16155769,15/06/2026 10:57:47,complete,No threat,NaturaNegOne,negative,one,I agree to participate,13,4,2,2,2,2,1,1,1,1,1,1,1,1,5,5,5,5,5,3,2,2,2,3,2.4,2,6,4,8,1,1,1,1,1,1,1,1,1,1,1,1,5,5,5,5,5,4,2,2,2,NA,2.5,1,9,2,5,1,1,1,1,4,2,2,2.6666666666666665,4,3,3,3.3333333333333335,5,5,5,5,5,4,2,2,2,3,2.6,4,7,3,7,1,1,1,1,7,4,6,5.666666666666667,5,5,5,5,5,5,5,5,5,4,2,2,1,2,2.2,4,8,7,understanding facial patterns with different images/activities,who does this study benefit,35,Female,White,NA,"Yes, you may use my data in the research.",NA,1,1,0,2.1340384615384616,0,1,TRUE,TRUE,0,FALSE
16155777,15/06/2026 10:58:53,complete,No threat,NaturaNegTen,negative,ten,I agree to participate,13,4,3,2,2,2.3333333333333335,1,1,1,1,1,1,2,1.3333333333333333,2,2,3,1,2,2,3,2,3,4,2.8,2,6,4,8,1,1,1,1,1,1,1,1,5,3,4,4,2,2,3,1,2,3,2,1,4,5,3,1,9,2,5,1,1,1,1,6,1,2,3,7,7,7,7,3,2,5,1,2.75,3,2,2,5,6,3.6,4,7,3,7,1,1,1,1,6,2,2,3.3333333333333335,6,5,5,5.333333333333333,2,3,2,1,2,2,2,1,3,2,2,4,8,7,evoke feelings,concentration and feelings,56,Female,White,None,"Yes, you may use my data in the research.",NA,0.44235995477438583,0.3596669750231267,6.536231884057971e-4,0.34117067530064754,0,0.2678373933600575,FALSE,FALSE,0,FALSE
16155801,15/06/2026 10:01:59,complete,Threat,SmilePosOne,positive,one,I agree to participate,13,4,1,1,1,1,1,1,1,1,1,1,1,1,1,1,1,1,1,7,7,7,7,7,7,2,6,4,8,1,1,1,1,1,1,1,1,1,1,1,1,1,1,1,1,1,7,7,7,7,7,7,1,9,2,5,1,1,1,1,1,1,1,1,1,1,1,1,1,1,1,1,1,7,7,7,7,7,7,4,7,3,7,1,1,1,1,1,1,1,1,1,1,1,1,1,1,1,1,1,7,7,7,7,7,7,4,8,7,i dont know,i dont know,38,Male,Black,NA,"Yes, you may use my data in the research.",NA,1,1,0.5709803921568628,2.517843137254902,0.05882352941176475,1,TRUE,TRUE,0,FALSE
16156287,15/06/2026 08:39:01,complete,Threat,SmileNegTen,negative,ten,I agree to participate,13,4,3,5,5,4.333333333333333,1,1,2,1.3333333333333333,1,1,NA,1,3,4,2,3,3,1,2,1,3,2,1.8,2,6,4,8,5,5,6,5.333333333333333,1,2,1,1.3333333333333333,1,1,1,1,2,3,3,2,2.5,3,2,1,3,2,2.2,1,9,2,5,1,2,1,1.3333333333333333,3,5,2,3.3333333333333335,4,2,3,3,1,3,2,2,2,2,1,1,5,2,2.2,4,7,3,7,1,1,1,1,3,3,4,3.3333333333333335,4,2,2,2.6666666666666665,1,3,2,2,2,3,1,1,3,2,2,4,8,7,"To test peoples emotional endurance, and to see if peoples moods would change drastically given certain circumstances",they will use my recordings for ai training,27,Male,Mixed,No issues,"Yes, you may use my data in the research.",NA,0.9803921568627452,0.992156862745098,0.39784313725490195,2.2226666666666666,0.07450980392156864,0.9784313725490196,TRUE,TRUE,0,FALSE
16156288,15/06/2026 10:39:00,complete,No threat,SmilePosOne,positive,one,I agree to participate,13,4,2,2,2,2,1,1,1,1,1,1,1,1,6,7,7,7,6.75,3,1,1,1,2,1.6,2,6,4,8,1,1,2,1.3333333333333333,1,1,1,1,1,1,1,1,6,7,7,7,6.75,3,1,2,1,2,1.8,1,9,2,5,4,3,5,4,2,1,1,1.3333333333333333,1,1,1,1,6,7,7,7,6.75,3,1,1,1,2,1.6,4,7,3,7,4,4,4,4,1,1,1,1,1,1,2,1.3333333333333333,6,7,7,7,6.75,3,1,1,1,2,1.6,4,8,7,To track how certain hand/eye movements effect thinking in the brain (specifically to math/problems)?,n/a,21,Female,White,n/a,"Yes, you may use my data in the research.",NA,1,1,1.462156862745098,1.6229411764705883,1,0.9803921568627452,FALSE,FALSE,0,FALSE
16156289,15/06/2026 11:38:59,complete,Threat,NaturaPosTen,positive,ten,I agree to participate,13,4,5,7,6,6,1,1,1,1,2,1,1,1.3333333333333333,NA,6,7,7,6.666666666666667,6,1,1,1,1,2,2,6,4,8,6,5,3,4.666666666666667,1,1,1,1,1,1,1,1,7,6,7,7,6.75,6,1,1,1,1,2,1,9,2,5,7,7,7,7,1,1,1,1,1,1,1,1,7,6,7,7,6.75,6,1,1,1,1,2,4,7,3,7,7,6,7,6.666666666666667,1,1,1,1,1,1,1,1,7,6,7,7,6.75,6,1,1,1,1,2,4,8,7,If physical movements and/or images can affect math skills,I'm not sure,32,Female,White,"For task 3, it was stated that I would see images of people expressing emotions and to copy their emotion, but I was shown puppies kittens and flowers. I took my glasses off for task 2 so you could see my natural reactions better. This was a fun study, thanks","Yes, you may use my data in the research.",NA,NA,NA,NA,NA,NA,NA,NA,NA,0,FALSE
16156291,15/06/2026 08:39:12,complete,No threat,NaturaNegTen,negative,ten,I agree to participate,13,4,1,1,1,1,1,1,1,1,1,1,1,1,7,6,7,6,6.5,3,1,1,1,1,1.4,2,6,4,8,1,1,1,1,1,2,1,1.3333333333333333,3,3,3,3,7,6,7,6,6.5,3,2,1,2,2,2,1,9,2,5,1,1,1,1,5,4,5,4.666666666666667,7,7,7,7,6,6,7,7,6.5,3,3,4,4,5,3.8,4,7,3,7,1,1,1,1,6,5,5,5.333333333333333,5,7,5,5.666666666666667,7,6,6,7,6.5,3,2,1,3,2,2.2,4,8,7,Impact of upsetting images on feelings,See above. Details of how seeing upsetting images impacts feelings and performance.,34,Female,White,"No issues, but this was very upsetting. I wish there had been information in the description warning of the upsetting nature of the pictures in tasks 2 and 3.","Yes, you may use my data in the research.",NA,1,1,0.02723076923076923,3.121365384615385,0,1,TRUE,TRUE,0,FALSE
16156292,15/06/2026 11:39:10,complete,No threat,SmilePosTen,positive,ten,I agree to participate,13,4,1,NA,1,1,1,1,NA,1,1,1,1,1,2,2,2,1,1.75,4,3,2,4,3,3.2,2,6,4,8,1,1,1,1,1,1,1,1,1,1,1,1,2,2,2,1,1.75,3,2,2,3,2,2.4,1,9,2,5,NA,1,1,1,1,1,1,1,3,3,3,3,2,2,2,1,1.75,4,3,3,4,3,3.4,4,7,3,7,1,1,1,1,1,1,1,1,1,1,1,1,2,2,2,1,1.75,4,3,3,4,3,3.4,4,8,7,AI training,AI,34,Male,White,NA,"Yes, you may use my data in the research.",NA,1,1,0.0215576923076923,1.28975,0,0.948076923076923,FALSE,TRUE,0,FALSE
16156293,15/06/2026 09:39:21,complete,Threat,NaturaNegOne,negative,one,I agree to participate,13,4,1,1,1,1,1,1,1,1,1,1,1,1,5,6,6,7,6,2,NA,1,1,1,1.25,2,6,4,8,1,1,1,1,1,1,1,1,1,1,1,1,7,7,7,7,7,2,1,1,1,1,1.2,1,9,2,5,1,1,1,1,5,1,1,2.3333333333333335,5,6,5,5.333333333333333,7,NA,7,7,7,2,1,1,1,1,1.2,4,7,3,7,1,1,1,1,7,6,5,6,6,4,4,4.666666666666667,6,6,7,7,6.5,2,1,1,1,1,1.2,4,8,7,I believe the purpose of this study was to see if seeing images changed how you were feeling in the moment and how you examined your own life,"That it had nothing to do with math, it was how you react to certain things.",NA,Female,White,No issues,"Yes, you may use my data in the research.",NA,NA,NA,NA,NA,NA,NA,NA,NA,0,FALSE
16156294,15/06/2026 11:39:21,complete,Threat,NaturaPosOne,positive,one,I agree to participate,13,4,1,1,2,1.3333333333333333,1,1,1,1,1,1,1,1,5,5,6,3,4.75,3,1,1,1,1,1.4,2,6,4,8,1,1,2,1.3333333333333333,1,1,1,1,1,1,1,1,5,5,6,3,4.75,3,1,1,1,1,1.4,1,9,2,5,3,1,3,2.3333333333333335,1,1,1,1,1,1,1,1,5,5,6,3,4.75,3,1,1,1,1,1.4,4,7,3,7,1,1,2,1.3333333333333333,1,1,1,1,1,1,1,1,5,5,6,3,4.75,3,1,1,1,1,1.4,2,8,7,"Based on the initial consent form explaining how the researchers wanted to see how multi-tasking affected a person's skills, I think it was to see if the physical movements had any effect on my moods, feelings, and basic cognitive ability for simple math.","Some untold details could maybe be the reason for such simple math, the specific images selected, the particular body movements, and the reason for the specific facial expression I had to do",22,Female,White,"Everything ran smoothly, no issues","Yes, you may use my data in the research.",NA,1,1,0.1450980392156863,2.36156862745098,0,1,TRUE,TRUE,1,TRUE
16156301,15/06/2026 10:40:22,complete,No threat,NaturaNegOne,negative,one,I agree to participate,13,4,1,1,1,1,1,1,1,1,1,1,1,1,6,6,6,6,6,1,1,1,1,1,1,3,6,4,8,1,1,1,1,1,1,1,1,1,1,1,1,6,6,6,6,6,1,1,1,1,1,1,1,9,2,5,1,1,1,1,1,1,1,1,1,1,1,1,6,6,6,6,6,1,1,1,1,1,1,4,7,3,7,1,1,1,1,1,1,1,1,1,1,1,1,6,6,6,6,6,1,1,1,1,1,1,4,8,7,I am not sure but I am sure that the 1st and last test were to make sure I was a real human,That this will all be used for AI?,40,Female,White,"The first study where I was to put my head behind my head I thought it was going to take a moment longer so I didnot have my left hand behind my head as I blinked, Sorry","Yes, you may use my data in the research.",NA,1,1,0.5250980392156863,0.7970588235294117,0,0,FALSE,FALSE,1,FALSE
16156307,15/06/2026 10:41:18,complete,Threat,SmileNegOne,negative,one,I agree to participate,13,4,1,1,1,1,3,1,1,1.6666666666666667,1,1,1,1,1,1,1,2,1.25,5,6,4,5,4,4.8,2,6,4,8,1,2,2,1.6666666666666667,3,1,1,1.6666666666666667,1,1,1,1,1,1,1,1,1,5,3,3,2,2,3,1,9,2,5,1,1,1,1,4,1,1,2,2,1,2,1.6666666666666667,1,1,1,2,1.25,5,4,3,2,3,3.4,4,7,3,7,1,1,1,1,3,2,1,2,2,1,2,1.6666666666666667,1,1,1,2,1.25,5,3,2,2,2,2.8,4,8,7,"I honestly can't decide on the purpose of this study, but maybe it was testing how people do with certain math problems while also simultaneously doing another task.",Maybe more about what this study is about?,24,Female,White,I had no issues!,"Yes, you may use my data in the research.",NA,1,1,0,0.6448076923076923,0,0.3846153846153845,FALSE,FALSE,0,FALSE
16156339,15/06/2026 11:44:42,complete,No threat,SmilePosTen,positive,ten,I agree to participate,13,4,3,5,5,4.333333333333333,1,1,1,1,1,1,1,1,3,3,2,5,3.25,7,5,5,6,6,5.8,2,6,4,8,5,4,5,4.666666666666667,1,1,1,1,1,1,1,1,3,3,3,5,3.5,7,6,5,6,5,5.8,1,9,2,5,5,5,5,5,1,1,1,1,2,1,1,1.3333333333333333,3,3,3,5,3.5,7,6,5,7,6,6.2,4,7,3,7,4,5,5,4.666666666666667,1,1,1,1,1,1,1,1,3,3,3,5,3.5,7,6,5,6,5,5.8,4,8,7,I have zero clue but I am certain it has nothing to do with math.,I love when studies do this! Maybe you are measuring my outlook on life after a stimulus?,22,Female,White,No issues!,"Yes, you may use my data in the research.",NA,0.9941176470588236,1,0.16024095022624435,2.1738404977375567,0,0.7317873303167421,TRUE,TRUE,0,FALSE
16156370,15/06/2026 11:47:49,complete,No threat,NaturaPosOne,positive,one,I agree to participate,13,4,4,4,4,4,4,1,1,2,1,1,1,1,7,1,7,6,5.25,1,1,1,1,1,1,2,6,4,8,6,6,6,6,1,1,1,1,1,1,1,1,5,5,5,5,5,1,1,1,1,1,1,1,9,2,5,7,7,7,7,2,1,1,1.3333333333333333,1,1,1,1,5,5,5,5,5,1,1,1,1,1,1,4,7,3,7,4,6,4,4.666666666666667,1,1,1,1,1,1,1,1,6,6,6,3,5.25,1,1,1,1,1,1,4,8,7,To train A.I.,To train A.I. so that it can perfrom other actions.,48,Male,Black,No issues at all.,"Yes, you may use my data in the research.",NA,1,1,0.0535294117647059,2.416346153846154,0,1,TRUE,TRUE,0,FALSE
16156850,15/06/2026 11:10:48,complete,Threat,SmileNegTen,negative,ten,I agree to participate,13,4,4,4,6,4.666666666666667,1,1,1,1,1,1,1,1,5,5,5,4,4.75,4,1,1,2,2,2,2,6,4,8,1,1,1,1,1,1,1,1,1,1,1,1,5,5,5,4,4.75,1,1,1,1,1,1,1,9,2,5,1,1,1,1,5,1,1,2.3333333333333335,2,1,2,1.6666666666666667,5,5,5,4,4.75,1,1,1,1,2,1.2,4,7,3,7,1,1,1,1,3,1,1,1.6666666666666667,1,2,2,1.6666666666666667,5,5,5,3,4.5,2,1,1,1,1,1.2,4,8,7,The study was about deciphering suttle facial emotions especially the eyes and to see if we followed instruction.,If we kown basic math and the emotions shown in the eyes and eye movements.,53,Female,Mixed,"Everything worked well, no issues.","Yes, you may use my data in the research.",NA,1,1,0.34470776772247363,3.152500377073906,0.1810331825037707,1,TRUE,TRUE,0,FALSE
16157820,15/06/2026 13:51:42,complete,Threat,NaturaNegTen,negative,ten,I agree to participate,13,4,1,1,1,1,1,1,1,1,1,1,1,1,4,3,5,3,3.75,2,3,2,2,2,2.2,2,6,4,8,1,1,1,1,1,1,1,1,1,1,1,1,4,5,3,3,3.75,2,2,2,2,2,2,1,9,2,5,1,1,1,1,6,1,1,2.6666666666666665,6,6,6,6,4,3,5,3,3.75,2,2,2,2,2,2,4,7,3,7,1,1,1,1,6,1,1,2.6666666666666665,6,6,6,6,4,4,5,3,4,2,2,2,2,2,2,4,8,7,gauge reactions,i couldn't begin to guess,28,Male,White,"Not for myself, but there was no warning about potentially upsetting imagery, should possibly correct that","Yes, you may use my data in the research.",NA,1,1,0.4365,2.6934423076923077,0.03846153846153846,1,TRUE,TRUE,0,FALSE
16157821,15/06/2026 10:51:50,complete,Threat,SmilePosTen,positive,ten,I agree to participate,13,4,4,4,4,4,5,4,5,4.666666666666667,5,5,5,5,6,6,6,6,6,1,1,1,1,1,1,2,6,4,8,1,1,1,1,1,3,3,2.3333333333333335,2,2,2,2,6,6,6,6,6,1,1,1,1,1,1,1,9,2,5,4,3,4,3.6666666666666665,1,1,1,1,5,5,5,5,6,6,6,6,6,1,1,1,1,1,1,4,7,3,7,5,5,5,5,1,1,1,1,1,1,1,1,6,6,6,6,6,1,1,1,1,1,1,4,8,7,I believe the purpose of this study was to find any correlation with various physical tasks and mental states of mind after those physical tasks.,I believe the details of this study that have not been revealed involve research on not just mental states after physical tasks but emotional states as well.,37,Male,White,"I had no issues with the study that may compromise the quality of the data I provided. I feel I did a satisfactory job following instructions and timing my movements with the instructions as provided. Thank you for the study, I appreciate your effort in creating a well structured research opportunity.","Yes, you may use my data in the research.",NA,1,1,0.01219230769230769,2.3415739064856713,0,1,TRUE,TRUE,0,FALSE
16157822,15/06/2026 10:51:52,complete,No threat,NaturaPosTen,positive,ten,I agree to participate,13,4,1,3,3,2.3333333333333335,1,1,1,1,1,1,2,1.3333333333333333,3,6,5,5,4.75,5,2,1,1,1,2,2,6,4,8,4,3,2,3,1,1,1,1,2,1,2,1.6666666666666667,3,5,6,3,4.25,7,1,1,1,1,2.2,1,9,2,5,5,2,2,3,3,1,2,2,3,1,3,2.3333333333333335,3,6,5,3,4.25,7,2,1,1,1,2.4,4,7,3,7,6,5,7,6,1,1,1,1,1,1,2,1.3333333333333333,3,6,6,3,4.5,6,2,1,1,1,2.2,4,8,7,Hmmm emotional responses to certain tasks?,Probably guaging our mood or something based on the tasks we did,37,Male,Other,I didn't understand task 3# until halfway through but I think I got it,"Yes, you may use my data in the research.",NA,1,1,1.291903092006033,1.8632307692307692,0.7184766214177979,0.7923076923076923,FALSE,FALSE,0,FALSE
16157823,15/06/2026 10:51:54,complete,Threat,NaturaNegOne,negative,one,I agree to participate,13,4,4,4,4,4,1,2,2,1.6666666666666667,1,1,1,1,5,6,5,2,4.5,4,1,1,1,1,1.6,2,6,4,8,3,3,3,3,1,1,1,1,1,1,1,1,5,6,5,2,4.5,4,1,1,1,1,1.6,1,9,2,5,1,1,1,1,2,2,2,2,1,1,1,1,5,6,5,2,4.5,3,1,1,1,1,1.4,4,7,3,7,2,2,3,2.3333333333333335,2,1,2,1.6666666666666667,1,1,1,1,5,6,5,2,4.5,3,1,1,1,1,1.4,4,8,NA,To test how people manage their emotions while performing a movement and solving math problems.,I am not too sure but I believe it has to do with how affected we were emotionally by the physical tasks given and the math problems.,43,Male,Asian,NA,"Yes, you may use my data in the research.",NA,1,1,0,1.12,0,0,FALSE,FALSE,1,FALSE
16157825,15/06/2026 12:51:52,complete,Threat,NaturaPosOne,positive,one,I agree to participate,13,4,1,1,1,1,1,3,2,2,3,3,3,3,5,5,4,2,4,5,3,3,4,3,3.6,2,6,4,8,1,1,1,1,1,2,2,1.6666666666666667,3,3,3,3,4,5,5,2,4,5,1,2,3,2,2.6,1,9,2,5,1,1,1,1,1,2,2,1.6666666666666667,2,2,3,2.3333333333333335,4,5,4,2,3.75,5,3,2,2,2,2.8,4,7,3,7,4,2,5,3.6666666666666665,1,1,1,1,1,1,1,1,4,4,3,2,3.25,2,2,3,3,2,2.4,4,8,7,How repetitive tasks affect your mood?,Probably mapping my mood throught the task,48,Male,White,NA,"Yes, you may use my data in the research.",NA,1,1,0.2392307692307692,0,0,0,FALSE,FALSE,0,FALSE
16157826,15/06/2026 13:51:56,complete,No threat,SmileNegOne,negative,one,I agree to participate,13,4,2,2,3,2.3333333333333335,1,1,1,1,1,2,2,1.6666666666666667,2,2,3,2,2.25,4,2,3,3,2,2.8,2,6,4,8,3,3,4,3.3333333333333335,1,1,1,1,1,1,1,1,2,2,2,2,2,5,2,2,3,2,2.8,1,9,2,5,3,2,2,2.3333333333333335,1,1,1,1,1,1,2,1.3333333333333333,2,2,2,2,2,5,2,2,2,2,2.6,4,7,3,7,3,2,2,2.3333333333333335,1,1,1,1,1,1,1,1,2,2,2,2,2,5,2,2,2,1,2.4,4,8,7,To see if movements or other peoples smiles can improve mood possibly.,"No idea, but I think it's to see if images of people smiling or mean dogs or other imagry can effect mood.",48,Male,White,"no issues, thank you","Yes, you may use my data in the research.",NA,1,1,0,1.5588461538461538,0,0.9423076923076924,TRUE,TRUE,0,FALSE
16157827,15/06/2026 13:51:59,complete,No threat,SmileNegTen,negative,ten,I agree to participate,13,4,7,7,7,7,NA,1,1,1,NA,1,NA,1,1,1,1,1,1,5,3,5,4,4,4.2,2,6,4,8,1,1,1,1,1,1,1,1,1,1,1,1,1,1,1,1,1,1,1,1,1,1,1,1,9,2,5,NA,1,2,1.5,4,1,1,2,1,1,1,1,1,1,1,1,1,4,3,4,3,3,3.4,4,7,3,7,1,1,1,1,1,1,1,1,1,1,1,1,1,1,1,1,1,2,2,2,2,2,2,4,8,7,i dont know,no clue,59,Female,White,NA,"Yes, you may use my data in the research.",NA,0.9769230769230768,0.8673076923076923,0.5463269230769231,0.9245,0.13846153846153844,0.5230769230769231,FALSE,TRUE,0,FALSE
16157828,15/06/2026 12:52:01,complete,No threat,SmilePosOne,positive,one,I agree to participate,13,4,2,4,2,2.6666666666666665,1,1,1,1,1,1,1,1,5,5,5,3,4.5,1,1,1,1,2,1.2,2,6,4,8,3,2,2,2.3333333333333335,1,1,1,1,1,1,1,1,5,5,5,3,4.5,1,1,1,1,1,1,1,9,2,5,5,5,3,4.333333333333333,1,1,1,1,1,1,1,1,5,5,5,3,4.5,1,1,1,1,1,1,4,7,3,7,4,4,4,4,1,1,1,1,1,1,1,1,5,6,6,3,5,1,1,1,1,1,1,4,8,7,NA,if multi tasking becomes irritating,54,Female,White,NA,"Yes, you may use my data in the research.",NA,1,1,2.475192307692308,2.361153846153846,0.8269230769230771,0.7692307692307692,FALSE,FALSE,0,FALSE
16157832,15/06/2026 10:52:14,complete,No threat,SmilePosOne,positive,one,I agree to participate,13,4,2,2,2,2,1,1,1,1,5,1,5,3.6666666666666665,3,3,3,3,3,2,4,2,5,2,3,2,6,4,8,2,2,1,1.6666666666666667,1,1,1,1,2,1,1,1.3333333333333333,4,4,4,3,3.75,1,1,1,1,1,1,1,9,2,5,4,4,3,3.6666666666666665,1,1,1,1,3,1,3,2.3333333333333335,4,4,4,3,3.75,1,2,2,2,2,1.8,4,7,3,7,2,2,2,2,1,1,1,1,4,2,5,3.6666666666666665,3,4,3,3,3.25,1,1,1,1,1,1,4,8,7,see mood swings after doing tasks,maybe about depression,28,Female,Asian,NA,"Yes, you may use my data in the research.",NA,1,1,0,1.825,0,1,TRUE,TRUE,0,FALSE
16157833,15/06/2026 10:52:15,complete,Threat,NaturaPosTen,positive,ten,I agree to participate,13,4,6,6,6,6,1,1,1,1,2,1,2,1.6666666666666667,7,7,7,7,7,3,1,2,2,2,2,2,6,4,8,3,3,3,3,1,1,1,1,1,1,1,1,7,7,7,7,7,1,1,1,1,1,1,1,9,2,5,5,3,5,4.333333333333333,1,1,1,1,3,2,3,2.6666666666666665,7,7,7,7,7,1,1,1,2,1,1.2,4,7,3,7,7,7,7,7,1,1,1,1,1,1,1,1,7,7,7,7,7,1,1,1,1,1,1,4,8,7,To determine our cognitive ability while performing tasks.,I honestly have no idea what the purpose could be if it's not what I believe.,21,Male,White,I experienced no issues.,"Yes, you may use my data in the research.",NA,1,1,0.6657692307692308,2.5338846153846153,0.4230769230769231,1,TRUE,TRUE,0,FALSE
16157834,15/06/2026 13:52:17,complete,Threat,NaturaNegTen,negative,ten,I agree to participate,13,4,2,1,1,1.3333333333333333,1,1,1,1,1,1,1,1,1,1,1,1,1,5,3,4,7,3,4.4,2,6,4,8,1,1,1,1,1,1,1,1,1,1,1,1,1,1,1,1,1,6,2,4,7,5,4.8,1,9,2,5,1,1,1,1,7,5,1,4.333333333333333,7,7,7,7,1,1,1,1,1,7,5,5,7,5,5.8,4,7,3,7,1,1,1,1,7,4,4,5,7,6,6,6.333333333333333,1,1,1,1,1,6,2,5,7,3,4.6,4,8,7,To see how people react to certain events,I do not know,21,Female,Asian,NA,"Yes, you may use my data in the research.",NA,1,1,0.03073114630467571,0.44064027149321267,0,0.01764705882352941,FALSE,FALSE,0,FALSE
16157835,15/06/2026 13:52:26,complete,No threat,SmilePosTen,positive,ten,I agree to participate,13,4,1,1,1,1,1,2,1,1.3333333333333333,2,1,1,1.3333333333333333,2,2,1,2,1.75,7,1,1,4,3,3.2,2,6,4,8,1,2,1,1.3333333333333333,1,1,1,1,4,4,3,3.6666666666666665,1,1,1,1,1,5,1,1,5,4,3.2,1,9,2,5,2,2,2,2,1,1,2,1.3333333333333333,1,1,1,1,1,2,2,2,1.75,5,1,1,1,3,2.2,4,7,3,7,4,3,3,3.3333333333333335,1,2,1,1.3333333333333333,1,1,1,1,2,1,1,1,1.25,4,2,1,2,3,2.4,4,8,7,To see how our mood changed due to various temporary difficult or happy circumstances?,Probably what I said before. I also thought I might have to see bad images of animals so it made me anxious for when those would come,37,Gender variant / non-conforming,Mixed,NA,"Yes, you may use my data in the research.",NA,1,1,0.6089038461538462,2.415490203193033,0.31346153846153846,0.9137880986937592,TRUE,TRUE,0,FALSE
16157837,15/06/2026 13:53:13,complete,No threat,SmileNegTen,negative,ten,I agree to participate,13,4,2,4,4,3.3333333333333335,1,1,1,1,1,1,1,1,6,6,6,6,6,1,1,1,1,1,1,2,6,4,8,1,1,1,1,1,1,1,1,1,1,1,1,6,6,6,2,5,1,1,1,1,1,1,1,9,2,5,1,1,1,1,3,1,1,1.6666666666666667,4,2,4,3.3333333333333335,6,6,6,2,5,1,1,1,1,1,1,4,7,3,7,1,1,1,1,4,1,1,2,5,5,5,5,6,6,6,2,5,1,1,1,1,1,1,4,8,7,Testing emotional responses to disturbing images somehow.,I'm not sure,32,Male,White,No issues,"Yes, you may use my data in the research.",NA,1,1,2.5195384615384615,1.7718846153846155,1,0.925,FALSE,FALSE,0,FALSE
16157844,15/06/2026 10:54:03,complete,No threat,NaturaPosTen,positive,ten,I agree to participate,13,4,2,2,2,2,1,1,1,1,1,1,1,1,2,4,3,1,2.5,3,3,2,4,2,2.8,2,6,4,8,1,2,2,1.6666666666666667,1,1,1,1,1,1,1,1,1,3,1,1,1.5,2,3,3,4,3,3,1,9,2,5,2,1,1,1.3333333333333333,1,1,1,1,3,3,1,2.3333333333333335,1,1,2,1,1.25,3,3,3,4,2,3,4,7,3,7,3,1,2,2,1,1,1,1,1,1,1,1,1,2,1,1,1.25,3,2,2,3,2,2.4,4,8,7,To see how phyical task alter your mathematical abilities.,not sure,29,Male,White,NA,"Yes, you may use my data in the research.",NA,1,1,0.6220384615384615,2.04675,0.5903846153846154,1,FALSE,FALSE,0,FALSE
16157847,15/06/2026 11:54:39,complete,Threat,NaturaNegTen,negative,ten,I agree to participate,13,4,3,4,4,3.6666666666666665,1,4,5,3.3333333333333335,1,2,1,1.3333333333333333,3,2,4,3,3,3,1,1,1,1,1.4,2,6,4,8,2,2,3,2.3333333333333335,1,1,NA,1,1,1,1,1,3,3,3,NA,3,1,1,1,1,1,1,1,9,2,5,1,1,1,1,3,1,1,1.6666666666666667,6,5,5,5.333333333333333,3,3,3,3,3,1,1,1,1,1,1,4,7,3,7,1,1,2,1.3333333333333333,4,2,2,2.6666666666666665,6,4,4,4.666666666666667,2,2,2,3,2.25,1,1,1,2,1,1.2,4,8,7,I think Human consentration and ability to stick to an instruction.,I don't know.,31,Male,Black,N/A,"Yes, you may use my data in the research.",NA,1,1,0.00699348199672667,4.231398519573132,0,1,TRUE,TRUE,0,FALSE
16157852,15/06/2026 10:54:46,complete,No threat,SmileNegOne,negative,one,I agree to participate,13,4,1,1,1,1,1,1,1,1,1,1,1,1,7,6,6,7,6.5,2,1,1,1,1,1.2,2,6,4,8,3,1,1,1.6666666666666667,1,1,1,1,1,1,1,1,7,7,7,7,7,2,1,1,1,1,1.2,1,9,2,5,1,1,1,1,5,1,1,2.3333333333333335,5,5,5,5,6,6,7,7,6.5,2,1,1,1,1,1.2,4,7,3,7,1,1,1,1,2,1,1,1.3333333333333333,1,1,1,1,7,7,7,7,7,2,1,1,1,1,1.2,4,8,7,to see if people would still smile while seeing troubling images,I am uncertain,36,Male,White,NA,"Yes, you may use my data in the research.",NA,1,1,0.1840384615384615,0.4942307692307693,0.5769230769230771,1,FALSE,FALSE,0,FALSE
16157862,15/06/2026 12:56:39,complete,Threat,NaturaNegOne,negative,one,I agree to participate,13,4,1,2,1,1.3333333333333333,1,1,1,1,1,1,1,1,7,7,6,7,6.75,5,3,3,2,3,3.2,2,6,4,8,1,2,1,1.3333333333333333,1,1,1,1,1,1,1,1,7,6,6,7,6.5,5,3,3,3,3,3.4,1,9,2,5,1,1,1,1,3,3,3,3,1,1,1,1,7,6,6,7,6.5,5,3,3,3,3,3.4,4,7,3,7,1,1,1,1,3,3,2,2.6666666666666665,1,1,1,1,7,6,6,7,6.5,5,3,3,2,3,3.2,4,8,7,To perceive people's emotions and reactions when faced with various tasks and/or images,I genuinely have no idea.,30,Female,White,NA,"Yes, you may use my data in the research.",NA,1,1,0,3.1948076923076925,0,1,TRUE,TRUE,0,FALSE
16157881,15/06/2026 12:59:17,complete,No threat,SmilePosOne,positive,one,I agree to participate,13,4,1,1,1,1,1,1,1,1,1,1,1,1,2,2,4,2,2.5,4,1,1,4,4,2.8,2,6,4,8,5,1,5,3.6666666666666665,1,1,1,1,1,1,1,1,2,4,4,2,3,1,1,1,1,1,1,1,9,2,5,1,1,1,1,1,1,1,1,1,1,1,1,2,4,4,2,3,5,1,1,1,4,2.4,4,7,3,7,1,1,1,1,1,1,1,1,1,1,1,1,2,4,4,2,3,1,1,1,1,1,1,4,8,7,To see if the tests would improve or effect my ability to complete the math problems.,Maybe something to do with AI,24,Female,Black,"None, thank you for allowing me to participate! :)","Yes, you may use my data in the research.",NA,1,1,2.8253846153846154,2.8407692307692307,0.903846153846154,0.8846153846153845,FALSE,FALSE,0,FALSE
16157895,15/06/2026 14:02:13,complete,No threat,SmileNegOne,negative,one,I agree to participate,13,4,3,1,2,2,1,1,1,1,1,1,1,1,2,3,1,1,1.75,3,4,3,3,4,3.4,2,6,NA,8,1,1,1,1,1,1,1,1,1,1,2,1.3333333333333333,3,3,1,1,2,4,4,4,4,4,4,1,9,2,5,2,1,1,1.3333333333333333,1,1,1,1,2,1,1,1.3333333333333333,2,3,2,1,2,4,4,3,4,4,3.8,4,7,3,7,2,1,1,1.3333333333333333,1,1,1,1,2,1,2,1.6666666666666667,3,3,1,1,2,4,4,4,4,4,4,4,8,NA,Not really sure. Something with tracking facial expressions possibly.,I have no clue.,24,Female,Asian,N/A,"Yes, you may use my data in the research.",NA,1,1,0.07480769230769231,3.896730769230769,0,1,TRUE,TRUE,2,FALSE
16169745,17/06/2026 08:32:27,complete,No threat,NaturaNegTen,negative,ten,I agree to participate,13,4,4,3,4,3.6666666666666665,1,1,1,1,1,1,1,1,6,6,7,4,5.75,1,1,1,1,2,1.2,2,6,4,8,3,3,2,2.6666666666666665,1,1,2,1.3333333333333333,2,3,1,2,6,5,7,6,6,2,1,1,1,1,1.2,1,9,12,5,2,1,3,2,3,2,2,2.3333333333333335,2,3,2,2.3333333333333335,5,6,7,7,6.25,3,1,2,2,2,2,4,7,3,7,1,1,3,1.6666666666666667,1,1,1,1,2,2,1,1.6666666666666667,7,6,5,7,6.25,1,1,1,2,2,1.4,4,8,7,NA,NA,35,Female,White,NA,"Yes, you may use my data in the research.",NA,1,1,0.00339111009128172,0.0559702151993072,0.0010989010989011,0.01884946363314865,FALSE,FALSE,1,FALSE
16169746,17/06/2026 08:32:30,complete,Threat,SmilePosOne,positive,one,I agree to participate,13,4,1,6,1,2.6666666666666665,7,5,5,5.666666666666667,5,7,5,5.666666666666667,6,5,5,3,4.75,2,1,1,2,2,1.6,2,6,4,8,2,5,2,3,1,NA,1,1,1,1,1,1,5,5,5,3,4.5,2,1,1,1,2,1.4,1,9,2,5,6,6,6,6,1,1,1,1,1,1,1,1,6,5,5,3,4.75,2,1,1,2,2,1.6,4,7,3,7,4,4,4,4,4,4,4,4,4,4,4,4,5,5,5,3,4.5,1,1,1,1,1,1,4,8,7,"i think the purpse was to see how you emotion may chage based off you phiscal stats, lik if you happy sad or mad it will refct in how you feel about the task even if the tasknis the same",that this is a more of a psycalogical study to identify how are emotions affect our work,22,Female,Black,n/a,"Yes, you may use my data in the research.",NA,1,1,0.15039215686274512,2.9676470588235295,0.2352941176470588,1,TRUE,TRUE,0,FALSE
16169748,17/06/2026 08:32:42,complete,Threat,SmilePosTen,positive,ten,I agree to participate,13,4,5,5,6,5.333333333333333,1,1,NA,1,1,1,1,1,4,5,4,3,4,1,1,1,1,1,1,2,6,4,8,7,5,NA,6,1,1,1,1,1,1,1,1,4,4,5,2,3.75,2,1,1,1,1,1.2,1,9,2,5,3,1,3,2.3333333333333335,7,1,1,3,2,4,2,2.6666666666666665,4,3,5,1,3.25,2,1,1,5,3,2.4,4,7,3,7,6,5,6,5.666666666666667,1,1,1,1,1,1,1,1,4,5,4,3,4,2,1,1,1,1,1.2,4,8,7,"I guess it was to see our genuine reactions to stimuli? It was fun I admit that. Kind of sneaky though, but fun.","That you purposely told untruths to get us to react? If so, FUNNY! lol..",47,Female,White,It puzzled me when we advanced to the second round of pictures. Was nothing as described. Y'all are hilarious :D,"Yes, you may use my data in the research.",NA,1,1,0.15768815987933635,0.575326923076923,0.00961538461538461,0.29038461538461535,FALSE,FALSE,0,FALSE
16169749,17/06/2026 07:32:45,complete,Threat,NaturaNegTen,negative,ten,I agree to participate,13,4,4,5,4,4.333333333333333,4,4,4,4,1,1,4,2,6,6,6,6,6,1,1,1,1,1,1,2,6,4,8,5,6,6,5.666666666666667,1,1,1,1,1,1,1,1,6,6,6,6,6,1,1,1,1,1,1,1,9,2,5,1,1,1,1,7,7,7,7,7,7,7,7,6,6,6,6,6,1,1,1,3,1,1.4,4,7,3,7,1,1,1,1,7,7,7,7,7,7,7,7,6,6,6,6,6,1,1,1,1,1,1,4,8,7,to see how you pay attention and to what extent seeing disturbing or irritating behavior has on your answers,I do not have any idea,53,Female,White,NA,"Yes, you may use my data in the research.",NA,1,1,0.11182692307692307,3.610326923076923,0.01346153846153846,1,TRUE,TRUE,0,FALSE
16169751,17/06/2026 08:32:49,complete,Threat,SmileNegTen,negative,ten,I agree to participate,13,4,1,1,1,1,1,1,1,1,1,1,1,1,1,2,1,6,2.5,7,6,6,6,6,6.2,2,6,4,8,1,1,1,1,1,1,1,1,1,1,1,1,1,1,1,1,1,7,6,6,6,6,6.2,1,9,2,5,1,1,1,1,7,4,1,4,NA,7,6,6.5,1,1,NA,1,1,7,6,6,6,6,6.2,4,7,3,7,1,1,1,1,1,1,1,1,4,3,3,3.3333333333333335,1,1,1,1,1,7,6,6,6,6,6.2,4,8,7,I'm not sure.,Something to do about the negative/disturbing photos,48,Female,White,I'm not sure if I did the one task right where you were supposed to imitate the groups of pictures that you saw. There was nothing to imitate. Hopefully this was intentional. Best of luck with the study!,"Yes, you may use my data in the research.",NA,1,1,0.02233220211161387,0.03213800904977376,0,0.00769230769230769,FALSE,FALSE,0,FALSE
16169752,17/06/2026 08:32:51,complete,No threat,NaturaPosOne,positive,one,I agree to participate,13,4,7,NA,7,7,3,1,1,1.6666666666666667,1,4,3,2.6666666666666665,5,4,5,2,4,1,1,1,1,1,1,2,6,4,8,7,7,7,7,1,1,1,1,1,1,1,1,5,5,5,1,4,1,1,1,1,1,1,1,9,2,5,6,6,7,6.333333333333333,1,2,1,1.3333333333333333,1,3,2,2,5,4,5,1,3.75,1,1,1,1,1,1,4,7,3,7,7,7,7,7,1,1,1,1,1,1,1,1,1,5,5,5,4,1,1,1,1,1,1,4,8,7,I think to see how we feel after physical actions... but the math stuff was confusing to me,probably some test of how happiness,38,Male,White,"no issues, blinking might have been a bit off first question cus the countdown surprised me with the speed","Yes, you may use my data in the research.",NA,1,1,0.0225,2.770769230769231,0,1,TRUE,TRUE,0,FALSE
16169753,17/06/2026 08:32:54,complete,Threat,SmilePosTen,positive,ten,I agree to participate,13,4,1,1,1,1,1,1,1,1,2,2,2,2,3,3,4,1,2.75,5,3,2,3,3,3.2,2,6,4,8,1,1,1,1,1,1,1,1,2,2,2,2,2,2,3,1,2,4,2,1,1,3,2.2,1,9,2,5,3,3,1,2.3333333333333335,1,1,1,1,2,2,2,2,2,2,3,1,2,4,3,1,1,3,2.4,4,7,3,7,2,1,1,1.3333333333333333,1,1,1,1,2,2,2,2,2,3,3,2,2.5,4,2,1,1,3,2.2,4,8,7,I have no idea.,I don't know.,44,Male,White,None.,"Yes, you may use my data in the research.",NA,1,1,0.4594766214177979,2.5550392156862745,0,1,TRUE,TRUE,0,FALSE
16169755,17/06/2026 07:32:58,complete,Threat,SmilePosOne,positive,one,I agree to participate,13,4,1,1,1,1,2,2,2,2,1,1,1,1,1,1,1,1,1,7,1,2,3,6,3.8,2,6,4,8,2,1,2,1.6666666666666667,1,1,1,1,1,1,1,1,1,1,1,1,1,7,4,3,5,6,5,1,9,4,5,3,1,3,2.3333333333333335,1,1,1,1,1,1,1,1,1,1,1,1,1,7,6,3,2,5,4.6,4,7,3,7,3,3,3,3,2,1,1,1.3333333333333333,1,1,1,1,1,1,1,1,1,7,3,2,7,6,5,4,8,7,To make sure you can follow instructions.,To use our images for AI training.,32,Male,White,"I messed up the first physical task by complete accident, I thought the timer was a countdown to begin. That was my fault.","Yes, you may use my data in the research.",NA,1,1,0.03207547169811321,2.933269230769231,0,1,TRUE,TRUE,1,FALSE
16169757,17/06/2026 08:32:59,complete,Threat,SmilePosTen,positive,ten,I agree to participate,13,4,1,1,3,1.6666666666666667,4,1,1,2,1,1,3,1.6666666666666667,1,2,1,1,1.25,7,5,4,5,7,5.6,2,6,4,8,4,4,4,4,1,1,1,1,1,1,1,1,1,1,2,1,1.25,3,4,4,4,4,3.8,1,9,2,5,1,1,1,1,4,7,1,4,7,5,6,6,1,2,1,1,1.25,6,5,5,5,7,5.6,4,7,3,7,5,5,5,5,1,1,1,1,1,1,1,1,1,1,3,1,1.5,3,5,4,4,6,4.4,4,8,7,it was to test attention and emotional processing,I think the study was examining how people naturally react to actions and images while preforming other tasks.,28,Male,Other,n/a,"Yes, you may use my data in the research.",NA,1,1,0.01588461538461538,1.40825,0.37115384615384617,0.9980769230769232,FALSE,TRUE,0,FALSE
16169758,17/06/2026 08:32:59,complete,Threat,NaturaPosOne,positive,one,I agree to participate,13,4,2,2,2,2,1,1,1,1,1,1,1,1,6,6,6,7,6.25,3,1,1,1,1,1.4,2,6,4,8,2,2,1,1.6666666666666667,1,1,1,1,1,1,1,1,7,6,7,7,6.75,2,1,1,1,1,1.2,1,9,2,5,2,2,2,2,1,1,1,1,1,1,1,1,7,6,7,7,6.75,3,1,1,1,1,1.4,4,7,3,7,4,2,5,3.6666666666666665,1,1,1,1,1,1,1,1,6,6,7,7,6.5,3,1,1,1,1,1.4,4,8,7,Explore the effect of physical movement tasks on peoples math performance,seeing if people can follow directions,34,Female,White,None,"Yes, you may use my data in the research.",NA,1,1,0.22423076923076923,0.7738461538461539,0,0,FALSE,FALSE,0,FALSE
16169760,17/06/2026 08:33:03,complete,No threat,SmileNegTen,negative,ten,I agree to participate,13,4,3,3,3,3,1,1,1,1,1,1,1,1,5,5,NA,3,4.333333333333333,1,1,1,1,1,1,2,6,4,8,2,2,2,2,1,1,1,1,1,1,1,1,5,4,4,3,4,1,1,1,1,1,1,1,9,2,5,1,1,2,1.3333333333333333,3,1,1,1.6666666666666667,2,1,1,1.3333333333333333,5,4,5,3,4.25,1,1,1,1,1,1,4,7,3,7,1,1,1,1,1,1,1,1,3,2,4,3,5,4,5,4,4.5,1,1,1,4,1,1.6,4,8,7,see peoples reactions to things that are distrubing.,"i have no idea, can you work and multitask while you have horrible things going on in and around your life??",51,Female,White,no issues,"Yes, you may use my data in the research.",NA,1,1,0.19090021770682147,2.271911465892598,0,0.9867924528301888,TRUE,TRUE,0,FALSE
16169761,17/06/2026 08:33:04,complete,No threat,SmileNegOne,negative,one,I agree to participate,13,4,1,1,1,1,1,1,1,1,1,1,1,1,6,6,6,1,4.75,3,1,1,1,1,1.4,2,6,4,8,1,1,1,1,1,1,1,1,1,1,1,1,6,6,6,1,4.75,3,1,1,1,1,1.4,1,9,2,5,1,1,1,1,1,1,1,1,1,4,4,3,6,6,6,1,4.75,3,1,1,1,1,1.4,4,7,3,7,1,1,1,1,1,1,1,1,1,1,1,1,6,6,6,1,4.75,3,1,1,1,1,1.4,4,8,7,I have absolutely no idea.,I am not sure,31,Male,White,na,"Yes, you may use my data in the research.",NA,1,1,0.9973584905660378,2.8203846153846155,1,1,TRUE,FALSE,0,FALSE
16169762,17/06/2026 08:33:02,complete,Threat,NaturaNegOne,negative,one,I agree to participate,13,4,3,4,3,3.3333333333333335,1,1,1,1,1,1,2,1.3333333333333333,3,5,4,5,4.25,5,3,4,3,3,3.6,2,6,4,8,4,3,4,3.6666666666666665,1,1,1,1,1,1,1,1,3,5,4,6,4.5,3,2,2,2,2,2.2,1,9,2,5,2,1,3,2,4,1,1,2,2,1,3,2,3,5,4,6,4.5,3,2,2,3,2,2.4,4,7,3,7,3,2,2,2.3333333333333335,3,1,1,1.6666666666666667,1,1,1,1,3,5,4,5,4.25,4,2,3,2,3,2.8,4,8,7,"See how photos can influence our subtle facial expressions, and how certain activities can change how we feel in the moment.",I am not sure.,28,Male,White,I did not experience any issues.,"Yes, you may use my data in the research.",NA,1,1,0,1.8825,0,1,TRUE,TRUE,0,FALSE
16169764,17/06/2026 08:33:09,complete,Threat,NaturaNegTen,negative,ten,I agree to participate,13,4,1,1,1,1,1,1,1,1,1,1,1,1,5,4,4,5,4.5,5,2,2,2,2,2.6,2,6,4,8,1,1,1,1,1,1,1,1,1,1,1,1,5,4,4,5,4.5,5,1,1,1,1,1.8,1,9,2,5,1,1,1,1,1,1,1,1,2,2,3,2.3333333333333335,5,4,4,5,4.5,5,2,2,2,2,2.6,4,7,3,7,1,1,1,1,5,1,1,2.3333333333333335,2,1,2,1.6666666666666667,5,4,4,5,4.5,5,2,2,2,2,2.6,4,8,7,Not sure,Something about facial expression and eyes maybe,21,Female,White,NA,"Yes, you may use my data in the research.",NA,1,1,0,0.9507816742081447,0,0.9264705882352942,FALSE,TRUE,0,FALSE
16169765,17/06/2026 07:33:11,complete,No threat,NaturaPosTen,positive,ten,I agree to participate,13,4,5,5,5,5,1,1,1,1,1,1,1,1,5,5,5,NA,5,1,1,1,1,1,1,2,6,4,8,5,5,5,5,1,1,1,1,1,1,1,1,5,5,5,5,5,1,1,1,1,1,1,1,9,2,5,7,7,7,7,1,1,1,1,1,1,1,1,5,5,5,5,5,1,1,1,1,1,1,4,7,3,7,5,5,6,5.333333333333333,1,1,1,1,1,1,1,1,5,5,5,5,5,1,1,1,1,1,1,4,8,7,if my feelings would change based on task,i have no idea,21,Male,White,NA,"Yes, you may use my data in the research.",NA,1,1,0.0028076923076923,2.946057692307692,0,0.9826923076923078,TRUE,TRUE,0,FALSE
16169766,17/06/2026 07:33:19,complete,No threat,SmileNegOne,negative,one,I agree to participate,13,4,5,4,5,4.666666666666667,2,2,2,2,1,1,1,1,4,3,4,5,4,4,1,1,3,2,2.2,2,6,4,8,2,2,2,2,1,1,1,1,1,1,1,1,4,3,4,5,4,3,1,1,2,1,1.6,1,9,2,5,2,2,2,2,3,1,1,1.6666666666666667,1,1,1,1,3,4,4,5,4,4,1,1,3,2,2.2,4,7,3,7,1,1,1,1,1,1,1,1,1,1,1,1,5,3,4,5,4.25,4,1,1,2,2,2,4,8,7,I think it may psychology based or learning based.,Thr true purpose of the study.,28,Female,Mixed,"I believe instruction following on two tasks were not the best, but besides that the rest should be good.","Yes, you may use my data in the research.",NA,1,1,0,0,0,0,FALSE,FALSE,0,FALSE
16169772,17/06/2026 07:33:39,complete,No threat,SmileNegOne,negative,one,I agree to participate,13,4,1,1,1,1,1,3,4,2.6666666666666665,2,2,2,2,3,2,2,4,2.75,5,3,3,3,3,3.4,2,6,4,8,3,3,4,3.3333333333333335,2,3,2,2.3333333333333335,2,2,2,2,3,3,3,4,3.25,5,3,3,3,2,3.2,1,9,2,5,3,4,3,3.3333333333333335,1,2,2,1.6666666666666667,1,2,1,1.3333333333333333,3,3,3,4,3.25,5,3,3,3,3,3.4,4,7,3,7,1,1,1,1,5,4,5,4.666666666666667,3,3,3,3,3,3,3,4,3.25,5,2,2,2,2,2.6,4,8,7,I'm honestly not sure,"I'm having anxiety after taking the study, I have to really push myself to appear on webcam - So, I'm not sure what to think of it right now. I can't really come up with anything that makes heads or tails of it all the way through.",39,Male,White,"When I did the third video task it made me feel like I shouldn't have been smiling on the second video task, I read all of the instructions thoroughly but I got lost in the smiles of the people. I'm neurodivergent to some degree and that may be my fault. I tried my honest best with the task though. But if there is any problem that this would get a rejection, I try to keep 100% approval rates so let me know, I would much rather return it than possibly have a rejection if I should have not smiled.","Yes, you may use my data in the research.",NA,1,1,1.9230769230769225e-4,2.478269230769231,0,1,TRUE,TRUE,0,FALSE
16169774,17/06/2026 07:33:52,complete,No threat,NaturaPosTen,positive,ten,I agree to participate,13,4,1,1,1,1,1,1,1,1,1,1,1,1,4,4,5,5,4.5,3,1,1,1,1,1.4,2,6,4,8,1,1,1,1,1,1,1,1,1,1,2,1.3333333333333333,5,4,5,5,4.75,3,1,1,1,1,1.4,1,9,2,5,1,1,1,1,1,1,1,1,1,1,2,1.3333333333333333,5,4,5,5,4.75,3,1,1,1,1,1.4,4,7,3,7,2,1,2,1.6666666666666667,1,1,1,1,1,1,1,1,5,4,5,5,4.75,3,1,1,1,1,1.4,4,8,7,I have no idea,"How the different actions affected the answers to the ""feeling"" questions?",41,Female,White,none,"Yes, you may use my data in the research.",NA,1,1,0,1.0062379336349925,0,1,FALSE,TRUE,0,FALSE
16169775,17/06/2026 08:34:03,complete,Threat,NaturaPosOne,positive,one,I agree to participate,13,4,3,5,2,3.3333333333333335,4,1,1,2,2,2,1,1.6666666666666667,4,4,4,4,4,7,3,2,1,6,3.8,2,6,4,8,2,5,5,4,2,2,5,3,2,5,2,3,5,5,5,5,5,5,5,5,5,5,5,1,9,2,5,4,4,5,4.333333333333333,1,1,1,1,1,4,4,3,6,6,6,6,6,3,6,1,1,1,2.4,4,7,3,7,6,6,6,6,6,6,6,6,6,6,6,6,4,4,4,4,4,4,4,4,4,4,4,4,8,7,NA,nothjing,33,Female,Black,NA,"Yes, you may use my data in the research.",NA,0,0,0,0,0,0,FALSE,FALSE,0,FALSE
16169776,17/06/2026 08:34:06,complete,Threat,SmileNegTen,negative,ten,I agree to participate,13,4,1,1,5,2.3333333333333335,1,1,1,1,1,1,1,1,5,3,5,6,4.75,5,1,5,NA,5,4,2,6,4,8,1,1,1,1,1,1,1,1,5,1,5,3.6666666666666665,5,5,5,5,5,5,1,1,5,5,3.4,1,9,2,5,1,1,1,1,5,1,1,2.3333333333333335,1,1,1,1,5,5,5,5,5,5,1,1,5,5,3.4,4,7,3,7,1,1,1,1,5,1,1,2.3333333333333335,1,1,1,1,5,5,5,5,5,5,1,1,5,5,3.4,4,8,7,To see how people can multitask while feeling certain emotions.,"That the purpose of this study was for something else, other than what was explained originally.",35,Female,Black,"I did my best but, I might have slightly miss read the instructions on a few of the task.","Yes, you may use my data in the research.",NA,1,0.9846153846153848,2.884615384615383e-4,0.02913461538461538,0,0.03461538461538461,FALSE,FALSE,0,FALSE
16169779,17/06/2026 08:34:50,complete,No threat,NaturaNegOne,negative,one,I agree to participate,13,4,1,1,1,1,1,1,1,1,4,4,5,4.333333333333333,6,6,6,5,5.75,4,1,1,1,1,1.6,2,6,4,8,1,1,1,1,1,1,1,1,6,3,6,5,5,6,5,5,5.25,5,1,1,1,1,1.8,1,9,2,5,1,1,1,1,5,5,3,4.333333333333333,5,5,5,5,5,5,5,5,5,4,1,1,1,1,1.6,4,7,3,7,1,3,1,1.6666666666666667,5,4,3,4,1,3,6,3.3333333333333335,6,6,5,5,5.5,5,1,1,1,1,1.8,4,8,7,I am honestly not sure!,No idea!,34,Female,White,None,"Yes, you may use my data in the research.",NA,1,1,0,1.5015384615384617,0,1,TRUE,TRUE,0,FALSE
16169781,17/06/2026 08:34:27,complete,Threat,NaturaNegTen,negative,ten,I agree to participate,13,4,1,4,1,2,1,1,1,1,1,1,1,1,7,7,7,6,6.75,1,1,1,1,1,1,2,6,4,8,2,4,2,2.6666666666666665,1,1,1,1,1,1,1,1,7,7,7,6,6.75,1,1,1,1,1,1,1,9,2,5,1,1,1,1,6,1,1,2.6666666666666665,3,4,2,3,7,7,7,6,6.75,1,1,1,1,2,1.2,4,7,3,7,1,1,1,1,5,1,1,2.3333333333333335,4,4,1,3,7,7,7,6,6.75,1,1,1,1,2,1.2,4,8,7,To see if seeing the negative images would impact my ability to answer the math questions correctly,That my payment would not be reduced for poor performance,45,Male,White,no issues,"Yes, you may use my data in the research.",NA,1,1,0,2.678077677224736,0,0.9301659125188536,TRUE,TRUE,0,FALSE
16169784,17/06/2026 08:34:42,complete,No threat,NaturaPosTen,positive,ten,I agree to participate,13,4,1,1,1,1,1,1,1,1,1,1,1,1,2,2,2,3,2.25,6,6,6,7,6,6.2,2,6,4,8,1,1,1,1,1,1,1,1,2,2,2,2,2,2,2,3,2.25,6,7,6,6,6,6.2,1,9,2,5,3,2,3,2.6666666666666665,1,1,1,1,2,1,2,1.6666666666666667,2,3,2,3,2.5,6,7,6,6,6,6.2,4,7,3,7,5,2,5,4,1,1,1,1,2,2,2,2,3,2,3,3,2.75,6,6,6,7,6,6.2,4,8,7,"To see if our opinions on how we feel in life changes after looking at happy/cute pictures like puppies/kittens, or how tedious tasks like tapping your nose may affect how you feel.",Really have no clue. Maybe the photos were all AI generated or something?,24,Male,White,NA,"Yes, you may use my data in the research.",NA,1,1,0.00888461538461538,0.2272692307692308,0,0.1807692307692308,FALSE,FALSE,0,FALSE
16169786,17/06/2026 08:35:09,complete,No threat,NaturaNegOne,negative,one,I agree to participate,13,4,1,1,1,1,1,1,1,1,1,1,1,1,5,6,6,3,5,1,1,1,1,1,1,2,6,4,8,4,3,3,3.3333333333333335,1,1,1,1,1,1,1,1,5,5,6,3,4.75,1,1,1,1,1,1,1,9,2,5,6,6,6,6,1,1,1,1,1,1,1,1,5,5,6,3,4.75,1,1,1,1,1,1,4,7,3,7,3,1,1,1.6666666666666667,1,1,1,1,1,1,1,1,5,6,6,3,5,1,1,1,1,1,1,4,8,7,To see the relation between simple phisical tasks and math,I have no idea,40,Male,Black,NA,"Yes, you may use my data in the research.",NA,1,1,1.1098076923076925,2.648076923076923,1,1,TRUE,FALSE,0,FALSE
16169792,17/06/2026 05:36:17,complete,No threat,NaturaPosOne,positive,one,I agree to participate,13,4,4,2,4,3.3333333333333335,1,1,1,1,1,1,1,1,3,3,4,4,3.5,4,2,2,4,4,3.2,2,6,4,8,5,5,5,5,1,1,1,1,1,1,1,1,4,4,4,4,4,3,2,2,2,2,2.2,1,9,2,5,1,1,1,1,1,1,1,1,1,2,2,1.6666666666666667,4,3,3,4,3.5,4,2,2,2,3,2.6,4,7,3,7,6,1,5,4,1,1,1,1,1,1,1,1,3,3,4,4,3.5,4,2,2,2,2,2.4,4,8,7,To test how putting your mind elsewhere makes you feel,I don't know,41,Male,White,No issues,"Yes, you may use my data in the research.",NA,1,1,0,2.081153846153846,0,1,TRUE,TRUE,0,FALSE
16169823,17/06/2026 05:40:32,complete,Threat,SmilePosOne,positive,one,I agree to participate,13,4,1,1,1,1,1,1,1,1,1,1,1,1,2,3,3,2,2.5,4,1,1,1,1,1.6,2,6,4,8,1,1,1,1,1,1,1,1,1,1,2,1.3333333333333333,3,5,3,2,3.25,4,1,1,1,1,1.6,1,9,2,5,2,1,2,1.6666666666666667,1,1,1,1,1,1,1,1,3,5,3,2,3.25,4,1,1,1,1,1.6,4,7,2,7,3,1,3,2.3333333333333335,1,1,1,1,1,1,1,1,2,5,3,3,3.25,4,1,1,1,1,1.6,4,8,7,To see how visual/physical stimulai could affect response time/congnitive ability.,"I'm not sure, it may be something along the lines of distractions causing poorer cognitive ability but if I had known that, the results would be skewed.",28,Female,White,NA,"Yes, you may use my data in the research.",NA,1,1,0.05576923076923075,2.351923076923077,0.5384615384615385,1,TRUE,FALSE,1,FALSE
16169826,17/06/2026 08:40:59,complete,No threat,SmileNegTen,negative,ten,I agree to participate,13,4,1,1,1,1,1,1,1,1,1,1,1,1,3,3,5,3,3.5,3,2,1,1,1,1.6,2,6,4,8,1,1,1,1,1,1,1,1,1,1,1,1,3,2,3,3,2.75,3,2,2,1,1,1.8,11,9,2,5,1,1,1,1,1,1,1,1,1,1,1,1,3,3,4,3,3.25,3,2,2,1,1,1.8,4,7,3,7,1,1,1,1,1,1,1,1,1,1,1,1,3,3,4,3,3.25,3,2,2,1,1,1.8,4,6,7,Test how the images impacted my thoughts,Using the camera to make sure I stayed focused on the images provided.,22,Male,White,NA,"Yes, you may use my data in the research.",NA,1,1,0.00653846153846153,0.9785384615384616,0.02692307692307691,0.6826923076923077,FALSE,TRUE,2,FALSE
16169867,17/06/2026 08:46:44,complete,No threat,NaturaPosTen,positive,ten,I agree to participate,13,4,1,2,2,1.6666666666666667,1,1,1,1,1,1,1,1,3,3,NA,3,3,2,1,1,1,1,1.2,2,6,4,8,4,4,4,4,1,1,1,1,2,1,2,1.6666666666666667,3,3,5,3,3.5,1,1,1,1,1,1,1,9,2,5,4,4,4,4,1,1,1,1,1,1,1,1,3,3,NA,3,3,1,1,1,1,1,1,4,7,3,7,3,3,3,3,1,1,1,1,1,1,1,1,3,3,5,3,3.5,2,1,1,1,1,1.2,4,8,7,To see if animals and flowers would cheer people up.,NA,37,Male,Black,NA,"Yes, you may use my data in the research.",NA,1,1,0.1201417797888386,0.1123337104072398,0.3844645550527903,0.1164404223227752,FALSE,FALSE,0,FALSE
16169919,17/06/2026 07:54:04,complete,Threat,NaturaNegOne,negative,one,I agree to participate,13,4,4,5,4,4.333333333333333,1,1,1,1,5,5,5,5,5,5,5,6,5.25,5,1,1,1,1,1.8,2,6,4,8,6,6,4,5.333333333333333,1,1,1,1,1,1,1,1,5,5,5,6,5.25,5,1,1,1,1,1.8,1,9,2,5,1,1,1,1,7,7,7,7,7,7,7,7,5,5,5,5,5,5,1,1,1,1,1.8,4,7,3,7,1,1,1,1,7,6,7,6.666666666666667,NA,7,7,7,5,5,5,6,5.25,1,1,1,1,1,1,4,8,7,I think possibly how well we follow instructions but also how we feel about certain acts of violence and how it relates to our overall mood and feelings.,I am not sure what could be hidden besides just watching what our moods in our expressions are.,52,Female,White,No issues. Thanks,"Yes, you may use my data in the research.",NA,1,1,0.16288461538461538,0.7975,0.01923076923076921,0.173076923076923,FALSE,FALSE,0,FALSE
16169941,17/06/2026 07:56:21,complete,Threat,SmilePosOne,positive,one,I agree to participate,13,4,1,1,1,1,1,1,1,1,2,1,2,1.6666666666666667,2,5,5,7,4.75,1,1,1,1,1,1,2,6,4,8,1,1,1,1,1,1,1,1,2,1,2,1.6666666666666667,2,5,5,7,4.75,1,1,1,1,1,1,1,9,2,5,1,1,1,1,1,1,1,1,2,1,2,1.6666666666666667,2,5,5,7,4.75,1,1,1,1,1,1,4,7,3,7,1,1,1,1,1,1,1,1,1,1,1,1,2,5,5,7,4.75,1,1,1,1,1,1,4,8,7,No idea.,No idea.,34,Male,White,NA,"Yes, you may use my data in the research.",NA,1,1,0,1.0796153846153846,0,0.6923076923076923,FALSE,TRUE,0,FALSE
16171511,17/06/2026 11:34:53,complete,Threat,SmileNegOne,negative,one,I agree to participate,13,4,1,1,1,1,1,1,1,1,1,1,1,1,3,4,3,2,3,7,1,1,1,2,2.4,2,6,4,8,2,1,2,1.6666666666666667,1,1,1,1,1,1,1,1,4,4,4,2,3.5,7,2,1,2,1,2.6,1,9,2,5,1,1,2,1.3333333333333333,1,1,1,1,1,1,1,1,3,4,5,3,3.75,7,1,1,1,1,2.2,4,7,3,7,2,1,2,1.6666666666666667,1,1,1,1,1,1,1,1,4,4,4,3,3.75,7,2,1,2,1,2.6,4,8,7,I believe if the answers to the post question would change after the task or doing the math problems,that the math problems weren't important and were just a distaction maybe,25,Male,Other,NA,"Yes, you may use my data in the research.",NA,1,NA,3.8409615384615385,NA,1,NA,NA,FALSE,0,FALSE
16171512,17/06/2026 11:34:54,complete,No threat,NaturaNegOne,negative,one,I agree to participate,13,NA,5,4,5,4.666666666666667,1,1,1,1,1,1,1,1,3,5,4,2,3.5,3,4,3,5,5,4,2,6,4,8,2,2,4,2.6666666666666665,1,1,1,1,1,1,1,1,3,3,3,3,3,2,5,5,5,5,4.4,1,9,2,5,1,1,1,1,3,2,2,2.3333333333333335,1,1,1,1,3,3,3,3,3,2,5,5,5,5,4.4,4,7,3,7,1,2,3,2,1,1,1,1,1,1,1,1,3,3,3,3,3,2,5,5,4,NA,4,4,8,7,Not sure its hard to tell. Maybe how my skills are impacted after a series of somewhat alarming photos,I'm not sure. It's hard to follow the theme,33,Female,Black,NA,"Yes, you may use my data in the research.",NA,1,1,0,2.65156862745098,0,0.9019607843137256,TRUE,TRUE,1,FALSE
16171515,17/06/2026 12:34:59,complete,No threat,SmilePosOne,positive,one,I agree to participate,13,4,2,2,2,2,2,2,2,2,2,2,2,2,6,6,6,6,6,2,2,2,2,2,2,2,6,4,8,5,3,3,3.6666666666666665,2,2,2,2,2,2,2,2,6,6,6,5,5.75,2,2,2,2,2,2,1,9,2,5,6,6,2,4.666666666666667,2,2,2,2,2,2,2,2,5,6,6,6,5.75,2,2,2,2,2,2,4,7,3,7,2,2,2,2,2,2,2,2,2,2,2,2,6,6,6,5,5.75,2,2,2,2,2,2,4,8,7,Facial expressions changing with different photos,NA,39,Female,Other,NA,"Yes, you may use my data in the research.",NA,1,1,0,1.6421153846153846,0,0.903846153846154,TRUE,TRUE,0,FALSE
16171519,17/06/2026 12:35:50,complete,No threat,SmilePosTen,positive,ten,I agree to participate,13,4,4,4,4,4,1,1,1,1,2,1,2,1.6666666666666667,5,4,5,2,4,5,1,2,1,1,2,2,6,4,8,3,3,3,3,1,1,1,1,1,1,1,1,4,4,4,2,3.5,3,1,1,1,1,1.4,1,9,2,5,2,2,2,2,1,1,1,1,3,3,3,3,4,4,5,2,3.75,3,2,1,2,1,1.8,4,7,3,7,3,2,3,2.6666666666666665,1,1,1,1,2,2,2,2,4,4,4,2,3.5,4,1,1,2,1,1.8,4,8,7,I have no clue,That people react different when seeing pictures meant to bring happiness?,23,Male,White,None,"Yes, you may use my data in the research.",NA,1,1,0.5617115384615384,2.1656153846153847,0.4807692307692308,0.948076923076923,TRUE,TRUE,0,FALSE
16171520,17/06/2026 12:35:04,complete,Threat,SmileNegOne,negative,one,I agree to participate,13,4,2,2,2,2,2,2,2,2,2,2,2,2,3,3,4,3,3.25,5,3,2,NA,6,4,2,6,4,8,1,1,1,1,1,1,1,1,1,1,1,1,2,2,2,2,2,5,3,3,6,6,4.6,1,9,2,5,1,1,1,1,2,2,1,1.6666666666666667,2,1,2,1.6666666666666667,3,3,4,3,3.25,5,3,3,5,6,4.4,4,6,3,7,1,1,1,1,2,1,1,1.3333333333333333,2,2,2,2,3,3,4,3,3.25,5,3,3,5,6,4.4,4,8,7,I am not sure. Being able to maintain a positive look when feeling down?,That it's about the ability of humans to control their expressions,31,Female,White,NA,"Yes, you may use my data in the research.",NA,1,1,0.15942307692307692,2.1428846153846153,0,1,TRUE,TRUE,1,FALSE
16171521,17/06/2026 11:35:13,complete,No threat,NaturaNegTen,negative,ten,I agree to participate,13,4,1,1,1,1,1,1,1,1,1,1,1,1,4,4,3,2,3.25,6,4,6,5,5,5.2,2,6,4,8,1,1,1,1,1,1,1,1,1,1,2,1.3333333333333333,4,4,3,3,3.5,6,5,6,5,5,5.4,1,9,2,5,1,1,1,1,1,1,1,1,2,1,2,1.6666666666666667,4,4,4,3,3.75,6,5,5,5,6,5.4,4,7,3,7,1,1,1,1,1,1,1,1,1,1,1,1,3,4,4,4,3.75,6,5,6,5,5,5.4,4,8,7,experimenting with our perceptions based on emotion triggers?,I wasn't being recorded at all?,39,Male,White,"thanks and good luck, I didn't feel anything with the image sets so I apologize if I looked weird","Yes, you may use my data in the research.",NA,1,1,0.9073653846153846,1.514326923076923,0,0.5653846153846154,FALSE,TRUE,0,FALSE
16171522,17/06/2026 12:35:07,complete,Threat,SmilePosOne,positive,one,I agree to participate,13,4,4,4,3,3.6666666666666665,1,1,1,1,1,1,1,1,5,6,6,5,5.5,1,1,1,1,1,1,2,6,4,8,4,3,3,3.3333333333333335,1,1,1,1,1,1,1,1,6,6,6,6,6,1,1,1,1,1,1,1,9,2,5,3,5,3,3.6666666666666665,1,1,1,1,1,1,1,1,5,6,6,5,5.5,1,1,1,1,1,1,4,7,3,7,3,3,3,3,1,1,1,1,1,1,1,1,6,6,6,6,6,1,1,1,1,1,1,4,8,7,to see how well i follow instructions,im not sure,44,Female,White,none,"Yes, you may use my data in the research.",NA,0.6923076923076923,0.903846153846154,0.5896153846153847,0,0.19230769230769215,0,FALSE,FALSE,0,FALSE
16171523,17/06/2026 12:35:08,complete,No threat,SmilePosTen,positive,ten,I agree to participate,13,4,1,1,1,1,1,1,1,1,1,1,2,1.3333333333333333,5,5,5,4,4.75,2,1,1,1,1,1.2,2,6,4,8,1,1,1,1,1,1,1,1,1,1,1,1,5,5,5,4,4.75,2,1,1,1,1,1.2,1,9,2,5,1,1,1,1,1,1,1,1,3,2,3,2.6666666666666665,5,5,5,4,4.75,2,1,1,1,1,1.2,4,7,3,7,1,1,1,1,1,1,1,1,1,1,1,1,5,5,5,4,4.75,2,1,1,1,1,1.2,4,8,7,How we react to photos impacts how quickly we do math?,Some people got happy photos and some got scary ones?,28,Female,White,NA,"Yes, you may use my data in the research.",NA,1,1,0.00297285067873303,2.61240233785822,0,1,TRUE,TRUE,0,FALSE
16171524,17/06/2026 09:35:08,complete,Threat,NaturaPosOne,positive,one,I agree to participate,13,4,5,5,6,5.333333333333333,1,1,1,1,1,1,1,1,7,7,7,7,7,1,1,1,1,1,1,2,6,4,8,7,7,7,7,1,1,1,1,1,1,1,1,7,7,7,7,7,1,1,1,1,1,1,1,9,2,5,6,6,6,6,1,1,1,1,1,1,1,1,7,7,7,7,7,1,1,1,1,1,1,4,7,3,7,6,6,6,6,1,1,1,1,1,1,1,1,7,7,7,7,7,1,1,1,1,1,1,4,8,7,"Mixture of map proficiency, tasks, and checking our demeanor.",I really don't know.,50,Male,White,NA,"Yes, you may use my data in the research.",NA,1,1,0,0,0,0,FALSE,FALSE,0,FALSE
16171525,17/06/2026 10:35:11,complete,No threat,NaturaNegTen,negative,ten,I agree to participate,13,4,2,2,2,2,1,1,1,1,1,1,1,1,5,5,6,3,4.75,3,1,1,2,1,1.6,2,6,4,8,2,2,2,2,1,1,1,1,1,1,1,1,5,5,6,3,4.75,3,1,1,1,1,1.4,1,9,2,5,1,1,1,1,2,2,1,1.6666666666666667,6,4,6,5.333333333333333,5,5,6,3,4.75,3,1,1,2,1,1.6,4,7,3,7,1,1,1,1,6,3,3,4,2,3,3,2.6666666666666665,5,5,6,3,4.75,3,1,1,3,1,1.8,4,8,7,to gauge the impact of distress/annoyance on cognitive function,that the study was recording micromovements in the face when looking at photos,38,Female,White,NA,"Yes, you may use my data in the research.",NA,1,1,0,2.434003265602322,0,1,TRUE,TRUE,0,FALSE
16171526,17/06/2026 12:35:14,complete,Threat,SmileNegTen,negative,ten,I agree to participate,13,4,5,6,6,5.666666666666667,1,1,1,1,1,1,1,1,7,7,7,1,5.5,1,1,1,1,1,1,2,6,4,8,1,6,6,4.333333333333333,1,1,1,1,1,1,1,1,7,7,7,2,5.75,1,1,1,1,1,1,1,9,2,5,1,1,1,1,6,1,1,2.6666666666666665,6,6,6,6,7,7,7,3,6,1,1,1,1,1,1,4,7,3,7,1,1,1,1,6,1,1,2.6666666666666665,6,6,6,6,7,7,7,2,5.75,1,1,1,1,1,1,4,8,7,testing human perception,more dtails about human emotions,62,Male,Black,no issues at all,"Yes, you may use my data in the research.",NA,0,0,0,0,0,0,FALSE,FALSE,0,FALSE
16171528,17/06/2026 12:35:13,complete,No threat,SmileNegTen,negative,ten,I agree to participate,13,4,1,1,1,1,1,1,1,1,2,1,2,1.6666666666666667,3,5,5,2,3.75,2,1,1,1,1,1.2,2,6,4,8,1,1,1,1,1,1,1,1,2,2,1,1.6666666666666667,3,4,4,2,3.25,2,1,1,1,1,1.2,1,9,2,5,1,1,1,1,2,1,1,1.3333333333333333,2,3,2,2.3333333333333335,3,4,4,2,3.25,2,1,1,1,2,1.4,4,7,3,7,1,1,1,1,2,1,1,1.3333333333333333,3,3,2,2.6666666666666665,3,4,4,2,3.25,2,1,1,2,1,1.4,4,8,7,"If artificial emotional act and stress inducing images affects self evaluation, and if that is reversible with a non-emotional act","The real goal is self worth evaluation, the math is a distractor",31,Male,White,None,"Yes, you may use my data in the research.",NA,1,1,0.00749019607843137,2.3142334087481147,0,0.9,TRUE,TRUE,0,FALSE
16171529,17/06/2026 12:35:13,complete,No threat,NaturaPosOne,positive,one,I agree to participate,13,4,1,1,2,1.3333333333333333,4,3,1,2.6666666666666665,5,5,6,5.333333333333333,1,3,2,1,1.75,7,6,5,6,4,5.6,2,6,4,8,1,1,1,1,1,1,1,1,3,2,3,2.6666666666666665,1,1,2,1,1.25,7,6,6,7,5,6.2,1,9,2,5,2,2,2,2,1,1,1,1,3,1,1,1.6666666666666667,2,2,1,1,1.5,7,5,6,6,4,5.6,4,7,3,7,3,7,6,5.333333333333333,1,1,1,1,2,1,1,1.3333333333333333,1,2,2,1,1.5,6,5,5,6,4,5.2,4,8,7,"I believe the purpose of this study had nothing to do with math skills. I think this study had to do with how pictures or forcing emotions (ex. forcing yourself to smile), can help improve your mood. By showing pictures of kittens, puppies, and forcing yourself to smile, you wanted to measure if my mood would improve compared to doing unusual physical tasks.","I think the details have to do with measuring how nice images or forcing yourself to smile can improve your mood or opinions. I think the math questions had nothing, or very little, to do woth the actual experiment.",35,Male,White,There were no issues in the study.,"Yes, you may use my data in the research.",NA,1,1,0,1.4064,0,0.9,FALSE,TRUE,0,TRUE
16171530,17/06/2026 11:35:14,complete,No threat,NaturaPosTen,positive,ten,I agree to participate,13,4,1,1,1,1,1,1,1,1,1,1,1,1,6,5,6,5,5.5,3,1,1,1,1,1.4,2,6,4,8,1,1,1,1,1,1,1,1,1,1,1,1,6,5,6,6,5.75,3,1,1,1,1,1.4,1,9,2,5,4,4,4,4,1,NA,1,1,2,2,2,2,6,5,6,6,5.75,3,1,1,1,1,1.4,4,7,3,7,7,7,7,7,1,1,1,1,1,1,1,1,6,5,6,6,5.75,3,1,1,1,1,1.4,4,8,7,To determine how the images shown affected performance on math equations,I am not sure,28,Female,White,n/a,"Yes, you may use my data in the research.",NA,1,1,0.584,0.3302369375907112,0.01153846153846153,0,FALSE,FALSE,0,FALSE
16171534,17/06/2026 11:35:19,complete,Threat,NaturaNegTen,negative,ten,I agree to participate,13,4,1,1,1,1,1,1,1,1,3,2,3,2.6666666666666665,1,1,1,1,1,5,3,4,3,5,4,2,6,4,8,1,1,1,1,1,1,3,1.6666666666666667,7,7,7,7,1,1,1,1,1,5,4,6,5,5,5,1,9,2,5,1,1,1,1,1,1,1,1,7,7,7,7,1,1,1,1,1,4,5,3,6,5,4.6,4,7,3,7,1,1,1,1,3,3,2,2.6666666666666665,3,4,4,3.6666666666666665,1,1,1,1,1,4,2,5,4,5,4,4,8,7,I am really fighting to find a reason of connection between the physical activity and the math activity so I really have absolutely no idea. I have never done one of these before and all my years so I couldn't even guess.,The combination of very simple math and very simple instructions for physical activity can be understood by easy compliance of the individual who is desperate to make $6?,58,Male,White,no issues,"Yes, you may use my data in the research.",NA,1,1,0.8839586357039187,1.3870250362844705,0.01698113207547169,0.8097968069666184,FALSE,TRUE,0,FALSE
16171540,17/06/2026 10:35:30,complete,No threat,SmileNegTen,negative,ten,I agree to participate,13,4,1,1,1,1,1,1,1,1,1,1,2,1.3333333333333333,1,1,1,1,1,7,7,7,7,7,7,2,6,4,8,1,2,1,1.3333333333333333,1,1,1,1,2,1,2,1.6666666666666667,1,1,1,1,1,7,7,7,7,7,7,1,9,2,5,1,1,1,1,1,1,1,1,3,3,3,3,1,1,1,1,1,7,7,7,7,7,7,5,7,3,7,1,1,1,1,1,1,1,1,2,2,4,2.6666666666666665,1,1,1,1,1,7,7,7,7,7,7,4,8,7,No Idea - probably feelings of releif after doing something annoying,No Idea,41,Female,White,"No Issues, Thank You!","Yes, you may use my data in the research.",NA,1,0.9865384615384616,0.14617307692307693,0.12998076923076923,0,0,FALSE,FALSE,1,FALSE
16171543,17/06/2026 12:35:35,complete,No threat,NaturaPosTen,positive,ten,I agree to participate,13,4,4,7,7,6,1,1,NA,1,1,1,1,1,7,7,6,5,6.25,1,1,1,1,1,1,2,6,4,8,1,1,1,1,1,1,1,1,1,1,1,1,5,6,6,7,6,1,1,1,1,1,1,1,9,2,5,7,7,7,7,1,1,1,1,1,1,1,1,5,6,5,6,5.5,1,1,1,1,1,1,4,7,3,7,7,7,7,7,NA,1,1,1,1,1,1,1,6,6,6,6,6,1,1,1,1,1,1,4,8,7,multitasking,I have no idea,20,Male,Black,NA,"Yes, you may use my data in the research.",NA,0.9673076923076924,0.6692307692307692,0.24117760180995476,0.21832692307692309,0.07556561085972849,0.08269230769230766,FALSE,FALSE,0,FALSE
16171544,17/06/2026 12:35:39,complete,Threat,SmilePosTen,positive,ten,I agree to participate,13,4,7,5,6,6,1,1,1,1,1,1,1,1,7,6,7,7,6.75,1,1,1,1,1,1,2,6,4,8,7,7,7,7,1,1,1,1,1,1,1,1,7,7,7,7,7,1,1,1,1,1,1,1,9,2,5,7,7,7,7,5,3,1,3,1,1,1,1,7,6,7,7,6.75,1,1,1,1,1,1,4,7,3,7,7,1,6,4.666666666666667,1,1,1,1,1,1,1,1,7,7,7,7,7,1,1,1,1,1,1,4,8,7,NA,NA,34,Female,White,NA,"Yes, you may use my data in the research.",NA,1,1,1.0020071644042232,1.503948717948718,0.5001885369532428,0.4782428355957768,FALSE,FALSE,0,FALSE
16171546,17/06/2026 12:35:43,complete,No threat,NaturaNegOne,negative,one,I agree to participate,13,NA,4,4,4,4,1,NA,1,1,1,1,1,1,6,6,5,4,5.25,1,1,1,1,1,1,2,6,4,8,4,4,4,4,NA,1,1,1,1,1,1,1,5,6,6,5,5.5,1,1,1,1,1,1,1,9,2,5,4,4,4,4,1,1,1,1,1,1,1,1,5,5,6,5,5.25,1,1,1,1,1,1,4,7,3,7,3,NA,4,3.5,1,1,1,1,1,1,1,1,6,5,6,5,5.5,1,1,1,1,1,1,4,8,7,I am not sure,I am not sure,54,Male,White,no issues,"Yes, you may use my data in the research.",NA,NA,NA,NA,NA,NA,NA,NA,NA,1,FALSE
16171549,17/06/2026 11:35:57,complete,Threat,NaturaPosTen,positive,ten,I agree to participate,13,4,2,2,2,2,4,1,1,2,1,1,2,1.3333333333333333,5,5,6,6,5.5,6,3,1,4,2,3.2,2,6,4,8,2,2,2,2,4,1,1,2,1,1,1,1,5,5,6,6,5.5,5,2,1,2,1,2.2,1,9,2,5,3,3,3,3,1,1,1,1,4,5,5,4.666666666666667,5,5,6,6,5.5,5,2,1,2,1,2.2,4,7,3,7,6,6,7,6.333333333333333,1,1,1,1,1,1,1,1,6,6,6,6,6,5,2,1,2,1,2.2,4,8,7,To gauge the way my outlook changed depending on tasks presented to me,Something related to my confidence perhaps,35,Female,White,None,"Yes, you may use my data in the research.",NA,1,1,0.4874030920060332,2.800779788838613,0.2464932126696833,0.9923076923076924,TRUE,TRUE,0,FALSE
16171550,17/06/2026 12:38:37,complete,Threat,SmileNegOne,negative,one,I agree to participate,13,4,1,1,1,1,1,1,1,1,1,1,1,1,6,6,6,6,6,7,1,1,1,1,2.2,2,6,4,8,1,1,1,1,1,1,NA,1,1,1,1,1,6,6,6,6,6,7,1,1,1,1,2.2,1,9,2,5,1,1,1,1,1,1,1,1,1,1,1,1,6,6,6,6,6,7,1,1,1,1,2.2,4,7,3,7,1,1,1,1,2,1,1,1.3333333333333333,1,NA,1,1,6,6,6,6,6,7,1,1,1,1,2.2,4,8,7,Perceptions of life after viewing morbid pictures,If your perspective on life changes after seeing depressing aspects of life,71,Female,White,No issues,"Yes, you may use my data in the research.",NA,1,1,0,0.00634615384615384,0,0,FALSE,FALSE,0,FALSE
16171575,17/06/2026 11:37:22,complete,Threat,NaturaPosTen,positive,ten,I agree to participate,13,4,1,1,1,1,1,1,1,1,1,1,1,1,5,5,5,7,5.5,3,3,2,4,4,3.2,2,6,4,8,1,1,1,1,NA,2,1,1.5,1,1,1,1,5,5,5,7,5.5,3,3,1,4,5,3.2,1,9,2,5,3,3,4,3.3333333333333335,1,1,1,1,1,1,1,1,5,5,5,7,5.5,3,3,2,4,5,3.4,4,7,3,7,4,4,4,4,1,1,1,1,1,1,NA,1,5,5,5,7,5.5,3,3,2,4,5,3.4,4,8,7,Consistency in emotions and focus on multiple tasks,How body/facial movements can tell more than an individual thinks,43,Male,Mixed,I did not encounter any issues that would compromise the quality of my answers or the data provided/collected.,"Yes, you may use my data in the research.",NA,1,1,0.04692307692307692,0.1317926093514329,0.523076923076923,0.3506033182503771,FALSE,FALSE,0,FALSE
16171587,17/06/2026 12:37:51,complete,Threat,NaturaPosOne,positive,one,I agree to participate,13,4,1,1,1,1,1,1,1,1,1,1,1,1,5,6,6,5,5.5,3,1,1,1,1,1.4,2,6,4,8,1,1,1,1,1,1,1,1,1,1,1,1,6,5,6,5,5.5,2,1,1,1,1,1.2,1,9,2,5,1,1,1,1,NA,1,1,1,3,1,2,2,5,5,6,6,5.5,2,1,1,1,1,1.2,4,7,3,7,1,1,1,1,1,1,1,1,1,1,2,1.3333333333333333,5,6,6,5,5.5,2,1,1,1,1,1.2,4,8,7,To understand how certain movements determine brain power or memory.,"I'm not sure, the study was very random.",20,Female,Black,NA,"Yes, you may use my data in the research.",NA,1,1,0,1.245384615384615,0,0.5384615384615385,FALSE,TRUE,0,FALSE
16171599,17/06/2026 12:39:07,complete,No threat,NaturaNegOne,negative,one,I agree to participate,13,3,1,1,1,1,1,1,1,1,1,1,1,1,3,2,5,4,3.5,5,1,1,1,4,2.4,2,6,4,8,1,1,1,1,1,1,1,1,1,1,1,1,2,3,5,3,3.25,5,1,1,1,4,2.4,1,9,2,5,1,1,1,1,1,1,1,1,1,1,1,1,2,3,5,3,3.25,5,1,1,1,4,2.4,4,7,3,7,1,1,1,1,1,1,1,1,1,1,1,1,3,2,5,3,3.25,5,1,1,1,4,2.4,4,8,7,"To be honest, no clue what it could be about",I do not know,29,Female,White,At some parts study was loanding kind of slow,"Yes, you may use my data in the research.",NA,1,1,0.06673076923076923,3.326923076923077,0,1,TRUE,TRUE,1,FALSE
16171604,17/06/2026 11:39:18,complete,Threat,NaturaNegOne,negative,one,I agree to participate,13,4,4,2,3,3,3,3,2,2.6666666666666665,3,3,4,3.3333333333333335,7,7,7,5,6.5,1,1,1,1,1,1,2,6,4,8,2,1,3,2,1,1,1,1,1,1,1,1,7,7,7,5,6.5,1,1,1,1,1,1,1,9,2,5,3,3,2,2.6666666666666665,1,1,1,1,1,1,1,1,7,7,7,5,6.5,1,1,1,1,1,1,4,7,3,7,1,1,1,1,2,1,1,1.3333333333333333,3,2,4,3,7,7,7,5,6.5,1,1,1,1,1,1,4,8,7,my reaction and expression to input and decision making,what the purpose of the study is about,29,Male,Other,NA,"Yes, you may use my data in the research.",NA,1,1,0.5169230769230769,1.7021153846153847,0.3461538461538461,0,FALSE,FALSE,0,FALSE
16171607,17/06/2026 12:39:40,complete,No threat,SmileNegTen,negative,ten,I agree to participate,13,4,2,2,2,2,1,2,1,1.3333333333333333,1,1,4,2,4,4,4,2,3.5,4,2,2,3,2,2.6,2,6,4,8,1,2,1,1.3333333333333333,1,1,1,1,1,1,2,1.3333333333333333,4,3,4,4,3.75,4,2,3,2,2,2.6,1,9,4,5,1,1,1,1,5,6,6,5.666666666666667,6,1,5,4,4,4,4,3,3.75,4,4,3,4,5,4,4,7,3,7,1,4,1,2,5,5,5,5,5,3,6,4.666666666666667,4,4,4,3,3.75,4,5,4,4,5,4.4,4,8,7,how we do math in different emotion,NA,33,Male,Asian,NA,"Yes, you may use my data in the research.",NA,1,1,0.34608272859216255,1.1781346153846153,0,0.33076923076923076,FALSE,FALSE,1,FALSE
16171624,17/06/2026 12:41:16,complete,No threat,SmilePosTen,positive,ten,I agree to participate,13,4,1,1,1,1,1,1,1,1,6,1,6,4.333333333333333,6,6,6,1,4.75,1,1,1,1,1,1,2,6,4,8,1,1,1,1,1,1,1,1,1,1,1,1,6,6,6,1,4.75,1,1,1,1,1,1,1,9,2,5,1,4,1,2,1,1,1,1,4,3,4,3.6666666666666665,6,6,6,1,4.75,1,1,1,1,1,1,4,7,3,7,1,4,1,2,1,1,1,1,1,1,1,1,6,6,6,1,4.75,1,1,1,1,1,1,4,8,7,Not sure,I am not sure,54,Female,Black,NA,"Yes, you may use my data in the research.",NA,1,1,0.7654434389140271,0.9638114630467572,0,0.17699849170437407,FALSE,FALSE,0,FALSE
16171629,17/06/2026 09:41:27,complete,Threat,NaturaPosOne,positive,one,I agree to participate,13,4,4,2,2,2.6666666666666665,1,1,1,1,1,1,1,1,7,6,7,6,6.5,1,1,1,1,1,1,2,6,4,8,4,4,4,4,1,1,1,1,1,1,1,1,7,7,7,6,6.75,1,1,1,1,1,1,1,9,2,5,7,7,7,7,1,1,1,1,1,1,1,1,7,7,7,6,6.75,1,1,1,1,1,1,4,7,3,7,5,5,5,5,1,1,1,1,1,1,1,1,7,7,7,6,6.75,1,1,1,1,1,1,4,8,7,To see if uplifting/cute pictures changed our outlook on situations.,To see if happiness or you perceiving to be happy changes your outlook.,45,Female,White,NA,"Yes, you may use my data in the research.",NA,1,1,0,3.0537254901960784,0,1,TRUE,TRUE,0,FALSE
16176468,18/06/2026 06:46:42,complete,Threat,NaturaPosTen,positive,ten,I agree to participate,13,4,6,6,5,5.666666666666667,1,1,1,1,1,1,1,1,5,5,4,4,4.5,1,1,1,1,1,1,2,6,4,8,6,5,6,5.666666666666667,1,1,1,1,1,1,1,1,5,5,4,4,4.5,1,1,1,1,1,1,1,9,2,5,6,6,6,6,1,1,1,1,1,1,1,1,5,5,4,4,4.5,1,1,1,1,1,1,4,7,3,7,6,6,6,6,1,1,1,1,1,1,1,1,5,5,4,4,4.5,1,1,1,1,1,1,4,8,7,reaction to physical movements,none,44,Male,Black,none,"Yes, you may use my data in the research.",NA,1,0.9961538461538462,0.14513876319758673,0.1063657616892911,0.00192307692307692,0,FALSE,FALSE,0,FALSE
16176469,18/06/2026 07:46:43,complete,Threat,SmileNegOne,negative,one,I agree to participate,13,4,2,2,1,1.6666666666666667,1,1,1,1,1,1,1,1,5,6,5,3,4.75,2,1,1,1,1,1.2,2,6,4,8,1,1,2,1.3333333333333333,1,1,1,1,1,1,1,1,5,6,5,3,4.75,2,1,1,1,1,1.2,1,9,2,5,1,1,1,1,3,1,1,1.6666666666666667,1,1,1,1,5,6,5,3,4.75,2,1,1,1,1,1.2,4,7,3,7,1,1,1,1,3,1,1,1.6666666666666667,1,1,1,1,5,6,5,3,4.75,2,1,1,1,1,1.2,4,8,7,I think that this study was assessing whether our moods and feelings of self-contentment change after being exposed to disturbing or depressing images.,I am unsure what those details might be.,39,Female,White,"I initially misunderstood the instructions for one of the video recording segments, namely the one in which I was supposed to mimic people in example photos that were shown to me. I thought that I was supposed to mimic whatever photo came up on the 5 second screen which is why I did not react in the way that I was expected to.","Yes, you may use my data in the research.",NA,1,1,4.3696153846153845,1.1558823529411766,1,0,FALSE,FALSE,0,FALSE
16176471,18/06/2026 07:46:54,complete,Threat,NaturaPosOne,positive,one,I agree to participate,13,4,2,2,2,2,1,1,1,1,1,1,1,1,6,6,6,1,4.75,1,1,1,1,1,1,2,6,4,8,3,3,3,3,1,NA,1,1,1,1,1,1,6,6,6,1,4.75,1,1,1,1,1,1,1,9,2,5,3,3,4,3.3333333333333335,1,1,1,1,1,1,1,1,6,6,6,1,4.75,1,1,1,1,1,1,4,7,3,7,3,3,3,3,1,1,1,1,1,1,1,1,6,6,6,1,4.75,1,1,1,1,1,1,4,8,7,not really sure at all??,"I cant imagine, unless there is some hypothesis you havent shared about the experiment",47,Male,White,no issues,"Yes, you may use my data in the research.",NA,1,1,0.34750000000000003,2.6084615384615386,0,1,TRUE,TRUE,0,FALSE
16176472,18/06/2026 05:47:00,complete,No threat,SmilePosOne,positive,one,I agree to participate,13,4,5,4,4,4.333333333333333,5,2,2,3,1,1,1,1,5,5,5,3,4.5,5,2,4,2,2,3,2,6,4,8,5,5,5,5,1,1,1,1,1,1,1,1,5,5,5,5,5,5,1,1,1,1,1.8,1,9,2,5,5,5,4,4.666666666666667,3,3,1,2.3333333333333335,1,1,1,1,5,5,5,5,5,5,2,2,2,2,2.6,4,7,3,7,4,4,4,4,1,1,1,1,1,1,1,1,5,5,5,5,5,5,1,1,1,1,1.8,4,8,7,I'm not sure. I was trying to figure this out as I was doing the study. Possibly the interviewer wants to know what a persons feelings are compared to performing physical tasks versus math tasks to see if they find one is easier than the other.,They are going to compare our answers with the answers of elementary school children. This is the only thing that comes to mind.,36,Female,White,I didn't experience any issues. I took my time taking this survey and answered everything truthfully to the best of my knowledge.,"Yes, you may use my data in the research.",NA,1,1,0,2.5123076923076924,0,1,TRUE,TRUE,0,FALSE
16176473,18/06/2026 07:47:00,complete,Threat,SmilePosOne,positive,one,I agree to participate,13,4,2,3,3,2.6666666666666665,2,2,2,2,3,4,3,3.3333333333333335,5,5,4,3,4.25,5,2,1,4,3,3,2,6,4,8,3,2,3,2.6666666666666665,2,2,2,2,5,2,5,4,3,5,5,3,4,3,1,1,2,2,1.8,1,9,2,5,3,2,3,2.6666666666666665,2,2,2,2,5,5,5,5,3,4,5,3,3.75,3,3,1,2,2,2.2,4,7,3,7,2,3,2,2.3333333333333335,2,2,2,2,5,4,5,4.666666666666667,3,5,5,3,4,3,1,1,2,2,1.8,4,8,7,To see hoe images affect short term moods and outlook on life.,If our emotions are shortly altered based on facial expressions we are seeing and/or following instructions.,34,Male,White,None,"Yes, you may use my data in the research.",NA,1,1,0.6601923076923076,0.5832692307692308,0,0,FALSE,FALSE,0,FALSE
16176474,18/06/2026 07:47:01,complete,No threat,NaturaPosOne,positive,one,I agree to participate,13,4,1,1,1,1,1,1,1,1,2,2,2,2,5,6,6,4,5.25,5,1,1,3,2,2.4,2,6,4,8,1,3,1,1.6666666666666667,1,1,1,1,1,1,1,1,4,4,5,3,4,4,1,1,2,1,1.8,1,9,2,5,5,1,5,3.6666666666666665,1,1,1,1,2,1,2,1.6666666666666667,5,4,6,5,5,5,1,1,2,1,2,4,7,3,7,4,3,5,4,1,1,2,1.3333333333333333,1,1,1,1,6,5,6,4,5.25,5,1,1,2,1,2,4,8,7,get your body up and moving from doing different things,i have no clue,20,Female,Black,NA,"Yes, you may use my data in the research.",NA,1,0.903846153846154,0.02176470588235294,1.3896153846153847,0,0.6153846153846154,FALSE,TRUE,0,FALSE
16176475,18/06/2026 07:47:05,complete,No threat,NaturaNegTen,negative,ten,I agree to participate,13,4,1,1,1,1,2,1,1,1.3333333333333333,1,1,1,1,5,5,5,5,5,3,1,2,1,1,1.6,2,6,4,8,1,1,1,1,1,1,1,1,1,1,1,1,5,5,5,5,5,1,1,1,1,1,1,1,9,2,5,1,1,1,1,7,3,3,4.333333333333333,7,7,7,7,5,5,5,5,5,1,1,1,1,1,1,4,7,3,7,1,1,1,1,7,4,4,5,7,7,7,7,5,5,5,5,5,1,1,1,1,1,1,4,8,7,to see if different feelings can change how your brain thinks or feels,NA,32,Female,White,it did not say to do anything for the 4th task?,"Yes, you may use my data in the research.",NA,1,0.9679463459759482,0.01034988822078322,0.03948288621646624,0,0,FALSE,FALSE,0,FALSE
16176477,18/06/2026 04:47:06,complete,Threat,SmilePosTen,positive,ten,I agree to participate,13,4,1,2,1,1.3333333333333333,1,4,4,3,2,2,2,2,2,3,2,1,2,3,3,5,6,6,4.6,2,6,4,8,1,1,1,1,1,1,1,1,1,1,1,1,2,2,1,1,1.5,3,4,4,6,6,4.6,1,9,2,5,6,6,6,6,1,1,1,1,1,1,1,1,2,3,2,1,2,3,3,5,6,6,4.6,4,7,3,7,5,5,6,5.333333333333333,1,1,1,1,1,1,1,1,2,2,2,1,1.75,3,3,3,6,6,4.2,4,8,7,See how your feelings change whe presented with different images and problems to solve.,That there is a $100 bonus for doing this study.,49,Male,White,No issuess were experienced that compromised the quality of the data I provided for this study.,"Yes, you may use my data in the research.",NA,1,1,2.623024886877828,2.483942307692308,0.9056184012066364,0.8807692307692307,FALSE,FALSE,0,FALSE
16176478,18/06/2026 06:47:07,complete,No threat,SmileNegOne,negative,one,I agree to participate,13,4,4,6,4,4.666666666666667,1,1,1,1,1,1,1,1,5,4,5,2,4,4,1,2,1,2,2,2,6,4,8,3,6,5,4.666666666666667,1,1,1,1,1,1,1,1,5,4,5,2,4,4,1,2,1,2,2,1,9,2,5,2,1,2,1.6666666666666667,5,4,4,4.333333333333333,2,2,1,1.6666666666666667,5,4,5,2,4,4,1,1,2,2,2,4,7,3,7,1,1,1,1,6,4,4,4.666666666666667,2,2,2,2,5,4,5,2,4,4,1,2,1,2,2,4,8,7,I believe the purpose of the study was to determine if a person could follow instructions even under less-than-ideal conditions.,That math success is directly related to emotion.,29,Female,Black,NA,"Yes, you may use my data in the research.",NA,1,1,0.10399999999999995,4.077058823529412,0,1,TRUE,TRUE,0,FALSE
16176480,18/06/2026 06:47:10,complete,Threat,NaturaPosTen,positive,ten,I agree to participate,13,4,3,3,3,3,5,3,5,4.333333333333333,4,4,5,4.333333333333333,5,3,3,2,3.25,3,1,3,3,4,2.8,2,6,4,8,4,4,4,4,NA,1,1,1,1,1,1,1,3,2,3,2,2.5,2,3,2,3,2,2.4,1,9,2,5,7,7,7,7,1,1,1,1,1,1,1,1,3,2,3,2,2.5,3,3,2,3,3,2.8,4,7,3,7,7,7,7,7,1,1,1,1,1,1,1,1,3,2,3,2,2.5,3,2,3,3,3,2.8,4,8,7,Guessing for some type of AI learning program.,That this is for AI learning.,48,Male,White,no issues,"Yes, you may use my data in the research.",NA,0.7653846153846153,0.9538461538461538,0,0.326423880873104,0.00192307692307692,0.00188679245283018,FALSE,FALSE,0,FALSE
16176489,18/06/2026 07:47:22,complete,Threat,NaturaNegOne,negative,one,I agree to participate,13,4,3,3,3,3,4,3,3,3.3333333333333335,3,3,3,3,5,5,6,6,5.5,2,2,2,2,2,2,2,6,4,8,2,2,3,2.3333333333333335,2,2,2,2,2,2,4,2.6666666666666665,5,5,6,6,5.5,2,2,2,2,2,2,1,9,2,5,2,2,3,2.3333333333333335,4,5,3,4,2,2,2,2,5,5,6,6,5.5,2,2,2,2,2,2,4,7,3,7,2,2,2,2,2,2,2,2,2,2,2,2,5,5,6,6,5.5,2,2,2,2,2,2,4,8,7,NA,NA,19,Female,White,NA,"Yes, you may use my data in the research.",NA,1,1,0,2.253921568627451,0,1,TRUE,TRUE,0,FALSE
16176491,18/06/2026 06:47:47,complete,No threat,SmilePosTen,positive,ten,I agree to participate,13,4,7,7,7,7,2,2,3,2.3333333333333335,1,2,1,1.3333333333333333,5,7,7,6,6.25,1,1,1,1,1,1,2,6,4,8,7,7,7,7,7,7,6,6.666666666666667,7,7,7,7,7,4,7,6,6,5,6,7,7,6,6.2,1,9,2,5,7,7,7,7,2,3,2,2.3333333333333335,1,3,1,1.6666666666666667,7,5,4,5,5.25,1,1,1,1,1,1,4,7,3,7,7,7,7,7,7,7,7,7,7,7,7,7,6,6,5,7,6,1,1,1,1,1,1,4,8,7,DECISION MAKING,no,53,Male,White,NA,"Yes, you may use my data in the research.",NA,0.9980769230769232,0.9884615384615384,0.9150576923076924,1.1871923076923077,0.15769230769230771,0.45,FALSE,FALSE,0,FALSE
16176494,18/06/2026 07:47:31,complete,Threat,SmilePosTen,positive,ten,I agree to participate,13,4,1,3,1,1.6666666666666667,3,5,4,4,3,4,6,4.333333333333333,6,7,6,5,6,6,1,1,2,2,2.4,2,6,4,8,1,2,1,1.3333333333333333,3,4,4,3.6666666666666665,2,2,1,1.6666666666666667,7,7,7,6,6.75,7,1,1,2,1,2.4,1,9,2,5,4,4,4,4,2,2,6,3.3333333333333335,6,7,7,6.666666666666667,6,5,6,6,5.75,5,1,1,1,1,1.8,4,7,3,7,6,7,6,6.333333333333333,2,2,1,1.6666666666666667,3,1,2,2,7,7,7,7,7,7,1,1,1,1,2.2,4,8,7,Mainly trying to understand and observe how poeple complete simple math problems.,Maybe the psychology behind the study,25,Female,Black,NA,"Yes, you may use my data in the research.",NA,1,0.9961538461538462,1.3460961538461538,0.8308653846153847,0.9692307692307692,0.3711538461538461,FALSE,FALSE,0,FALSE
16176497,18/06/2026 06:47:37,complete,Threat,NaturaNegOne,negative,one,I agree to participate,13,4,4,4,4,4,2,1,2,1.6666666666666667,1,1,1,1,3,3,3,1,2.5,3,1,1,2,3,2,2,6,4,8,2,2,2,2,2,1,1,1.3333333333333333,1,1,1,1,3,3,3,1,2.5,2,1,1,2,2,1.6,1,9,2,5,3,2,1,2,2,1,1,1.3333333333333333,2,2,2,2,3,3,3,1,2.5,2,1,1,3,3,2,4,7,3,7,3,2,3,2.6666666666666665,3,1,1,1.6666666666666667,1,1,1,1,3,3,3,1,2.5,3,1,1,3,3,2.2,4,8,7,unsure,NA,35,Female,White,NA,"Yes, you may use my data in the research.",NA,1,1,1.5507843137254902,0.4838461538461538,0.09803921568627448,0,FALSE,FALSE,0,FALSE
16176499,18/06/2026 07:47:40,complete,No threat,SmileNegTen,negative,ten,I agree to participate,13,4,1,1,1,1,1,1,1,1,1,1,1,1,1,3,NA,1,1.6666666666666667,7,3,4,5,7,5.2,2,6,4,8,1,1,1,1,1,1,1,1,1,1,1,1,3,1,3,1,2,5,4,4,7,7,5.4,1,9,2,5,1,1,1,1,5,1,1,2.3333333333333335,2,2,3,2.3333333333333335,1,1,1,1,1,5,6,4,6,7,5.6,4,7,3,7,1,1,1,1,7,1,1,3,2,2,1,1.6666666666666667,1,1,1,1,1,5,4,4,3,7,4.6,4,6,7,I have no clue,"That it is not about math, I am not sure",50,Female,Mixed,No issues,"Yes, you may use my data in the research.",NA,0.8846153846153846,0.7076923076923077,0.03561538461538462,0.13492307692307695,0,0.09807692307692308,FALSE,FALSE,1,FALSE
16176500,18/06/2026 07:47:38,complete,Threat,SmilePosTen,positive,ten,I agree to participate,13,4,4,6,6,5.333333333333333,1,1,1,1,1,1,1,1,6,6,6,3,5.25,3,1,1,1,2,1.6,2,6,4,8,3,3,1,2.3333333333333335,1,1,1,1,1,1,1,1,6,6,6,2,5,2,1,1,1,1,1.2,1,9,4,5,3,3,2,2.6666666666666665,1,1,1,1,4,3,3,3.3333333333333335,6,6,6,2,5,2,1,1,1,2,1.4,4,7,3,7,3,2,3,2.6666666666666665,1,1,1,1,1,1,1,1,6,6,6,2,5,2,1,1,1,1,1.2,4,8,7,I do not actually have any idea what it could be for.,I truly dont think I can come up with an answer for that one!,35,Female,White,none!,"Yes, you may use my data in the research.",NA,1,1,0.10084615384615384,3.4139807692307693,0,1,TRUE,TRUE,1,FALSE
16176501,18/06/2026 06:47:42,complete,Threat,NaturaNegTen,negative,ten,I agree to participate,13,4,4,4,4,4,1,1,1,1,1,1,1,1,5,5,6,4,5,3,1,1,2,2,1.8,2,6,4,8,5,5,5,5,1,1,1,1,1,1,1,1,5,5,5,5,5,1,1,1,1,1,1,1,9,2,5,5,5,5,5,1,1,1,1,1,1,1,1,4,4,5,4,4.25,3,1,1,1,1,1.4,4,7,3,7,5,5,5,5,1,1,1,1,1,1,1,1,5,5,5,2,4.25,3,1,1,1,1,1.4,4,8,7,"To gauge or test how or what we view things on social media or tv influence the way or how someone may feel, then or thoughout the day. How something we watch on social media can effect someones emotions and mental health right then watching the video or 30 minutes away or even days later.",I dont know.,36,Male,Asian,NA,"Yes, you may use my data in the research.",NA,1,0.903846153846154,0,0.5288461538461539,0,0.23653846153846156,FALSE,FALSE,0,FALSE
16176502,18/06/2026 07:47:43,complete,No threat,NaturaPosTen,positive,ten,I agree to participate,13,4,3,4,3,3.3333333333333335,1,1,1,1,1,1,1,1,6,6,6,6,6,6,1,2,2,2,2.6,2,6,4,8,4,4,4,4,1,1,1,1,1,1,1,1,6,6,7,6,6.25,5,1,1,1,1,1.8,1,9,2,5,4,3,4,3.6666666666666665,1,1,1,1,1,1,1,1,6,6,7,6,6.25,5,1,1,1,1,1.8,4,7,3,7,4,3,4,3.6666666666666665,1,1,1,1,1,1,1,1,6,6,7,6,6.25,5,1,1,1,1,1.8,4,8,7,Working and physical activity effects on mental health,I'm not sure,34,Female,White,"I didn't have any issues, thank you!","Yes, you may use my data in the research.",NA,1,1,0.4233461538461538,2.0349423076923077,0,1,TRUE,TRUE,0,FALSE
16176504,18/06/2026 06:47:44,complete,Threat,NaturaNegTen,negative,ten,I agree to participate,13,4,1,1,1,1,NA,1,1,1,1,1,3,1.6666666666666667,5,5,5,3,4.5,3,2,2,2,2,2.2,2,6,4,8,1,2,2,1.6666666666666667,1,1,1,1,3,1,3,2.3333333333333335,5,5,5,3,4.5,3,2,2,2,2,2.2,1,9,2,5,1,1,1,1,NA,1,1,1,3,3,3,3,5,5,5,3,4.5,3,2,2,2,2,2.2,4,7,3,7,2,1,NA,1.5,1,1,1,1,3,3,3,3,5,5,5,3,4.5,2,2,NA,2,2,2,4,8,7,NA,You were tracking eye movement to what caught our attention between the 3 photos,41,Male,White,NA,"Yes, you may use my data in the research.",NA,1,1,0.076,0.26569230769230767,0.12692307692307692,0.44807692307692304,FALSE,FALSE,0,FALSE
16176506,18/06/2026 07:47:49,complete,No threat,SmileNegTen,negative,ten,I agree to participate,13,4,1,1,1,1,1,1,1,1,1,1,1,1,6,6,6,6,6,3,1,1,1,1,1.4,2,6,4,8,1,1,1,1,1,1,1,1,1,1,1,1,6,6,6,6,6,1,1,1,1,1,1,1,9,2,5,1,1,1,1,2,1,1,1.3333333333333333,1,1,1,1,6,6,6,6,6,3,1,1,1,1,1.4,4,7,3,7,1,1,1,1,2,1,1,1.3333333333333333,1,1,1,1,6,6,6,6,6,3,1,1,1,1,1.4,4,8,7,unsure,Something related to facial expressions and photos we were shown,36,Female,White,NA,"Yes, you may use my data in the research.",NA,1,1,0,2.558692307692308,0,0.921153846153846,TRUE,TRUE,0,FALSE
16176509,18/06/2026 07:47:54,complete,Threat,NaturaNegOne,negative,one,I agree to participate,13,4,4,4,4,4,1,1,1,1,1,1,1,1,1,1,1,1,1,1,4,4,3,5,3.4,2,6,4,8,4,4,4,4,1,1,1,1,2,2,3,2.3333333333333335,1,1,1,NA,1,1,4,4,4,4,3.4,1,9,2,5,4,4,4,4,1,1,1,1,1,3,2,2,1,1,1,1,1,1,NA,4,4,4,3.25,4,7,3,7,4,4,4,4,1,1,1,1,2,2,3,2.3333333333333335,1,1,1,1,1,1,4,4,4,4,3.4,2,8,7,"I think the whole study was just to see if doing these physical tssk changed your mood in any way shape or form and for me it did not these tasks seemed like they would have been better, in my opinion, if you could see yourself doing the task and then submitting your response.",I think the details of the study were to see if doing these physical tasks changed the way you feel in this specific moment.,41,Male,White,I think in the first study where you had to hold your hand behind your left hand behind youir head and blink five times I could not see myself in the camera and all it did was a countdown so I think I might have messes that one up.  I think if you could actually see yourself you could do these better without any issues.,"Yes, you may use my data in the research.",NA,1,1,0,1.5648076923076923,0,0.6346153846153844,TRUE,TRUE,1,FALSE
16176511,18/06/2026 06:47:51,complete,No threat,SmileNegOne,negative,one,I agree to participate,13,4,7,7,7,7,1,1,1,1,1,1,1,1,7,6,7,5,6.25,3,1,1,1,1,1.4,2,6,4,8,7,7,7,7,1,1,1,1,1,1,1,1,7,7,7,6,6.75,3,1,1,1,1,1.4,1,9,2,5,3,3,5,3.6666666666666665,5,1,2,2.6666666666666665,5,4,5,4.666666666666667,7,7,7,5,6.5,3,1,1,1,1,1.4,4,7,3,7,3,1,3,2.3333333333333335,2,3,3,2.6666666666666665,4,2,2,2.6666666666666665,7,7,7,5,6.5,3,1,1,1,1,1.4,4,8,7,to see pure emotion when there's images,"that this wasn't really a maths experiment, this was a emotion expirement",30,Male,Asian,NA,"Yes, you may use my data in the research.",NA,1,1,0.9432692307692307,0.6788679245283019,1,0.7924528301886791,FALSE,FALSE,0,FALSE
16176512,18/06/2026 07:47:56,complete,No threat,SmilePosTen,positive,ten,I agree to participate,13,4,1,1,1,1,1,1,1,1,2,2,1,1.6666666666666667,5,5,5,3,4.5,6,4,5,6,5,5.2,2,6,4,8,1,2,1,1.3333333333333333,1,1,1,1,1,1,2,1.3333333333333333,5,5,5,3,4.5,6,5,5,6,5,5.4,1,9,2,5,5,2,5,4,1,1,1,1,1,1,1,1,5,5,5,3,4.5,6,5,5,6,5,5.4,4,7,3,7,6,6,6,6,1,1,1,1,1,1,2,1.3333333333333333,5,5,5,3,4.5,6,5,5,6,5,5.4,4,8,7,How certain activities/moods change your ability to complete maths,Mood related observations,39,Male,White,"In the first test where I had my hand behind my head, I wasn't sure if the numbers were a countdown or the timer, so I hesitated. It would have helped if it said something like, ""Start now"". Everything else I was able to complete normally since at that point I knew what to expect","Yes, you may use my data in the research.",NA,1,1,0.9580192307692308,2.5985384615384617,0.6826923076923077,0.9942307692307693,TRUE,FALSE,0,FALSE
16176513,18/06/2026 07:47:54,complete,No threat,SmilePosOne,positive,one,I agree to participate,13,4,3,6,6,5,NA,4,2,3,NA,2,2,2,3,4,4,5,4,6,3,2,5,5,4.2,2,6,4,8,6,7,7,6.666666666666667,1,1,1,1,1,1,1,1,3,3,3,3,3,7,2,2,4,4,3.8,1,9,2,5,NA,6,6,6,1,1,1,1,NA,1,1,1,3,3,3,5,3.5,7,4,3,4,6,4.8,4,7,3,7,7,7,7,7,1,1,1,1,1,1,1,1,4,3,3,5,3.75,7,2,2,5,5,4.2,4,8,7,I believe it was to see how well people can pay attention and follow directions and also while focusing on those tasks to be able to complete math problems right after or right before.,I think it may have something to do with an attention span or memory,40,Female,White,"the study worked perfectly fine for me, I did not have any technical issues.","Yes, you may use my data in the research.",NA,1,1,1.135686274509804,2.513846153846154,0.5294117647058825,1,FALSE,FALSE,0,FALSE
16176518,18/06/2026 07:48:05,complete,Threat,NaturaPosOne,positive,one,I agree to participate,13,4,1,6,6,4.333333333333333,1,1,1,1,1,1,1,1,6,6,7,6,6.25,4,1,1,1,1,1.6,2,6,4,8,4,4,4,4,1,1,1,1,1,1,1,1,7,6,6,6,6.25,3,1,1,1,1,1.4,1,9,2,5,7,7,7,7,1,1,1,1,1,1,1,1,7,6,6,6,6.25,3,1,1,1,1,1.4,4,7,3,7,7,7,7,7,1,1,1,1,1,1,1,1,7,6,7,6,6.5,4,1,1,1,1,1.6,4,8,7,To see natural facial expresssions/emotion.,Not sure.,38,Female,White,2 out of the four tasks did not allow my recording for the tasks.,"Yes, you may use my data in the research.",NA,1,1,0.27692307692307694,0.8372549019607842,0,0.5686274509803924,FALSE,TRUE,0,TRUE
16176520,18/06/2026 04:48:10,complete,Threat,SmileNegOne,negative,one,I agree to participate,13,4,1,1,1,1,1,1,1,1,1,1,1,1,3,3,3,2,2.75,1,1,1,1,1,1,2,6,4,8,1,2,1,1.3333333333333333,1,1,1,1,1,1,1,1,2,2,3,NA,2.3333333333333335,1,1,1,1,1,1,1,9,2,5,1,1,1,1,1,1,1,1,2,1,2,1.6666666666666667,2,3,3,2,2.5,1,1,1,1,1,1,4,7,3,7,1,1,2,1.3333333333333333,1,1,1,1,1,1,1,1,2,2,3,2,2.25,1,1,1,1,1,1,4,8,7,Seeing if our emotions are affected by negative things while distracted?,it really had nothing to do with math.,59,Female,White,NA,"Yes, you may use my data in the research.",NA,1,1,0.11846153846153848,1.3096153846153846,0,0.8461538461538463,FALSE,TRUE,0,FALSE
16176525,18/06/2026 07:48:25,complete,No threat,SmileNegTen,negative,ten,I agree to participate,13,4,5,1,5,3.6666666666666665,1,1,1,1,1,1,1,1,6,5,5,6,5.5,5,1,1,2,2,2.2,2,6,4,8,3,2,1,2,1,1,1,1,1,1,1,1,4,4,4,4,4,6,1,1,2,2,2.4,1,9,2,5,1,1,1,1,7,NA,2,4.5,7,7,7,7,4,5,4,5,4.5,5,3,2,NA,4,3.5,4,7,3,7,1,1,1,1,4,1,2,2.3333333333333335,4,4,4,4,4,4,4,4,4,5,4,2,2,3,3.2,4,8,7,"Observe emotions changing and effected by images, and tasks that force us to be aware of our emotional expressions.",no idea,43,Male,White,NA,"Yes, you may use my data in the research.",NA,1,1,0.4621285822021116,3.4235384615384614,0.00192307692307692,1,TRUE,TRUE,0,TRUE
16176526,18/06/2026 07:48:30,complete,Threat,NaturaNegTen,negative,ten,I agree to participate,13,4,5,5,5,5,1,1,1,1,1,1,1,1,5,5,6,3,4.75,5,1,1,1,1,1.8,2,6,4,8,4,6,4,4.666666666666667,1,1,1,1,2,1,2,1.6666666666666667,5,5,6,3,4.75,5,2,2,2,2,2.6,1,9,2,5,1,1,1,1,6,3,2,3.6666666666666665,6,6,6,6,5,5,6,3,4.75,6,5,2,6,6,5,4,7,3,7,1,1,1,1,7,6,2,5,7,7,7,7,5,5,6,3,4.75,5,5,1,6,5,4.4,4,8,7,to show how disturbing images can affect your reactions and mood.,How emotions impact your decisions?,32,Female,White,i am not sure i did the 3rd section right.,"Yes, you may use my data in the research.",NA,1,1,0,0,0,0,FALSE,FALSE,0,FALSE
16176535,18/06/2026 06:48:48,complete,No threat,SmileNegOne,negative,one,I agree to participate,13,4,4,4,4,4,1,1,1,1,1,1,1,1,4,4,5,4,4.25,2,1,1,1,2,1.4,2,6,4,8,4,4,4,4,1,1,1,1,1,1,1,1,4,4,5,4,4.25,2,1,1,1,2,1.4,1,9,2,5,4,4,4,4,1,1,1,1,1,1,1,1,4,4,5,4,4.25,2,1,1,1,2,1.4,4,7,3,7,3,3,2,2.6666666666666665,4,1,1,2,1,1,1,1,4,4,5,4,4.25,2,1,1,1,2,1.4,4,8,7,"I think I read that it had something to do with multitasking. But, I am not sure that was the actual purpose.",I am not sure. It may have to do with facial response to certain pictures when instructed to respond naturally or to maintain a given expression.,57,Female,White,NA,"Yes, you may use my data in the research.",NA,1,1,0,2.5965384615384615,0,1,TRUE,TRUE,0,FALSE
16176537,18/06/2026 07:49:09,complete,No threat,NaturaNegTen,negative,ten,I agree to participate,13,4,1,5,1,2.3333333333333335,1,1,1,1,1,1,1,1,1,1,1,1,1,5,5,5,5,5,5,2,6,4,8,2,1,2,1.6666666666666667,1,1,1,1,1,1,1,1,1,1,1,1,1,1,1,1,1,1,1,1,9,2,5,1,1,1,1,1,1,1,1,2,1,1,1.3333333333333333,1,1,1,1,1,2,2,2,2,2,2,4,7,3,7,1,1,1,1,2,NA,1,1.5,2,1,2,1.6666666666666667,1,1,1,1,1,2,2,2,2,2,2,4,8,7,im not sure what the purpose was,i dont know,42,Female,White,NA,"Yes, you may use my data in the research.",NA,1,1,8.653846153846155e-4,0.02447473604826545,0,0,FALSE,FALSE,0,FALSE
16176539,18/06/2026 07:49:07,complete,Threat,NaturaNegOne,negative,one,I agree to participate,13,4,3,4,4,3.6666666666666665,1,1,1,1,2,1,3,2,7,7,7,1,5.5,1,1,1,1,1,1,2,6,4,8,1,5,4,3.3333333333333335,1,NA,1,1,1,1,1,1,7,7,7,NA,7,1,1,1,1,1,1,1,9,2,5,7,1,7,5,1,1,1,1,1,1,1,1,7,7,7,1,5.5,1,1,1,1,1,1,4,7,3,7,1,1,1,1,3,4,2,3,1,2,1,1.3333333333333333,7,7,7,1,5.5,1,1,1,1,1,1,4,8,7,To determine if images and body movements effect mood,That the study wants to see if the movement effects the moods,36,Female,Black,no none,"Yes, you may use my data in the research.",NA,1,1,0.3971153846153846,3.997692307692308,0,1,TRUE,TRUE,0,FALSE
16176540,18/06/2026 07:49:05,complete,Threat,SmilePosOne,positive,one,I agree to participate,13,4,1,1,1,1,1,1,1,1,4,4,4,4,1,1,1,1,1,7,7,7,7,7,7,2,6,4,8,1,1,1,1,1,1,1,1,3,3,3,3,1,1,1,1,1,7,7,7,7,7,7,5,9,2,5,1,1,1,1,1,1,1,1,4,4,4,4,1,1,1,1,1,7,7,7,7,7,7,4,7,3,7,1,2,1,1.3333333333333333,1,1,1,1,1,1,1,1,1,1,1,1,1,7,7,7,7,7,7,4,8,7,to make me uncomfortable,"let me guess, somehow AI is involved",27,Female,Black,NA,"Yes, you may use my data in the research.",NA,1,1,0.4146153846153846,3.4332692307692305,0,1,TRUE,TRUE,1,FALSE
16176542,18/06/2026 07:49:07,complete,Threat,NaturaNegOne,negative,one,I agree to participate,13,4,4,4,5,4.333333333333333,1,1,1,1,1,1,2,1.3333333333333333,2,5,5,1,3.25,5,1,1,5,2,2.8,2,6,4,8,4,6,4,4.666666666666667,1,1,1,1,1,1,1,1,2,5,5,1,3.25,5,1,1,3,1,2.2,1,9,2,5,5,6,5,5.333333333333333,1,1,1,1,1,1,1,1,2,5,5,1,3.25,5,1,1,3,1,2.2,4,7,3,7,1,1,1,1,4,1,1,2,5,4,4,4.333333333333333,1,5,5,1,3,5,1,1,2,1,2,4,8,7,to determine relationships between physical and mental capacities,Not sure,63,Male,White,I had trouble with the lighting as it is very cloudy outside.  I was able to adjust after the first task but there may be a glare on the first task that requiried the eye blinking. I hope you are able to see the blinking. I took my reading glasses off to help reduce the glare.,"Yes, you may use my data in the research.",NA,1,1,0.00615384615384615,1.827884615384615,0,0.6346153846153844,TRUE,TRUE,0,FALSE
16176543,18/06/2026 07:49:08,complete,No threat,NaturaPosTen,positive,ten,I agree to participate,13,4,4,1,4,3,1,1,1,1,1,1,2,1.3333333333333333,5,5,5,5,5,5,1,1,1,1,1.8,2,6,4,8,7,5,5,5.666666666666667,1,1,1,1,1,1,1,1,5,4,5,5,4.75,5,1,1,1,1,1.8,1,9,2,5,7,4,7,6,1,1,1,1,1,1,1,1,5,5,5,5,5,6,1,1,1,1,2,4,7,3,7,7,5,7,6.333333333333333,1,1,1,1,1,1,1,1,5,5,6,5,5.25,5,1,1,1,1,1.8,4,8,7,To see if the tasks distracted us from the math problems?,Why of all things you're testing the math problems,32,Female,White,NA,"Yes, you may use my data in the research.",NA,0.44473604826546,0.4707767722473605,0.12153996983408748,0.24392533936651584,0.08269230769230766,0.125,FALSE,FALSE,0,FALSE
16176548,18/06/2026 07:49:14,complete,No threat,NaturaPosOne,positive,one,I agree to participate,13,4,7,7,7,7,1,1,1,1,1,1,1,1,7,7,7,7,7,1,1,1,1,1,1,2,6,4,8,7,7,7,7,1,1,1,1,1,1,1,1,7,7,7,7,7,1,1,1,1,1,1,1,9,2,5,7,7,7,7,1,1,1,1,1,1,1,1,7,7,7,7,7,1,1,1,1,1,1,4,7,3,7,7,7,7,7,1,1,1,1,1,1,1,1,7,7,7,7,7,1,1,1,1,1,1,4,8,7,Get facial expresion/results for data,Maybe to read data for ai?,25,Male,Mixed,THANK YOU NO PROBLEMS THANK YOU,"Yes, you may use my data in the research.",NA,1,1,0,0.00115384615384615,0,0,FALSE,FALSE,0,FALSE
16176549,18/06/2026 07:49:28,complete,No threat,SmileNegTen,negative,ten,I agree to participate,13,4,4,4,5,4.333333333333333,2,2,2,2,1,NA,NA,1,6,6,6,6,6,1,2,1,2,1,1.4,2,6,4,8,6,7,7,6.666666666666667,2,1,1,1.3333333333333333,1,3,1,1.6666666666666667,7,7,7,6,6.75,1,1,1,1,1,1,1,9,2,5,6,7,6,6.333333333333333,3,1,1,1.6666666666666667,1,2,1,1.3333333333333333,7,7,7,6,6.75,1,1,1,1,1,1,4,7,3,7,7,7,7,7,3,1,1,1.6666666666666667,1,1,1,1,7,7,7,6,6.75,1,1,1,1,1,1,4,8,7,Math Performance and Body Movements to see reactions,none,33,Female,Black,none,"Yes, you may use my data in the research.",NA,0.984313725490196,0.9903092006033184,0.03996530920060331,0.13433185581925078,0.00196078431372548,0.0399921507064364,FALSE,FALSE,0,FALSE
16176562,18/06/2026 07:50:05,complete,Threat,SmilePosOne,positive,one,I agree to participate,13,4,1,1,1,1,2,1,1,1.3333333333333333,2,2,2,2,5,5,5,5,5,7,4,3,5,5,4.8,2,6,NA,8,1,2,1,1.3333333333333333,1,1,1,1,1,1,1,1,5,4,5,4,4.5,7,3,3,3,4,4,1,9,2,5,1,1,1,1,1,1,1,1,2,2,2,2,5,4,5,5,4.75,7,3,3,4,5,4.4,4,7,3,7,1,1,1,1,1,1,1,1,1,1,1,1,5,4,5,5,4.75,7,3,3,3,5,4.2,4,8,NA,to see if you could irritate us,That it was a study about seeing if you can irritate us by filling in the wrong answers and giving us instructions that were not that clear and starting the timer so fast that we couldn't blink fast enough,46,Female,White,the secind one i didn't know i was suppose to have a smile on my face.  i thought you were going to give me a new set of photos.  the directions were confusing to me.,"Yes, you may use my data in the research.",NA,1,1,0,0.00211538461538461,0,0,FALSE,FALSE,2,FALSE
16176576,18/06/2026 07:51:01,complete,No threat,NaturaPosTen,positive,ten,I agree to participate,13,4,2,2,3,2.3333333333333335,3,3,3,3,6,5,6,5.666666666666667,3,3,5,3,3.5,5,3,3,5,3,3.8,2,6,4,8,2,1,3,2,2,2,2,2,5,5,6,5.333333333333333,3,3,5,3,3.5,5,2,3,3,3,3.2,1,9,2,5,5,4,5,4.666666666666667,2,2,2,2,2,2,3,2.3333333333333335,3,3,6,3,3.75,5,2,2,2,2,2.6,4,7,3,7,5,5,5,5,2,2,2,2,2,1,2,1.6666666666666667,3,3,5,3,3.5,5,2,2,2,2,2.6,4,8,7,I think the researchers wanted to know the corellation between the facial expression that a person intentionally make and their mood. I think the movement and math part are just fake.,I think the video is not recording.,42,Female,Asian,"I thought that 5,4,3,2,1 screen was a countdown in the first task because there was no camera feed on screen. However, I followed the instuction, although it might be missing from the video.","Yes, you may use my data in the research.",NA,1,1,0.4611711915535445,1.3585,0.2535444947209653,1,FALSE,TRUE,0,TRUE
16176578,18/06/2026 07:51:35,complete,Threat,SmileNegOne,negative,one,I agree to participate,13,4,2,1,2,1.6666666666666667,1,1,1,1,3,1,3,2.3333333333333335,2,2,2,2,2,6,1,1,3,3,2.8,2,6,4,8,2,2,3,2.3333333333333335,1,1,1,1,1,1,1,1,2,2,2,2,2,5,1,1,2,2,2.2,1,9,2,5,1,1,1,1,1,1,1,1,2,1,1,1.3333333333333333,2,2,2,2,2,5,1,1,3,2,2.4,4,7,3,7,1,1,1,1,1,1,1,1,1,1,1,1,2,2,2,2,2,5,1,1,1,2,2,4,8,7,"With the repetitive questions about how satisfied I am in life, maybe it was how small physical tasks would affect someone's outlook on life rather than having much to do with the math. It doesn't really change much, I think.",I am not sure.,26,Female,Mixed,NA,"Yes, you may use my data in the research.",NA,1,0.903846153846154,0,1.7940384615384617,0,0.9615384615384616,TRUE,TRUE,0,FALSE
16176583,18/06/2026 07:51:41,complete,Threat,NaturaNegOne,negative,one,I agree to participate,13,4,1,1,1,1,1,1,1,1,1,1,1,1,2,5,5,1,3.25,1,1,1,1,3,1.4,2,6,4,8,1,1,1,1,1,1,1,1,2,1,1,1.3333333333333333,2,3,2,1,2,1,1,1,1,3,1.4,1,9,2,5,1,1,1,1,2,1,1,1.3333333333333333,1,1,1,1,1,3,5,1,2.5,1,1,1,1,3,1.4,4,7,3,7,1,1,1,1,1,1,1,1,1,1,1,1,2,4,5,1,3,1,1,1,1,3,1.4,4,8,7,No clue,I don't know,36,Gender variant / non-conforming,Black,NA,"Yes, you may use my data in the research.",NA,1,1,0.00173076923076923,1.6678846153846154,0,0.6923076923076922,TRUE,TRUE,0,FALSE
16176605,18/06/2026 05:54:51,complete,No threat,SmileNegOne,negative,one,I agree to participate,13,4,2,1,2,1.6666666666666667,1,1,1,1,1,1,1,1,1,1,1,1,1,5,6,7,6,7,6.2,2,6,4,8,1,1,1,1,1,1,1,1,1,1,1,1,1,1,1,1,1,5,6,6,5,7,5.8,1,9,2,5,3,2,2,2.3333333333333335,1,1,1,1,1,1,1,1,1,1,1,1,1,5,6,7,5,7,6,4,7,3,7,1,1,1,1,1,1,1,1,1,1,1,1,1,1,1,1,1,5,7,6,6,7,6.2,4,8,7,im not sure,i honestly dont know,42,Male,Mixed,NA,"Yes, you may use my data in the research.",NA,1,1,0.02499999999999999,2.148846153846154,0,0.9423076923076924,TRUE,TRUE,0,FALSE
16176611,18/06/2026 06:55:20,complete,No threat,NaturaPosTen,positive,ten,I agree to participate,13,4,1,1,1,1,1,1,1,1,1,1,2,1.3333333333333333,3,3,3,2,2.75,2,2,1,2,2,1.8,2,6,4,8,1,1,1,1,1,1,1,1,1,1,1,1,3,3,3,3,3,2,1,1,2,2,1.6,1,9,2,5,1,1,1,1,1,1,1,1,1,1,1,1,3,3,3,3,3,2,1,1,2,2,1.6,4,7,3,7,3,3,3,3,1,1,1,1,1,NA,1,1,3,3,3,2,2.75,2,1,1,2,2,1.6,4,8,7,effect of body movement on math abilities.,not sure.,52,Male,White,none.,"Yes, you may use my data in the research.",NA,1,1,0,1.1265576923076923,0,0.6653846153846155,FALSE,TRUE,0,FALSE
16176620,18/06/2026 07:56:21,complete,Threat,NaturaNegTen,negative,ten,I agree to participate,13,4,2,5,2,3,1,1,1,1,2,1,4,2.3333333333333335,5,5,5,5,5,5,3,2,3,3,3.2,2,6,4,8,3,3,2,2.6666666666666665,2,2,2,2,2,2,2,2,5,5,5,4,4.75,3,1,1,1,1,1.4,1,9,2,5,4,4,4,4,2,2,2,2,3,2,3,2.6666666666666665,5,5,5,4,4.75,3,1,1,1,1,1.4,4,7,3,7,4,4,3,3.6666666666666665,6,2,2,3.3333333333333335,3,5,5,4.333333333333333,5,5,5,4,4.75,2,2,2,2,2,2,4,8,7,to see if people follow directions,not sure people and their actions,50,Female,White,none,"Yes, you may use my data in the research.",NA,0,0,0,0,0,0,FALSE,FALSE,0,FALSE
16176631,18/06/2026 07:57:14,complete,No threat,SmilePosTen,positive,ten,I agree to participate,13,4,1,1,1,1,1,1,1,1,1,1,1,1,2,3,3,1,2.25,5,1,1,1,1,1.8,2,6,4,8,5,5,4,4.666666666666667,1,1,1,1,1,1,1,1,3,4,3,1,2.75,2,1,1,1,1,1.2,1,9,2,5,4,4,5,4.333333333333333,1,1,1,1,1,2,5,2.6666666666666665,3,3,3,1,2.5,3,1,1,1,1,1.4,4,7,3,7,6,5,6,5.666666666666667,1,1,1,1,1,1,1,1,3,4,3,1,2.75,3,1,1,1,1,1.4,4,8,7,Perphaps to see correlation between task done and if it can change mood.,I think it could be about the math not really having an impact on this study.,26,Female,White,There was no issues. Did have a little doubt on the third task if I should just act normal. I just knew to not control my facial expression and that I did not have to match it so I was not trying to control it and just reacted if I did have a reaction like normal.,"Yes, you may use my data in the research.",NA,1,1,0.1468653846153846,2.792846153846154,0.12307692307692304,1,TRUE,TRUE,0,FALSE
16176632,18/06/2026 06:57:22,complete,Threat,NaturaPosOne,positive,one,I agree to participate,13,4,4,2,2,2.6666666666666665,1,1,1,1,4,2,3,3,3,5,5,1,3.5,5,3,3,3,2,3.2,2,6,4,8,3,2,3,2.6666666666666665,1,1,1,1,2,1,1,1.3333333333333333,3,5,4,1,3.25,2,2,2,2,1,1.8,1,9,2,5,2,2,2,2,1,1,1,1,2,3,2,2.3333333333333335,3,5,3,1,3,3,2,3,2,1,2.2,4,7,3,7,3,2,3,2.6666666666666665,1,1,1,1,3,3,3,3,3,5,4,1,3.25,4,3,3,3,1,2.8,4,8,7,To see what different physical stimuli had on people's ability to solve math problems and also their mood,What the exact purpose of each expirment was,31,Male,White,I don't think I had any!,"Yes, you may use my data in the research.",NA,1,1,0.03519230769230769,2.0928846153846155,0,1,TRUE,TRUE,0,FALSE
16176635,18/06/2026 18:57:53,complete,No threat,SmilePosOne,positive,one,I agree to participate,13,4,1,1,1,1,1,1,1,1,1,1,3,1.6666666666666667,5,6,5,3,4.75,4,1,1,2,NA,2,2,6,4,8,1,3,1,1.6666666666666667,1,1,1,1,1,1,1,1,5,5,5,3,4.5,2,1,1,1,1,1.2,1,9,2,5,1,1,1,1,1,1,1,1,1,1,1,1,5,6,5,3,4.75,3,1,1,2,1,1.6,4,7,3,7,1,3,1,1.6666666666666667,1,1,1,1,1,1,1,1,5,6,5,2,4.5,2,1,1,1,1,1.2,4,8,7,I am not sure,I have no idea,30,Male,Prefer not to say,NA,"Yes, you may use my data in the research.",NA,1,1,1.6676923076923076,1.1836538461538462,1,0.5769230769230771,FALSE,FALSE,0,FALSE
16176640,18/06/2026 07:58:05,complete,Threat,SmileNegTen,negative,ten,I agree to participate,13,4,1,1,1,1,1,1,1,1,7,1,7,5,1,1,1,1,1,1,7,7,7,7,5.8,2,6,4,8,1,1,1,1,1,1,1,1,7,1,7,5,1,1,1,1,1,1,7,7,7,7,5.8,1,9,2,5,1,1,1,1,1,1,1,1,7,1,7,5,1,1,1,1,1,1,7,7,7,7,5.8,4,7,3,7,1,1,1,1,1,1,1,1,7,1,7,5,1,1,1,1,1,1,7,7,7,7,5.8,4,8,7,to see how desperate people are to earn a few bucks,observing how desperate a person is to make a few bucks in order to support themselves.,62,Female,White,no problems,"Yes, you may use my data in the research.",NA,1,1,0.00153846153846153,1.2363076923076923,0,0.7980769230769231,FALSE,TRUE,0,FALSE
16176672,18/06/2026 07:02:09,complete,No threat,NaturaNegTen,negative,ten,I agree to participate,13,4,3,3,2,2.6666666666666665,1,1,1,1,1,1,1,1,6,5,6,6,5.75,2,1,1,1,1,1.2,2,6,4,8,1,1,1,1,1,1,1,1,1,1,1,1,6,6,5,6,5.75,1,1,1,1,1,1,1,9,2,5,1,1,1,1,3,1,1,1.6666666666666667,3,4,4,3.6666666666666665,6,5,6,6,5.75,1,1,1,1,1,1,4,7,3,7,1,1,1,1,6,1,2,3,4,6,2,4,6,5,6,6,5.75,1,1,1,1,1,1,4,8,7,To see how math skills are affected with presented with multi-tasking and adverse events,This study was actually testing mathetmatical skills of participants?,31,Female,White,"The very last task, tapping my nose with index finger, I was very excited to do that one after the others, but the camera snapped on and then off and it proceeded to the final set of questions. I will reach out to let you know this as well via message. Thanks!","Yes, you may use my data in the research.",NA,1,1,0.04161538461538462,2.0646923076923076,0.02115384615384614,1,TRUE,TRUE,0,FALSE
16178069,18/06/2026 09:21:35,complete,No threat,NaturaPosOne,positive,one,I agree to participate,13,4,2,1,2,1.6666666666666667,1,1,1,1,1,1,1,1,5,5,5,5,5,4,3,2,3,5,3.4,2,6,4,8,1,1,1,1,1,1,1,1,2,1,2,1.6666666666666667,5,5,5,5,5,3,3,2,3,4,3,1,9,2,5,1,1,1,1,1,1,1,1,4,2,4,3.3333333333333335,5,5,5,5,5,3,3,2,3,4,3,4,7,3,7,7,7,7,7,1,1,1,1,1,1,1,1,5,5,5,5,5,3,3,2,2,4,2.8,4,8,7,To see what effect different emotional stimuli had on performance as well as mood.,It might have to do with what the negative effect that faking an emotion might have?,46,Female,White,NA,"Yes, you may use my data in the research.",NA,1,1,0.8819230769230768,2.4690196078431375,0.75,0.9411764705882352,TRUE,FALSE,0,TRUE
16178072,18/06/2026 07:21:49,complete,No threat,SmilePosOne,positive,one,I agree to participate,13,4,1,1,1,1,1,1,1,1,1,1,1,1,3,4,4,2,3.25,2,1,1,2,1,1.4,2,6,4,8,1,1,4,2,1,1,1,1,1,1,1,1,4,4,4,2,3.5,2,1,1,2,1,1.4,1,9,2,5,3,3,5,3.6666666666666665,1,1,1,1,1,1,1,1,4,4,4,2,3.5,2,1,1,2,1,1.4,4,7,3,7,2,2,4,2.6666666666666665,1,1,1,1,1,1,1,1,4,4,4,2,3.5,2,1,1,2,1,1.4,4,8,7,To see how solving math problems affects body language.,To see if a person answers the same questions consistently throughout the course of the study.,43,Male,White,No issues.,"Yes, you may use my data in the research.",NA,1,1,2.3219230769230768,1.315,1,0.6153846153846156,FALSE,FALSE,0,FALSE
16178073,18/06/2026 10:21:47,complete,No threat,NaturaPosOne,positive,one,I agree to participate,13,4,1,4,3,2.6666666666666665,1,1,1,1,1,1,1,1,5,5,5,1,4,4,2,2,2,3,2.6,2,6,4,8,1,1,1,1,1,1,1,1,1,1,1,1,5,3,5,1,3.5,4,2,2,2,2,2.4,1,9,2,5,4,3,3,3.3333333333333335,1,1,1,1,1,1,1,1,5,3,5,1,3.5,4,2,2,2,2,2.4,4,7,3,7,5,1,1,2.3333333333333335,1,1,1,1,1,1,1,1,5,5,5,1,4,4,2,2,2,3,2.6,4,8,7,I'm assuming evaluation of some sort of biopsychological basis for how well or poorly subjects did with math problems,"How physical movement and math even correlate, and what the actual applicable purpose may be.",27,Female,Other,N/A,"Yes, you may use my data in the research.",NA,1,1,0.04470588235294118,3.5641176470588234,0,1,TRUE,TRUE,0,FALSE
16178074,18/06/2026 09:21:51,complete,Threat,NaturaPosTen,positive,ten,I agree to participate,13,4,1,1,1,1,1,1,1,1,1,1,1,1,5,7,5,2,4.75,3,4,5,4,6,4.4,2,6,4,8,1,1,1,1,1,1,1,1,1,1,1,1,5,7,5,2,4.75,3,3,5,5,6,4.4,1,9,2,5,1,1,1,1,1,1,1,1,4,2,4,3.3333333333333335,5,7,5,2,4.75,3,3,5,5,6,4.4,4,7,3,7,3,1,2,2,1,1,1,1,1,1,1,1,5,7,5,2,4.75,3,3,5,5,6,4.4,4,8,7,"I'm not sure. The description said it was a study on multi-tasking. But because I did not do the physical action and the math problems at the same time, I'm not sure how this was multi-tasking.",Maybe something to do with our facial expressiveness and how it relates to our mood/internal feelings.,29,Female,White,"I misunderstood the directions before the first physical task. I thought the ""5..4.."" was a countdown to when I was supposed to start tapping. So, I'm sure I was delayed, but I did perform the task.","Yes, you may use my data in the research.",NA,1,1,0.1289043137254902,3.6378849924585217,0,0.9901960784313726,TRUE,TRUE,0,TRUE
16178078,18/06/2026 10:21:54,complete,No threat,SmileNegTen,negative,ten,I agree to participate,13,4,1,1,1,1,1,1,1,1,1,1,1,1,4,4,5,3,4,2,4,2,5,4,3.4,2,6,4,8,1,1,1,1,1,1,1,1,1,1,1,1,3,4,3,3,3.25,4,5,4,6,5,4.8,1,9,2,5,1,1,1,1,7,5,7,6.333333333333333,5,4,6,5,3,3,3,2,2.75,5,6,3,6,5,5,4,7,3,7,1,1,1,1,6,7,7,6.666666666666667,3,6,6,5,4,3,3,2,3,4,5,6,5,5,5,4,8,7,To see if movements/images effect how our cognitive abilities,What the images represent/how they would influence our thinking,27,Female,Asian,NA,"Yes, you may use my data in the research.",NA,1,1,0,0,0,0,FALSE,FALSE,0,FALSE
16178079,18/06/2026 10:21:59,complete,Threat,NaturaPosTen,positive,ten,I agree to participate,13,4,2,2,3,2.3333333333333335,1,1,1,1,3,3,3,3,2,4,5,1,3,4,1,1,3,2,2.2,2,6,4,8,3,2,2,2.3333333333333335,1,1,1,1,4,3,5,4,3,3,3,1,2.5,4,1,2,2,2,2.2,1,9,2,5,3,3,3,3,1,1,1,1,2,2,3,2.3333333333333335,2,3,3,1,2.25,4,2,1,2,2,2.2,4,7,3,7,6,5,6,5.666666666666667,1,1,1,1,1,1,1,1,3,3,4,1,2.75,4,1,2,3,2,2.4,4,8,7,to see if distractions alter your perceptions,real reason for the study,53,Male,White,NA,"Yes, you may use my data in the research.",NA,1,1,0.6526523947750362,1.2410849056603774,0.12779390420899855,0,FALSE,FALSE,0,FALSE
16178080,18/06/2026 10:21:54,complete,Threat,SmilePosOne,positive,one,I agree to participate,13,4,1,1,1,1,1,1,1,1,6,6,6,6,3,3,1,3,2.5,5,5,5,5,5,5,2,6,4,8,1,1,1,1,1,1,1,1,3,2,3,2.6666666666666665,4,4,4,4,4,4,4,4,4,4,4,1,9,2,5,1,1,1,1,1,1,1,1,3,3,3,3,3,3,3,3,3,5,5,5,5,5,5,4,7,3,7,4,4,4,4,1,1,1,1,1,1,1,1,4,4,4,4,4,4,4,4,4,4,4,4,8,7,To see if mood influences ability to solve math problems.,"Certain people probably got different photos. I got cute animals and flowers, but some people might have gotten horrible images.",32,Female,Asian,"The instructions for the first task were a little bit confusing. I thought you were supposed to wait for the numbers to count down to start the action (left hand on back of head, blink 5 times) so I almost missed recording it. The instructions might have been a bit clearer there.","Yes, you may use my data in the research.",NA,1,1,0.6196153846153846,3.0911538461538464,0,1,TRUE,TRUE,0,FALSE
16178081,18/06/2026 10:22:01,complete,Threat,SmilePosTen,positive,ten,I agree to participate,13,4,2,2,2,2,1,1,1,1,2,1,2,1.6666666666666667,2,3,3,2,2.5,5,4,6,4,5,4.8,2,6,4,8,3,2,2,2.3333333333333335,2,1,1,1.3333333333333333,2,2,2,2,3,3,4,4,3.5,4,2,3,2,3,2.8,1,9,2,5,5,6,6,5.666666666666667,1,1,1,1,1,1,1,1,4,5,4,3,4,5,3,4,3,3,3.6,4,7,3,7,6,5,6,5.666666666666667,1,1,1,1,1,1,1,1,4,4,5,3,4,4,3,3,3,3,3.2,4,8,7,To see how different kinds of distractions would affect your mood.,How the pictures and poses were chosen.,41,Male,White,NA,"Yes, you may use my data in the research.",NA,1,1,1.367778664731495,2.6249038461538463,0.915420899854862,0.9442307692307692,FALSE,FALSE,0,FALSE
16178082,18/06/2026 07:22:04,complete,No threat,SmileNegOne,negative,one,I agree to participate,13,4,1,1,1,1,1,1,1,1,3,2,4,3,6,7,7,6,6.5,1,1,1,1,1,1,2,6,4,8,1,1,1,1,1,1,1,1,1,1,4,2,6,7,7,6,6.5,1,1,1,1,2,1.2,1,9,2,5,1,1,1,1,7,5,5,5.666666666666667,3,3,3,3,6,7,7,6,6.5,1,2,1,1,4,1.8,4,7,3,7,1,1,1,1,7,5,6,6,4,6,4,4.666666666666667,7,6,7,6,6.5,1,1,1,1,3,1.4,4,8,7,Seeing how alarming those images were.,how I react to horrible imagery. And collecting my biometric data.,52,Female,White,A warning on sensitive images would have been nice. You guys suck.,"Yes, you may use my data in the research.",NA,1,1,0,1.116923076923077,0,0.8461538461538463,FALSE,TRUE,0,FALSE
16178084,18/06/2026 07:22:04,complete,Threat,NaturaPosTen,positive,ten,I agree to participate,13,4,4,1,4,3,1,1,1,1,1,1,1,1,5,5,5,5,5,1,1,1,1,1,1,2,6,4,8,4,4,3,3.6666666666666665,1,1,1,1,1,1,1,1,5,5,5,5,5,1,1,1,1,1,1,1,9,2,5,4,1,1,2,1,1,1,1,2,1,NA,1.5,5,5,5,5,5,1,1,1,1,1,1,4,7,3,7,4,4,4,4,1,1,1,1,1,1,1,1,5,5,5,5,5,1,1,1,1,1,1,4,8,7,"Maybe to determine if performing certain physical activities can affect mathematical abilities
",Why we performed those tasks and how it relates to how I feel about my life,22,Male,Black,NA,"Yes, you may use my data in the research.",NA,1,1,0.00276923076923076,1.607269230769231,0,0.9980769230769232,TRUE,TRUE,0,FALSE
16178085,18/06/2026 09:22:05,complete,Threat,NaturaNegOne,negative,one,I agree to participate,13,4,5,5,5,5,1,1,1,1,1,1,1,1,5,5,6,1,4.25,1,1,1,1,1,1,2,6,4,8,5,5,5,5,1,1,1,1,1,1,1,1,5,5,6,1,4.25,1,1,1,1,1,1,1,9,2,5,1,1,1,1,5,3,4,4,1,4,1,2,5,5,6,1,4.25,1,1,1,1,1,1,4,7,3,7,1,1,1,1,7,4,4,5,7,7,1,5,5,5,6,1,4.25,1,1,1,1,1,1,4,8,7,Percetions of following commands and completing tasks.,That you are studing whether people will follow instructions and keep emotions the same.,26,Female,Mixed,NA,"Yes, you may use my data in the research.",NA,1,1,0.185,2.276923076923077,0,1,TRUE,TRUE,0,FALSE
16178086,18/06/2026 10:22:08,complete,No threat,NaturaNegTen,negative,ten,I agree to participate,13,4,1,4,3,2.6666666666666665,1,1,1,1,1,1,1,1,2,3,2,1,2,1,1,1,2,1,1.2,2,6,4,8,1,1,1,1,2,1,1,1.3333333333333333,2,3,4,3,1,2,1,1,1.25,3,1,3,3,2,2.4,1,9,2,5,1,1,1,1,2,1,2,1.6666666666666667,4,5,4,4.333333333333333,1,2,1,1,1.25,3,1,2,3,2,2.2,4,7,3,7,1,1,1,1,4,2,2,2.6666666666666665,3,3,3,3,2,2,2,1,1.75,2,1,1,2,1,1.4,4,8,7,To see how holding that smile while being shown disturbing images would affect our mood and concentration.,"I'm not sure! I feel like it wasn't about the math at all, though.",33,Male,Black,No issues!,"Yes, you may use my data in the research.",NA,1,1,0,2.2984483408748115,0,1,TRUE,TRUE,0,TRUE
16178088,18/06/2026 10:22:14,complete,No threat,SmilePosOne,positive,one,I agree to participate,13,4,2,2,2,2,2,2,2,2,5,5,5,5,5,5,5,3,4.5,3,3,3,3,3,3,2,6,4,8,2,2,2,2,2,2,2,2,4,4,4,4,5,5,3,5,4.5,3,3,3,3,3,3,1,9,2,5,2,2,2,2,2,2,2,2,4,4,NA,4,5,5,5,3,4.5,3,3,3,3,3,3,4,7,3,7,2,2,2,2,2,2,2,2,4,4,4,4,3,5,5,5,4.5,3,3,3,3,3,3,4,8,7,I have no clue. Problems were pretty simple.,I dont know i would like to though,37,Male,Black,I dont think I had any. I could never see my recordings.,"Yes, you may use my data in the research.",NA,1,1,0,0,0,0,FALSE,FALSE,0,FALSE
16178090,18/06/2026 07:19:38,complete,No threat,SmilePosTen,positive,ten,I agree to participate,13,4,4,5,4,4.333333333333333,1,1,1,1,1,1,1,1,6,6,7,5,6,1,1,1,1,1,1,2,6,4,8,4,4,4,4,1,1,1,1,1,1,1,1,6,6,6,6,6,1,1,1,1,1,1,1,9,2,5,4,4,4,4,1,1,1,1,1,1,1,1,6,6,6,6,6,1,1,1,1,1,1,4,7,3,7,7,7,7,7,1,1,1,1,1,1,1,1,6,6,6,6,6,1,1,1,1,1,1,4,8,7,i don't know..something about mundane distractions maybe?,none,58,Female,White,NA,"Yes, you may use my data in the research.",NA,0.9826923076923076,1,0.4445769230769231,1.4337115384615384,0,0.4096153846153846,FALSE,FALSE,0,FALSE
16178091,18/06/2026 10:22:10,complete,Threat,NaturaPosOne,positive,one,I agree to participate,13,4,6,5,7,6,6,3,2,3.6666666666666665,1,1,2,1.3333333333333333,6,7,7,6,6.5,3,2,1,1,2,1.8,2,6,4,8,7,7,7,7,2,1,1,1.3333333333333333,1,1,1,1,6,7,7,6,6.5,1,1,1,1,1,1,1,9,2,5,6,4,7,5.666666666666667,2,1,1,1.3333333333333333,1,1,1,1,6,7,7,6,6.5,1,1,1,1,1,1,4,7,3,7,6,6,6,6,1,1,1,1,1,1,1,1,6,7,7,6,6.5,1,1,1,1,1,1,4,8,7,"I think it's about identifying how humans can react to certain interactions when seeing or doing things and, in the immediate future, solve problems that require certain mathematical skills.",Maybe,34,Female,Other,"None, everything is fine.","Yes, you may use my data in the research.",NA,1,1,0,3.2023076923076923,0,1,TRUE,TRUE,0,FALSE
16178092,18/06/2026 10:22:16,complete,No threat,NaturaNegTen,negative,ten,I agree to participate,13,4,5,5,4,4.666666666666667,1,1,1,1,1,1,1,1,5,5,5,5,5,1,NA,1,1,1,1,2,6,4,8,1,2,2,1.6666666666666667,1,1,1,1,1,1,1,1,6,6,6,6,6,1,1,1,1,1,1,NA,9,2,5,1,1,1,1,3,1,1,1.6666666666666667,3,3,3,3,5,5,5,5,5,1,1,1,1,1,1,4,7,3,7,1,1,1,1,4,1,1,2,3,3,4,3.3333333333333335,5,5,5,5,5,1,1,1,1,1,1,4,8,7,to see if seeing disturbing images affects your mood or mental ability,"that after seeing disturbing images, some people might feel more positive about their life",59,Female,White,NA,"Yes, you may use my data in the research.",NA,1,0.9884615384615384,0.0405,0.02013461538461538,0,0,FALSE,FALSE,1,FALSE
16178093,18/06/2026 09:22:18,complete,No threat,SmileNegOne,negative,one,I agree to participate,13,4,2,2,2,2,2,1,1,1.3333333333333333,5,5,3,4.333333333333333,4,4,4,5,4.25,4,5,5,4,4,4.4,2,6,4,8,2,2,2,2,3,3,4,3.3333333333333335,4,2,2,2.6666666666666665,5,5,5,4,4.75,5,4,5,4,5,4.6,1,9,2,5,3,4,4,3.6666666666666665,3,3,3,3,3,2,3,2.6666666666666665,5,5,5,5,5,3,3,3,2,4,3,4,7,3,7,3,2,2,2.3333333333333335,3,2,3,2.6666666666666665,2,3,4,3,5,5,5,5,5,4,5,4,5,5,4.6,4,8,7,To evaluate how content of pictures affects our mood.,Im not sure,34,Female,White,None,"Yes, you may use my data in the research.",NA,1,1,0.06576923076923076,2.4007692307692308,0,1,TRUE,TRUE,0,FALSE
16178095,18/06/2026 10:22:19,complete,No threat,SmileNegOne,negative,one,I agree to participate,13,4,1,1,1,1,1,1,1,1,1,1,1,1,2,3,3,2,2.5,3,1,1,3,2,2,2,6,4,8,1,1,1,1,1,1,1,1,1,1,1,1,4,3,3,3,3.25,2,1,1,1,1,1.2,1,9,2,5,2,2,3,2.3333333333333335,1,1,1,1,1,1,1,1,3,3,4,3,3.25,3,1,1,2,1,1.6,4,7,3,7,1,1,1,1,1,1,1,1,1,1,1,1,3,4,4,3,3.5,2,1,1,1,1,1.2,4,8,7,"To see if you are emotionally bothered by pictures presented or tasks presented while being asked to ""pretend"" to smile or complete a task and to see who well you are able to adapt to doing a task such as math after a physical performance of tasks",I am not sure,50,Male,White,No issues,"Yes, you may use my data in the research.",NA,1,1,0,1.2078846153846154,0,1,FALSE,TRUE,0,TRUE
16178096,18/06/2026 09:22:19,complete,No threat,NaturaNegOne,negative,one,I agree to participate,13,4,2,3,2,2.3333333333333335,2,1,1,1.3333333333333333,1,1,1,1,5,5,6,4,5,2,1,1,1,1,1.2,2,6,4,8,1,2,2,1.6666666666666667,1,1,1,1,1,1,1,1,5,5,5,5,5,1,1,1,1,1,1,1,9,2,5,1,1,1,1,2,2,2,2,2,2,2,2,5,6,5,6,5.5,1,2,1,1,2,1.4,4,7,3,7,1,1,1,1,2,2,3,2.3333333333333335,2,2,2,2,6,6,6,5,5.75,1,1,1,2,2,1.4,4,8,7,How emotionally provoking images affect life quality/feelings ratings,Unsure,21,Female,Asian,NA,"Yes, you may use my data in the research.",NA,1,1,0.40365384615384614,1.1088461538461538,0,0,FALSE,FALSE,0,FALSE
16178097,18/06/2026 10:22:20,complete,Threat,SmileNegOne,negative,one,I agree to participate,13,4,1,1,1,1,1,1,1,1,1,1,1,1,1,1,1,1,1,5,5,5,5,5,5,2,6,4,8,1,1,1,1,1,1,1,1,1,1,1,1,1,1,1,1,1,5,5,5,5,5,5,1,9,2,5,1,1,1,1,1,1,1,1,2,2,2,2,1,1,1,1,1,5,5,5,5,5,5,4,7,3,7,1,1,1,1,2,1,1,1.3333333333333333,2,2,2,2,1,1,1,1,1,5,NA,5,5,5,5,4,8,7,I'm not sure,I don't know,53,Male,White,"In the first physical task I thought the timer was a countdown until the task was supposed to start, so I didn't properly complete it.  I apologize.","Yes, you may use my data in the research.",NA,1,1,0,1.7980769230769231,0,1,TRUE,TRUE,0,FALSE
16178098,18/06/2026 10:22:20,complete,Threat,SmileNegTen,negative,ten,I agree to participate,13,4,4,4,4,4,1,1,1,1,1,1,1,1,3,3,2,2,2.5,2,2,1,2,2,1.8,2,6,4,8,4,4,4,4,1,1,1,1,1,1,1,1,3,3,2,2,2.5,2,2,1,2,2,1.8,1,9,2,5,1,1,1,1,7,1,1,3,5,5,1,3.6666666666666665,3,3,3,2,2.75,2,2,1,2,2,1.8,4,7,3,7,1,1,1,1,7,1,1,3,5,1,5,3.6666666666666665,3,3,3,2,2.75,2,2,1,2,2,1.8,4,8,7,"To judge facial reactions when presented with distutrbing pet abuse, robbery/theft photos, and minor annoyances of idiots parking the wrong way, to judge which was the most impactful on expression, or perhaps to track eye movemts to see how much dwell time was experienced on each set, each region of the set.",eye tracking and reactions to disturbing images and the resulting facial expressions used by subjects when viewing.,52,Male,Prefer not to say,none,"Yes, you may use my data in the research.",NA,1,1,0.24794049346879535,2.698756894049347,0.1942307692307692,1,TRUE,TRUE,0,FALSE
16178099,18/06/2026 08:22:25,complete,Threat,NaturaPosOne,positive,one,I agree to participate,13,4,2,2,3,2.3333333333333335,2,1,1,1.3333333333333333,4,4,4,4,5,5,6,5,5.25,4,5,4,4,4,4.2,2,6,4,8,2,2,2,2,1,1,1,1,3,3,3,3,5,5,6,4,5,4,4,3,4,4,3.8,1,9,2,5,5,4,6,5,1,1,1,1,2,2,3,2.3333333333333335,5,5,6,4,5,4,4,3,4,4,3.8,4,7,3,7,5,5,6,5.333333333333333,1,1,1,1,2,2,3,2.3333333333333335,5,6,6,5,5.5,4,4,3,4,4,3.8,4,8,7,not sure,you watched while i read the instructions and practiced,50,Female,White,none,"Yes, you may use my data in the research.",NA,1,1,0.03153846153846153,2.688653846153846,0,1,TRUE,TRUE,0,FALSE
16178100,18/06/2026 10:22:30,complete,Threat,SmileNegTen,negative,ten,I agree to participate,13,4,4,4,5,4.333333333333333,1,1,1,1,1,1,1,1,2,2,2,1,1.75,1,2,2,4,3,2.4,2,6,4,8,4,4,4,4,1,1,1,1,1,1,1,1,2,2,2,1,1.75,1,1,1,2,3,1.6,1,9,2,5,2,2,3,2.3333333333333335,4,1,1,2,3,2,2,2.3333333333333335,2,2,2,1,1.75,1,2,2,3,3,2.2,4,7,3,7,2,2,2,2,3,1,1,1.6666666666666667,2,1,2,1.6666666666666667,2,2,2,1,1.75,1,2,2,3,3,2.2,4,8,7,Effects of multitasking while doing math,I honestly have no idea,41,Male,White,NA,"Yes, you may use my data in the research.",NA,1,1,0.02743976777939042,1.5481255442670536,0,0.8412191582002904,TRUE,TRUE,0,FALSE
16178101,18/06/2026 10:22:33,complete,Threat,SmilePosTen,positive,ten,I agree to participate,13,4,4,4,4,4,1,1,NA,1,1,NA,1,1,1,3,2,1,1.75,NA,3,3,3,3,3,2,6,4,8,4,4,4,4,1,1,1,1,1,1,1,1,1,3,NA,NA,2,2,3,3,3,3,2.8,1,9,2,5,5,4,5,4.666666666666667,1,1,1,1,2,1,NA,1.5,1,3,2,NA,2,3,3,3,3,3,3,4,7,3,7,5,5,6,5.333333333333333,1,1,1,1,1,1,1,1,1,3,2,1,1.75,2,3,3,3,3,2.8,4,8,7,Testing focus while taking studies,I truly don't know,54,Male,White,NA,"Yes, you may use my data in the research.",NA,1,1,0.3873412518853695,1.818405354449472,0.2573906485671192,1,FALSE,TRUE,0,FALSE
16178102,18/06/2026 10:22:35,complete,Threat,SmilePosOne,positive,one,I agree to participate,13,4,2,2,2,2,1,1,1,1,1,1,1,1,4,4,4,3,3.75,3,2,2,2,2,2.2,2,6,4,8,2,2,2,2,1,1,1,1,1,1,1,1,4,4,5,3,4,3,1,1,2,1,1.6,1,9,2,5,2,2,2,2,1,1,1,1,1,1,1,1,4,4,4,3,3.75,3,2,1,2,2,2,4,7,3,7,3,3,3,3,1,1,1,1,1,1,1,1,4,4,4,3,3.75,3,1,1,1,1,1.4,4,8,7,"positive images and mathematical response times?
",positve imagery affecting response times?,40,Female,White,no issues or quality of data compromised,"Yes, you may use my data in the research.",NA,1,1,1.019423076923077,2.669423076923077,0.5961538461538463,1,TRUE,FALSE,0,FALSE
16178103,18/06/2026 07:22:42,complete,No threat,SmileNegTen,negative,ten,I agree to participate,13,4,1,1,1,1,1,1,1,1,5,2,6,4.333333333333333,5,5,5,4,4.75,1,1,1,1,1,1,2,6,4,8,1,1,1,1,1,1,1,1,1,1,2,1.3333333333333333,5,6,5,4,5,1,1,1,1,1,1,1,9,2,5,1,1,1,1,1,1,1,1,1,1,1,1,5,6,5,4,5,1,1,1,1,1,1,4,7,3,7,1,1,1,1,1,1,1,1,1,1,1,1,5,5,5,4,4.75,1,1,1,1,1,1,4,8,7,I have no idea.,How people react.,45,Female,Mixed,The taskes were a bit confusing.,"Yes, you may use my data in the research.",NA,1,1,0.3640603318250377,0.5137496229260935,0,0.00192307692307692,FALSE,FALSE,0,FALSE
16178105,18/06/2026 10:22:40,complete,Threat,SmileNegTen,negative,ten,I agree to participate,13,4,1,1,1,1,1,1,1,1,1,1,4,2,NA,6,6,6,6,4,1,1,1,1,1.6,2,6,4,8,1,1,1,1,1,1,1,1,4,1,4,3,6,6,6,6,6,4,1,NA,1,NA,2,1,9,2,5,1,1,1,1,1,1,1,1,4,1,7,4,6,6,6,6,6,4,1,1,1,1,1.6,4,7,3,7,1,1,1,1,1,1,1,1,4,1,NA,2.5,6,6,6,6,6,4,1,1,1,1,1.6,4,8,7,not sure,no clue,39,Male,White,none,"Yes, you may use my data in the research.",NA,1,1,2.307692307692309e-4,2.7655,0,1,TRUE,TRUE,0,FALSE
16178106,18/06/2026 10:22:39,complete,Threat,NaturaNegTen,negative,ten,I agree to participate,13,4,1,2,4,2.3333333333333335,2,3,2,2.3333333333333335,1,2,1,1.3333333333333333,1,1,1,5,2,5,1,2,4,5,3.4,2,6,4,8,1,4,1,2,1,1,1,1,1,1,1,1,1,4,4,1,2.5,5,1,1,5,5,3.4,1,9,2,5,1,1,1,1,3,1,1,1.6666666666666667,3,3,1,2.3333333333333335,1,1,1,4,1.75,1,1,1,3,5,2.2,4,7,3,7,1,1,1,1,7,7,6,6.666666666666667,7,7,7,7,1,3,4,5,3.25,4,1,1,4,7,3.4,4,8,7,To see human interactions with their emotion and brain power combined,It is for a AI research? anazlyzing decision making,21,Female,White,none.,"Yes, you may use my data in the research.",NA,1,1,1.730769230769231e-4,0.00187499999999999,0,0,FALSE,FALSE,0,FALSE
16178107,18/06/2026 10:22:44,complete,No threat,NaturaPosTen,positive,ten,I agree to participate,13,4,1,1,1,1,1,1,1,1,1,1,6,2.6666666666666665,4,5,5,3,4.25,2,2,2,3,2,2.2,2,6,4,8,1,1,1,1,1,1,1,1,2,1,2,1.6666666666666667,4,3,4,3,3.5,1,1,1,1,1,1,1,9,4,5,1,1,1,1,1,1,1,1,1,2,3,2,4,5,4,3,4,1,1,1,1,1,1,4,7,3,7,1,1,1,1,1,1,1,1,1,1,1,1,4,4,5,3,4,2,2,2,4,2,2.4,4,8,7,Math Performance and Body Movements.,Focus and attention.,55,Male,White,No issues.,"Yes, you may use my data in the research.",NA,1,1,0.03461538461538462,2.010884615384615,0,0.2307692307692308,TRUE,FALSE,1,FALSE
16178108,18/06/2026 10:22:53,complete,Threat,SmilePosTen,positive,ten,I agree to participate,13,4,2,3,2,2.3333333333333335,1,1,3,1.6666666666666667,5,1,5,3.6666666666666665,5,5,6,5,5.25,5,1,2,3,2,2.6,2,6,4,8,4,3,4,3.6666666666666665,1,1,1,1,2,2,2,2,5,6,6,5,5.5,3,1,1,2,1,1.6,1,9,2,5,2,2,2,2,1,1,1,1,6,6,7,6.333333333333333,5,5,6,5,5.25,4,1,1,2,1,1.8,4,7,3,7,5,6,6,5.666666666666667,1,1,1,1,2,2,2,2,5,6,6,5,5.5,5,1,1,2,2,2.2,4,8,7,How being made to mimic certain emotional states impacted our emotional state,I am not sure,44,Male,White,"I was confused when performing the first task -- I misunderstood the instructions and thought I was meant to start the task after the countdown, not perform it using the countdown","Yes, you may use my data in the research.",NA,0.9884615384615384,1,0.5960192307692308,1.9621923076923076,0.17884615384615382,0.971153846153846,FALSE,TRUE,0,TRUE
16178110,18/06/2026 10:22:57,complete,Threat,SmileNegTen,negative,ten,I agree to participate,13,4,1,1,1,1,1,1,1,1,1,1,1,1,4,1,1,1,1.75,1,1,1,1,1,1,2,6,NA,8,1,1,1,1,1,2,2,1.6666666666666667,3,3,1,2.3333333333333335,1,1,1,1,1,1,1,1,1,1,1,1,9,2,5,1,1,1,1,1,1,1,1,1,1,1,1,1,1,1,1,1,1,1,1,1,1,1,4,7,3,7,1,1,1,1,1,1,1,1,1,1,1,1,1,1,1,1,1,4,4,4,4,4,4,4,8,NA,i dont know,i dont know,34,Male,White,none,"Yes, you may use my data in the research.",NA,0.9846153846153848,1,0.03059615384615386,0.4460384615384615,0,0.17115384615384613,FALSE,FALSE,2,FALSE
16178111,18/06/2026 10:23:05,complete,No threat,NaturaNegOne,negative,one,I agree to participate,13,4,3,3,4,3.3333333333333335,1,1,1,1,1,1,1,1,4,4,5,2,3.75,2,2,2,2,2,2,2,6,4,8,4,4,4,4,1,1,1,1,1,1,2,1.3333333333333333,4,4,4,2,3.5,2,2,2,2,2,2,1,9,2,5,4,4,4,4,1,1,1,1,1,1,1,1,4,4,4,2,3.5,2,2,2,2,2,2,4,7,3,7,4,4,4,4,NA,1,1,1,1,1,1,1,4,4,5,2,3.75,2,2,2,2,2,2,4,8,7,See if the smiling section would make us check boxes more positively.,No idea.,38,Male,White,The first video was challenging to me for some reason.,"Yes, you may use my data in the research.",NA,1,0.7692307692307693,0,1.9019230769230768,0,0.7692307692307692,FALSE,FALSE,0,TRUE
16178113,18/06/2026 10:23:09,complete,No threat,NaturaPosTen,positive,ten,I agree to participate,13,4,4,3,4,3.6666666666666665,1,1,1,1,1,1,1,1,1,1,3,1,1.5,6,5,4,6,6,5.4,2,6,4,8,4,3,4,3.6666666666666665,1,1,1,1,1,1,1,1,2,1,2,1,1.5,6,4,4,5,6,5,1,9,2,5,5,5,5,5,1,1,1,1,1,1,1,1,2,1,2,1,1.5,6,4,4,5,6,5,4,7,3,7,6,5,6,5.666666666666667,1,1,1,1,1,1,1,1,1,1,2,1,1.25,6,4,4,5,6,5,4,8,7,I am completely clueless here which is not normally the case.,That this is a correlation with math and facial expressions?,61,Female,White,"None, everything went smoothly.","Yes, you may use my data in the research.",NA,1,1,5.192307692307693e-4,1.2693606676342526,0,0.9788461538461538,FALSE,TRUE,0,FALSE
16178114,18/06/2026 10:23:12,complete,No threat,NaturaNegTen,negative,ten,I agree to participate,13,4,2,2,2,2,4,2,2,2.6666666666666665,4,3,4,3.6666666666666665,5,5,6,2,4.5,2,1,1,1,1,1.2,2,6,4,8,4,4,4,4,3,1,1,1.6666666666666667,1,1,1,1,5,6,6,2,4.75,3,1,1,1,1,1.4,1,9,2,5,1,1,1,1,6,4,4,4.666666666666667,7,6,6,6.333333333333333,6,6,5,2,4.75,5,3,3,5,6,4.4,4,7,3,7,1,1,1,1,7,5,4,5.333333333333333,5,5,5,5,5,6,6,2,4.75,2,1,3,5,3,2.8,4,8,7,To view subtle facial expression changes even in situations where the person is acting.,That the goal wasto see people genuinely acting.,26,Male,White,NA,"Yes, you may use my data in the research.",NA,1,1,0.0094815233785822,3.049792232277526,0,1,TRUE,TRUE,0,FALSE
16178115,18/06/2026 09:23:12,complete,No threat,SmilePosOne,positive,one,I agree to participate,13,4,2,2,2,2,1,1,1,1,1,1,1,1,6,5,5,6,5.5,3,1,1,1,1,1.4,2,6,4,8,3,1,2,2,1,1,1,1,1,1,1,1,6,5,5,5,5.25,2,1,1,1,1,1.2,1,9,2,5,2,1,2,1.6666666666666667,1,1,1,1,1,1,1,1,6,5,5,5,5.25,2,1,1,1,1,1.2,4,7,3,7,3,1,2,2,1,1,1,1,1,1,1,1,6,5,5,5,5.25,2,1,1,1,1,1.2,4,8,7,to see how physical movement impacts mood,the reasoning for the study,27,Female,White,none,"Yes, you may use my data in the research.",NA,1,1,0.325,2.1326923076923077,0,0.8653846153846154,TRUE,TRUE,0,FALSE
16178119,18/06/2026 09:23:22,complete,Threat,SmilePosTen,positive,ten,I agree to participate,13,4,3,4,3,3.3333333333333335,5,5,5,5,1,3,1,1.6666666666666667,2,5,2,3,3,5,4,5,6,6,5.2,2,6,4,8,2,4,2,2.6666666666666665,4,2,3,3,1,1,1,1,2,2,5,2,2.75,5,4,6,6,6,5.4,1,9,2,5,6,6,6,6,1,2,1,1.3333333333333333,1,1,NA,1,2,3,5,3,3.25,5,4,5,7,6,5.4,4,7,3,7,5,5,4,4.666666666666667,1,2,1,1.3333333333333333,1,1,1,1,3,2,2,5,3,6,5,6,5,6,5.6,4,8,7,My feeling reactions after exposure to happy pictures and phisical tasks,Soething psycological,46,Male,White,none,"Yes, you may use my data in the research.",NA,1,1,0.5256500754147813,3.1873808446455505,0.2604826546003016,1,TRUE,TRUE,0,FALSE
16178120,18/06/2026 09:23:22,complete,No threat,NaturaPosOne,positive,one,I agree to participate,13,4,4,6,6,5.333333333333333,1,1,1,1,1,1,1,1,1,1,3,2,1.75,5,5,4,5,6,5,2,6,4,8,4,5,5,4.666666666666667,1,1,1,1,1,1,1,1,2,2,3,5,3,6,6,4,5,6,5.4,1,9,2,5,5,5,5,5,1,1,1,1,1,1,1,1,2,2,3,4,2.75,6,6,5,5,6,5.6,4,7,3,7,1,1,1,1,1,1,1,1,1,1,1,1,2,2,4,4,3,6,5,4,5,6,5.2,4,8,7,I have no idea!!,I definitely do not know,56,Female,Black,No issues.,"Yes, you may use my data in the research.",NA,1,1,0.02288461538461539,2.7442307692307693,0,1,TRUE,TRUE,0,FALSE
16178121,18/06/2026 09:23:27,complete,No threat,NaturaNegOne,negative,one,I agree to participate,13,4,1,1,1,1,1,1,1,1,1,1,1,1,6,5,6,7,6,3,1,1,2,1,1.6,2,6,4,8,1,1,1,1,1,1,1,1,1,1,1,1,5,5,6,7,5.75,3,1,1,2,1,1.6,1,9,2,5,1,1,1,1,1,1,1,1,1,1,1,1,5,6,6,7,6,3,1,1,2,1,1.6,4,7,3,7,1,1,1,1,1,1,1,1,1,1,1,1,6,5,6,7,6,3,1,1,2,1,1.6,4,8,7,I believe the purpose of this study was to judge emotions.,"I think the math problems were not really a part of the study, it was more about the pictures.",33,Female,White,NA,"Yes, you may use my data in the research.",NA,1,1,0,3.0854901960784313,0,1,TRUE,TRUE,0,FALSE
16178123,18/06/2026 07:23:35,complete,Threat,SmileNegOne,negative,one,I agree to participate,13,4,1,3,1,1.6666666666666667,1,1,1,1,1,1,1,1,3,2,3,3,2.75,4,5,4,5,4,4.4,2,6,4,8,2,2,2,2,1,1,1,1,1,1,1,1,3,3,3,3,3,1,2,2,2,1,1.6,1,9,2,5,2,1,1,1.3333333333333333,1,1,1,1,3,2,2,2.3333333333333335,2,2,2,2,2,4,5,5,5,5,4.8,4,7,3,7,1,3,1,1.6666666666666667,1,1,1,1,1,1,1,1,3,3,3,3,3,2,3,2,3,3,2.6,4,8,7,I believe the purpose was to test how different body movements in association with math have an impact on how you feel.,I think the details might be about what the association between tasks actually means.,32,Male,Black,NA,"Yes, you may use my data in the research.",NA,1,1,0,2.438076923076923,0,1,TRUE,TRUE,0,FALSE
16178124,18/06/2026 07:23:37,complete,No threat,NaturaNegOne,negative,one,I agree to participate,13,4,2,2,3,2.3333333333333335,1,1,2,1.3333333333333333,2,2,3,2.3333333333333335,4,5,4,5,4.5,5,3,2,3,3,3.2,2,6,4,8,1,2,1,1.3333333333333333,1,1,1,1,2,2,1,1.6666666666666667,3,3,4,4,3.5,5,3,3,4,4,3.8,1,9,2,5,1,1,1,1,2,1,2,1.6666666666666667,1,1,2,1.3333333333333333,2,3,4,4,3.25,5,2,3,4,4,3.6,4,7,3,7,1,1,2,1.3333333333333333,4,2,2,2.6666666666666665,2,1,2,1.6666666666666667,3,3,5,4,3.75,4,2,3,2,3,2.8,4,8,7,It seems to be a study eliciting emotional responses for image exposure along with forced facial expression.,Perhaps more was being monitored in the video than I thought.,27,Male,White,NA,"Yes, you may use my data in the research.",NA,1,1,0,2.0615384615384613,0,0.903846153846154,TRUE,TRUE,0,TRUE
16178125,18/06/2026 10:23:39,complete,Threat,SmilePosOne,positive,one,I agree to participate,13,4,4,2,4,3.3333333333333335,2,1,1,1.3333333333333333,1,1,1,1,7,7,7,6,6.75,5,1,1,1,1,1.8,2,6,4,8,5,5,3,4.333333333333333,4,1,1,2,1,1,1,1,7,7,7,6,6.75,6,1,1,1,1,2,1,9,2,5,4,3,5,4,1,1,1,1,2,1,2,1.6666666666666667,7,7,7,6,6.75,5,1,1,1,1,1.8,4,7,3,7,6,3,6,5,1,1,1,1,1,1,1,1,7,7,7,6,6.75,5,1,1,1,1,1.8,4,8,7,Study the emotions of people when doing something unfamiliar,study how people react and follow simple instructions,36,Female,White,NA,"Yes, you may use my data in the research.",NA,1,1,0.02903846153846153,1.8276923076923075,0,1,TRUE,TRUE,0,FALSE
16178130,18/06/2026 10:23:32,complete,No threat,NaturaNegTen,negative,ten,I agree to participate,13,4,1,1,1,1,2,1,1,1.3333333333333333,1,1,1,1,1,1,1,1,1,2,2,3,4,3,2.8,2,6,4,8,1,1,1,1,1,1,1,1,1,1,1,1,1,1,1,1,1,2,2,2,3,2,2.2,1,9,2,5,1,1,1,1,2,1,1,1.3333333333333333,2,1,2,1.6666666666666667,1,1,1,1,1,2,3,2,4,2,2.6,4,7,3,7,1,1,1,1,2,1,1,1.3333333333333333,2,2,1,1.6666666666666667,1,1,1,1,1,2,3,3,4,2,2.8,4,8,7,"I thought may be whether seeing certain images would affect my ability to complete math equations, but the math problems were too simple and small to truly have an impact either way. So maybe instead it was to test whether the images, and the way I was told to act upon seeing them, would have an immediate impact on my mood?",I think the test had nothing to do with the math questions and they were there just as a distraction from the real test?,27,Male,White,NA,"Yes, you may use my data in the research.",NA,1,1,0.7880803167420815,3.158325471698113,0.01538461538461538,1,TRUE,TRUE,0,FALSE
16178131,18/06/2026 10:24:07,complete,Threat,NaturaPosOne,positive,one,I agree to participate,13,4,4,4,4,4,1,1,1,1,1,1,1,1,6,6,6,6,6,1,1,1,1,1,1,2,6,4,8,5,5,5,5,1,1,1,1,1,1,1,1,6,6,6,6,6,1,1,1,1,1,1,1,9,2,5,6,6,6,6,1,1,1,1,1,1,1,1,6,6,6,6,6,1,1,1,1,1,1,4,7,3,7,6,6,6,6,1,1,1,1,1,1,1,1,6,6,6,6,6,1,1,1,1,1,1,4,8,7,Seeing how well people listen to directions,I'm not sure,24,Female,Black,"I didn't have any issues, thanks.","Yes, you may use my data in the research.",NA,1,1,1.6476923076923076,3.0615384615384613,0.7692307692307692,0.923076923076923,FALSE,FALSE,0,FALSE
16178132,18/06/2026 09:24:15,complete,Threat,NaturaNegOne,negative,one,I agree to participate,13,4,5,1,1,2.3333333333333335,1,1,1,1,3,1,1,1.6666666666666667,7,7,7,7,7,1,1,1,1,1,1,2,6,4,8,4,1,4,3,1,1,1,1,1,1,1,1,7,7,7,7,7,1,1,1,1,1,1,1,9,2,5,2,1,1,1.3333333333333333,6,1,1,2.6666666666666665,5,3,3,3.6666666666666665,7,7,7,7,7,1,1,1,1,1,1,4,7,3,7,1,1,3,1.6666666666666667,1,1,1,1,1,1,1,1,7,7,7,7,7,1,1,1,1,1,1,4,8,7,I am not sure actually,I do not know,23,Female,Black,none,"Yes, you may use my data in the research.",NA,1,1,0.32294117647058823,2.754117647058824,0,0.8627450980392156,TRUE,TRUE,0,FALSE
16178143,18/06/2026 10:25:31,complete,Threat,SmilePosTen,positive,ten,I agree to participate,13,4,1,1,1,1,1,1,1,1,2,1,2,1.6666666666666667,3,3,3,3,3,1,1,1,1,1,1,2,6,4,8,1,1,1,1,1,1,1,1,1,1,1,1,3,3,3,3,3,1,1,1,1,1,1,1,9,2,5,1,1,1,1,1,1,1,1,5,1,5,3.6666666666666665,3,3,3,3,3,1,1,1,1,1,1,4,7,3,7,1,1,1,1,1,1,1,1,1,1,1,1,3,3,3,3,3,1,1,1,1,1,1,4,8,7,NA,"I think the study is about how the tasks affect emotion
",29,Male,White,NA,"Yes, you may use my data in the research.",NA,1,1,0,0,0,0,FALSE,FALSE,0,FALSE
16178149,18/06/2026 09:26:12,complete,No threat,NaturaNegTen,negative,ten,I agree to participate,13,4,4,4,2,3.3333333333333335,1,1,1,1,1,1,1,1,5,7,7,6,6.25,3,1,1,1,1,1.4,2,6,4,8,1,1,2,1.3333333333333333,1,1,1,1,1,1,1,1,6,7,6,5,6,4,1,1,1,1,1.6,1,9,2,5,1,1,1,1,2,1,1,1.3333333333333333,1,1,1,1,6,7,7,5,6.25,4,1,1,1,1,1.6,4,7,3,7,1,1,1,1,1,1,1,1,1,1,1,1,6,7,7,5,6.25,4,1,1,1,1,1.6,4,8,7,To assess facial movements reactions,Maybe something about the distressing parts of the study,25,Female,White,Second task instructions did not feel completely clear but I followed all instructions to the best of my ability and read carefully,"Yes, you may use my data in the research.",NA,1,1,0.46219683257918553,3.366326923076923,0,1,TRUE,TRUE,0,FALSE
16178168,18/06/2026 10:28:05,complete,Threat,NaturaNegOne,negative,one,I agree to participate,13,4,1,1,2,1.3333333333333333,1,1,1,1,1,1,1,1,7,7,7,6,6.75,4,1,1,1,1,1.6,2,6,4,8,1,2,1,1.3333333333333333,1,1,1,1,1,1,1,1,7,7,7,6,6.75,4,1,1,1,1,1.6,1,9,2,5,1,1,1,1,2,3,2,2.3333333333333335,2,2,2,2,7,7,7,6,6.75,4,2,1,3,1,2.2,4,7,3,7,1,1,1,1,2,2,2,2,2,2,2,2,7,6,7,7,6.75,4,1,1,1,1,1.6,4,8,7,"To see whether I got sadder after looking at the sad images
",That there were some control video actions and some not,29,Female,Asian,NA,"Yes, you may use my data in the research.",NA,1,1,0.4505769230769231,0.7275,0,0.23076923076923073,FALSE,FALSE,0,FALSE
16178241,18/06/2026 10:31:02,complete,No threat,SmilePosOne,positive,one,I agree to participate,13,4,3,1,1,1.6666666666666667,1,1,1,1,1,1,1,1,4,5,5,4,4.5,4,1,1,1,1,1.6,2,6,4,8,3,3,3,3,1,1,1,1,1,1,1,1,4,5,5,4,4.5,1,1,1,1,1,1,1,9,2,5,2,3,3,2.6666666666666665,1,1,1,1,1,1,1,1,4,5,5,4,4.5,2,1,1,1,1,1.2,4,7,3,7,4,4,3,3.6666666666666665,2,1,1,1.3333333333333333,1,1,1,1,4,5,5,4,4.5,1,1,1,1,1,1,4,8,7,Seeing if physical movement could have any impact on my processing abilities or thoughts.,Why the physical activities were truly relevant.,23,Male,Black,NA,"Yes, you may use my data in the research.",NA,1,1,0.8332692307692308,3.035769230769231,0,1,TRUE,TRUE,0,FALSE
16178272,18/06/2026 09:35:11,complete,Threat,SmileNegTen,negative,ten,I agree to participate,13,4,2,2,2,2,3,4,2,3,2,2,5,3,4,3,5,2,3.5,5,4,2,5,5,4.2,2,6,4,8,1,1,1,1,1,1,1,1,4,1,5,3.3333333333333335,4,3,5,1,3.25,5,2,2,5,5,3.8,1,9,2,5,4,3,3,3.3333333333333335,5,5,5,5,6,6,6,6,4,3,5,2,3.5,6,2,2,3,5,3.6,4,7,3,7,6,5,2,4.333333333333333,5,6,6,5.666666666666667,6,5,5,5.333333333333333,4,5,3,1,3.25,5,3,2,5,5,4,4,8,7,To figure out how physical tasks related to facial structures affect how we feel.,"Eye movement analysis is occuring during the study
",19,Male,Black,NA,"Yes, you may use my data in the research.",NA,1,1,0.8364038461538461,2.6813653846153844,0.30576923076923074,0.8403846153846154,TRUE,TRUE,0,FALSE
16178320,18/06/2026 09:41:45,complete,No threat,SmilePosTen,positive,ten,I agree to participate,13,4,2,3,3,2.6666666666666665,1,1,1,1,1,1,1,1,4,5,5,2,4,4,1,1,1,1,1.6,2,0,4,8,2,1,2,1.6666666666666667,2,1,1,1.3333333333333333,1,1,1,1,4,4,5,3,4,4,1,1,1,1,1.6,1,9,2,5,1,1,1,1,5,4,5,4.666666666666667,4,6,5,5,4,4,5,3,4,5,1,1,5,1,2.6,4,7,3,7,3,5,3,3.6666666666666665,1,1,1,1,1,1,1,1,4,4,5,3,4,4,1,1,1,1,1.6,4,6,7,"I am not sure, but I would like to know.",I'm not sure.,19,Female,Black,"I was very confused by the second trial, so much so that I didn't react when I saw the pictures. I am not sure if this would compromise your data, but I thought I would let you know.","Yes, you may use my data in the research.",NA,1,1,0.02006168359941944,9.056603773584903e-4,0,0,FALSE,FALSE,2,FALSE
16200799,22/06/2026 09:17:59,complete,Threat,NaturaNegOne,negative,one,I agree to participate,16,4,3,3,3,3,2,1,1,1.3333333333333333,1,2,2,1.6666666666666667,5,6,5,3,4.75,3,1,1,2,2,1.8,2,6,4,8,2,3,3,2.6666666666666665,1,1,1,1,3,1,4,2.6666666666666665,5,5,5,2,4.25,3,1,1,1,1,1.4,1,9,2,5,1,1,1,1,6,3,3,4,2,2,3,2.3333333333333335,5,5,5,2,4.25,3,1,1,1,1,1.4,4,7,3,7,1,1,1,1,6,4,4,4.666666666666667,2,3,3,2.6666666666666665,5,5,5,2,4.25,3,1,1,1,2,1.6,4,8,7,I believe the purpose was to see if any of those activities affected my answers to the questions after.,I think those details may have to do with my reaction to the images.,23,Male,White,No issues,"Yes, you may use my data in the research.",NA,1,1,0,1.314423076923077,0,1,FALSE,TRUE,0,FALSE
16200801,22/06/2026 08:18:13,complete,No threat,NaturaPosTen,positive,ten,I agree to participate,16,4,1,1,2,1.3333333333333333,1,1,1,1,1,1,1,1,4,4,4,4,4,4,4,4,4,5,4.2,2,6,4,8,1,1,3,1.6666666666666667,1,1,1,1,1,1,1,1,4,4,4,4,4,5,4,4,4,4,4.2,1,9,2,5,1,1,1,1,1,1,1,1,1,1,1,1,4,4,5,4,4.25,4,4,4,4,5,4.2,47,NA,3,7,6,5,6,5.666666666666667,1,1,1,1,1,1,1,1,4,4,4,4,4,4,5,4,4,4,4.2,4,8,7,To determine if certain actions or images change your viewpoint,Im not sure,46,Female,White,none,"Yes, you may use my data in the research.",NA,1,1,0,0,0,0,FALSE,FALSE,2,FALSE
16200807,22/06/2026 09:18:22,complete,Threat,SmilePosOne,positive,one,I agree to participate,16,4,1,1,2,1.3333333333333333,1,1,1,1,1,1,1,1,2,3,3,3,2.75,7,5,7,6,5,6,2,6,4,8,1,1,1,1,1,1,1,1,1,1,1,1,3,2,3,3,2.75,7,6,7,6,6,6.4,1,9,2,5,1,1,1,1,1,1,1,1,2,2,2,2,3,3,2,3,2.75,7,5,6,7,6,6.2,4,7,3,7,1,1,1,1,1,1,1,1,1,1,1,1,3,2,3,3,2.75,7,6,7,7,6,6.6,4,8,7,Seeing if thinking of difficult topics can impair your focus on certain tasks or maybe cognitive function in depressed people.,I'm not sure,25,Female,White,"None, it went smoothly","Yes, you may use my data in the research.",NA,1,1,0,2.274423076923077,0,1,TRUE,TRUE,0,FALSE
16200809,22/06/2026 09:18:26,complete,No threat,SmileNegOne,negative,one,I agree to participate,16,4,NA,3,4,3.5,1,1,1,1,1,1,1,1,3,3,3,1,2.5,5,3,2,4,4,3.6,2,6,4,8,3,4,4,3.6666666666666665,1,NA,1,1,2,2,3,2.3333333333333335,2,3,3,1,2.25,5,4,3,4,4,4,1,9,2,5,1,1,1,1,5,2,4,3.6666666666666665,4,4,4,4,3,3,2,1,2.25,5,4,3,4,4,4,4,7,3,7,1,1,1,1,5,4,4,4.333333333333333,4,NA,5,4.5,3,3,3,1,2.5,5,4,3,4,4,4,4,8,7,To see images then responses.,IDK,44,Male,White,NA,"Yes, you may use my data in the research.",NA,1,1,0.00519230769230769,3.249230769230769,0,1,TRUE,TRUE,0,FALSE
16200814,22/06/2026 09:18:28,complete,Threat,SmileNegTen,negative,ten,I agree to participate,16,4,5,5,4,4.666666666666667,4,4,1,3,2,5,3,3.3333333333333335,4,4,4,4,4,3,2,1,3,3,2.4,2,6,4,8,2,2,2,2,1,1,1,1,3,3,4,3.3333333333333335,4,4,4,4,4,4,2,1,2,2,2.2,1,9,2,5,3,2,3,2.6666666666666665,2,1,2,1.6666666666666667,3,4,4,3.6666666666666665,4,4,4,4,4,4,2,1,3,2,2.4,4,7,3,7,2,2,2,2,2,1,1,1.3333333333333333,3,3,3,3,4,4,4,4,4,3,1,1,2,2,1.8,4,8,7,Response to unsettling images,Purpose not about movement,55,Male,Mixed,no issues,"Yes, you may use my data in the research.",NA,1,1,0.04271153846153846,2.0834807692307695,0,0.95,TRUE,TRUE,0,FALSE
16200817,22/06/2026 09:18:35,complete,Threat,NaturaNegTen,negative,ten,I agree to participate,16,4,4,3,5,4,1,1,2,1.3333333333333333,1,1,1,1,1,2,2,1,1.5,1,2,2,4,4,2.6,2,6,4,8,1,1,1,1,1,1,1,1,1,1,1,1,2,2,1,1,1.5,1,2,2,2,2,1.8,1,9,2,5,1,1,1,1,1,1,3,1.6666666666666667,1,1,2,1.3333333333333333,1,2,1,1,1.25,1,2,1,2,2,1.6,4,7,3,7,1,1,1,1,4,1,1,2,5,3,3,3.6666666666666665,1,2,1,1,1.25,1,NA,3,6,3,3.25,4,8,7,something to do with how well people follow instruction or follow a mimic others facial motions? not sure honestly.,I'm honestly not aware of any missing details ngl.,24,Male,Black,no issues i did my best.,"Yes, you may use my data in the research.",NA,1,1,0.02649170437405731,0.520947963800905,0,0,FALSE,FALSE,0,FALSE
16200819,22/06/2026 09:18:37,complete,Threat,SmilePosOne,positive,one,I agree to participate,16,4,1,1,1,1,1,1,1,1,7,4,7,6,1,1,1,1,1,1,5,1,7,1,3,2,6,4,8,1,1,1,1,1,1,1,1,1,1,1,1,1,1,1,1,1,2,2,1,1,1,1.4,1,9,2,5,1,1,1,1,4,3,4,3.6666666666666665,3,7,7,5.666666666666667,1,1,1,1,1,3,1,2,2,4,2.4,4,7,3,7,1,1,1,1,1,1,1,1,1,1,1,1,1,1,1,1,1,1,1,1,1,1,1,4,8,7,Perhaps ai-training or something to do with facial tracking,"ai-tracking, facial recording, not really sure, these were pretty odd things and strange tasks",26,Transgender female,Mixed,"No issues, but man I did not enjoy this lol","Yes, you may use my data in the research.",NA,1,1,0,2.006346153846154,0,1,TRUE,TRUE,0,FALSE
16200820,22/06/2026 09:18:40,complete,No threat,NaturaPosTen,positive,ten,I agree to participate,16,4,2,4,1,2.3333333333333335,1,1,1,1,1,NA,1,1,1,1,1,1,1,1,1,3,1,3,1.8,4,6,4,8,2,2,4,2.6666666666666665,1,1,1,1,1,1,1,1,1,1,1,1,1,7,1,1,4,4,3.4,1,9,2,5,3,3,3,3,1,1,1,1,2,1,4,2.3333333333333335,1,1,1,1,1,7,1,1,5,5,3.8,4,7,3,7,2,3,1,2,1,1,1,1,1,1,1,1,1,1,1,1,1,6,3,3,6,6,4.8,4,8,7,HOW MATH RELATES TO PHYSICAL MOVEMENT OR ATTENTION SPAN OR FOLLOWING DIRECTIONS,"attention span in follwing directions  ,to see if how distraction affect maybe ?",61,Male,White,"i DID'T TAP MY NOSE FAST ENOUGH , i THINK I MISUNDERSTOOD THE INSTRUCTIONS -INTERESTING STUDY","Yes, you may use my data in the research.",NA,1,1,0.25363310708898945,1.6344687028657616,0,1,FALSE,TRUE,1,FALSE
16200821,22/06/2026 09:18:40,complete,No threat,NaturaNegTen,negative,ten,I agree to participate,16,4,3,4,4,3.6666666666666665,2,2,2,2,2,1,2,1.6666666666666667,6,6,6,3,5.25,1,2,1,2,2,1.6,2,6,4,8,4,3,3,3.3333333333333335,2,2,NA,2,2,1,1,1.3333333333333333,6,6,5,2,4.75,1,1,1,1,1,1,1,9,2,5,1,1,1,1,6,1,4,3.6666666666666665,5,6,5,5.333333333333333,5,6,6,2,4.75,1,2,1,2,2,1.6,4,NA,3,7,5,1,1,2.3333333333333335,5,2,6,4.333333333333333,6,7,6,6.333333333333333,6,6,6,2,5,2,2,2,5,2,2.6,4,8,7,to see how i feel about people animals being attacked and how i feel,to see how i feel about volience to animals women,64,Male,White,i may of mssd up on facial first one to much smiling until i knew what i was doing otehrwise great survey made me think,"Yes, you may use my data in the research.",NA,1,1,0.2213653846153846,7.550798258345425e-4,0.07115384615384615,0,FALSE,FALSE,1,FALSE
16200823,22/06/2026 08:18:43,complete,Threat,NaturaPosOne,positive,one,I agree to participate,16,4,5,6,NA,5.5,1,4,1,2,1,1,1,1,6,6,6,6,6,2,1,1,1,1,1.2,2,6,4,8,5,5,5,5,1,1,1,1,1,1,1,1,6,6,6,6,6,2,1,1,1,1,1.2,1,9,2,5,5,5,5,5,1,1,1,1,1,1,1,1,6,6,6,6,6,2,1,1,1,1,1.2,4,7,3,7,5,5,5,5,1,1,1,1,1,1,1,1,6,6,6,6,6,1,1,1,1,1,1,4,8,7,Effects of body movements on math skills (speed and accuracy),The true goal of the study was to see how these various movements and facial expressions affected mood,42,Male,Mixed,None.,"Yes, you may use my data in the research.",NA,1,1,2.000576923076923,2.3807692307692307,1,1,FALSE,FALSE,0,TRUE
16200825,22/06/2026 08:18:46,complete,No threat,SmileNegOne,negative,one,I agree to participate,16,4,2,1,1,1.3333333333333333,1,1,1,1,1,1,1,1,7,7,7,7,7,4,1,1,1,1,1.6,2,6,4,8,1,1,1,1,1,1,1,1,1,1,1,1,7,7,7,7,7,4,1,1,1,1,1.6,1,9,2,5,1,1,1,1,5,2,2,3,1,1,1,1,7,7,7,7,7,4,1,1,1,1,1.6,4,7,3,7,1,1,1,1,4,2,2,2.6666666666666665,3,3,1,2.3333333333333335,7,7,7,7,7,4,1,1,1,1,1.6,4,8,7,I think the purpose of this sudy was to capture sensored vs raw emotions to concerning images.,I think this study could be being used to trail AI.,26,Female,White,NA,"Yes, you may use my data in the research.",NA,1,1,0,2.4951923076923075,0,1,TRUE,TRUE,0,FALSE
16200829,22/06/2026 09:19:01,complete,No threat,SmilePosTen,positive,ten,I agree to participate,16,4,2,3,2,2.3333333333333335,1,1,1,1,1,1,1,1,3,3,4,2,3,4,2,3,5,3,3.4,2,6,4,8,2,2,2,2,1,1,1,1,3,1,3,2.3333333333333335,2,2,2,3,2.25,4,2,2,2,2,2.4,1,9,2,5,2,1,2,1.6666666666666667,1,1,1,1,3,3,4,3.3333333333333335,3,3,2,2,2.5,3,2,3,3,3,2.8,4,7,3,7,2,1,2,1.6666666666666667,1,1,1,1,3,1,3,2.3333333333333335,3,2,2,2,2.25,3,1,2,2,2,2,4,8,7,Testing math with body movements,That this was about something other than ath and body movements being related,31,Female,White,NA,"Yes, you may use my data in the research.",NA,1,1,0.13282428355957768,1.9095573152337857,0,0.8846153846153846,TRUE,TRUE,0,FALSE
16200843,22/06/2026 09:19:24,complete,No threat,NaturaNegOne,negative,one,I agree to participate,16,4,4,4,4,4,1,1,1,1,1,1,1,1,4,6,5,5,5,1,1,1,1,1,1,2,6,4,8,4,4,4,4,1,1,1,1,1,1,1,1,5,6,6,5,5.5,1,1,1,1,1,1,1,9,2,5,4,4,4,4,1,1,1,1,1,1,1,1,4,6,5,5,5,1,1,1,1,1,1,4,7,3,7,4,4,4,4,1,1,1,1,1,1,1,1,4,6,5,5,5,1,1,1,1,1,1,4,8,7,gauge my feelings while completing the tasks,im not sure,23,Male,White,NA,"Yes, you may use my data in the research.",NA,1,1,0.00346153846153846,2.2421153846153845,0,0.9615384615384616,TRUE,TRUE,0,FALSE
16200846,22/06/2026 09:19:34,complete,No threat,SmilePosTen,positive,ten,I agree to participate,16,4,1,1,1,1,1,1,1,1,1,1,2,1.3333333333333333,5,5,5,5,5,1,1,1,1,1,1,2,6,4,8,1,1,1,1,1,1,1,1,1,1,1,1,5,5,5,5,5,1,1,1,1,1,1,1,9,2,5,1,1,1,1,1,1,1,1,1,1,2,1.3333333333333333,5,5,5,5,5,1,1,1,1,1,1,4,7,3,7,4,1,4,3,1,1,1,1,1,1,1,1,5,5,5,5,5,1,1,1,1,1,1,4,8,7,No idea!!!!,NA,55,Male,White,NA,"Yes, you may use my data in the research.",NA,1,1,0.7886734397677794,3.4133846153846155,0.34136429608127716,1,TRUE,TRUE,0,FALSE
16200853,22/06/2026 09:19:48,complete,Threat,SmileNegTen,negative,ten,I agree to participate,16,4,1,1,1,1,1,1,1,1,1,1,1,1,4,4,2,4,3.5,1,1,1,1,1,1,2,6,4,8,1,1,1,1,1,1,1,1,1,1,1,1,4,2,2,4,3,1,1,1,1,1,1,1,9,2,5,1,1,1,1,1,1,1,1,1,1,1,1,4,2,4,4,3.5,1,1,1,1,1,1,4,7,3,7,1,1,1,1,1,1,1,1,1,1,1,1,4,2,2,4,3,1,1,1,1,1,1,4,8,7,"To gauge my facial expressions while viewing animal cruelty, women being harrased or robbed, and cars in poarking lots... clueless mostly.","Aside from facial expressions, I have no idea.",61,Male,Black,NA,"Yes, you may use my data in the research.",NA,1,1,0,1.3708846153846157,0,0.7557692307692307,FALSE,TRUE,0,FALSE
16200906,22/06/2026 09:21:57,complete,No threat,NaturaPosOne,positive,one,I agree to participate,16,4,1,2,2,1.6666666666666667,1,1,1,1,3,3,3,3,5,6,5,3,4.75,5,4,3,4,4,4,2,6,4,8,1,1,1,1,1,1,1,1,3,3,3,3,6,5,6,5,5.5,5,2,3,3,4,3.4,1,9,2,5,3,3,3,3,1,1,1,1,1,1,1,1,6,6,6,5,5.75,5,4,3,3,4,3.8,4,7,3,7,4,4,4,4,1,1,1,1,1,1,1,1,6,6,6,3,5.25,5,4,3,3,4,3.8,4,8,7,To see if looking at emotionally weighted photos has an impact on my mood and perceptions of life satisfaction.,Not sure,37,Female,White,N/A,"Yes, you may use my data in the research.",NA,1,1,0.0098076923076923,0.19903846153846155,0,0,FALSE,FALSE,0,FALSE
16200961,22/06/2026 06:25:06,complete,Threat,NaturaPosTen,positive,ten,I agree to participate,16,4,2,2,4,2.6666666666666665,1,1,1,1,2,1,1,1.3333333333333333,6,6,6,6,6,2,1,1,1,1,1.2,2,6,4,8,2,1,3,2,1,1,1,1,1,1,1,1,6,6,6,6,6,2,1,1,1,1,1.2,1,9,2,5,1,1,1,1,1,1,1,1,3,1,2,2,6,6,6,6,6,2,1,1,1,1,1.2,4,7,3,7,4,3,4,3.6666666666666665,1,1,1,1,1,1,1,1,6,6,6,6,6,3,1,1,1,1,1.4,4,8,7,Determine how doing tasks impacted people's moods.,I'm not sure.,19,Male,White,NA,"Yes, you may use my data in the research.",NA,1,1,1.0559905731523378,2.891722850678733,0.3549773755656109,1,TRUE,TRUE,0,FALSE
16200968,22/06/2026 09:25:40,complete,No threat,NaturaPosOne,positive,one,I agree to participate,16,4,1,1,1,1,1,1,1,1,1,1,1,1,2,1,2,1,1.5,3,2,2,2,2,2.2,2,6,4,8,1,1,1,1,1,1,1,1,1,1,1,1,2,1,2,1,1.5,3,2,2,2,2,2.2,1,9,2,5,1,1,1,1,1,1,1,1,1,1,1,1,2,1,2,1,1.5,3,2,2,2,2,2.2,4,7,3,7,2,1,2,1.6666666666666667,1,1,1,1,1,1,1,1,2,1,2,1,1.5,3,2,2,2,2,2.2,4,8,7,"I'm not sure, maybe to see the impact of using different reasoning and movement centers of the brain on mood?",Perhaps how different stimuli influence emotions?,34,Female,White,I didn't enounter any issues during the study.,"Yes, you may use my data in the research.",NA,1,1,0,2.626923076923077,0,1,TRUE,TRUE,0,FALSE
16201188,22/06/2026 08:42:04,complete,No threat,NaturaNegTen,negative,ten,I agree to participate,16,4,6,6,6,6,1,1,1,1,1,1,1,1,6,7,6,6,6.25,2,1,1,1,1,1.2,2,6,4,8,6,6,6,6,1,1,1,1,1,1,1,1,6,6,6,6,6,1,1,1,1,1,1,1,9,2,5,6,6,6,6,1,1,1,1,1,1,1,1,6,6,6,6,6,1,1,1,1,1,1,4,7,2,7,6,6,6,6,1,1,1,1,1,1,1,1,6,6,6,6,6,1,1,1,1,1,1,4,8,7,I do not know,I don't know,39,Male,White,NA,"Yes, you may use my data in the research.",NA,1,1,0.453423076923077,1.3125,0.20000000000000004,0.7115384615384616,FALSE,TRUE,1,FALSE
16201216,22/06/2026 09:45:43,complete,Threat,SmilePosTen,positive,ten,I agree to participate,16,4,4,6,4,4.666666666666667,1,1,1,1,1,1,1,1,6,6,6,5,5.75,6,3,3,2,6,4,2,6,4,8,6,7,6,6.333333333333333,1,1,1,1,1,1,1,1,6,6,6,6,6,3,2,2,2,3,2.4,1,9,2,5,4,1,1,2,2,1,2,1.6666666666666667,4,3,3,3.3333333333333335,6,6,6,6,6,5,5,5,4,4,4.6,4,7,3,7,6,5,4,5,1,1,2,1.3333333333333333,2,1,2,1.6666666666666667,6,6,6,6,6,4,3,3,3,3,3.2,4,8,7,how you felt after viewing pleasant pictures and completing tasks satisfactory,not sure,52,Female,White,none,"Yes, you may use my data in the research.",NA,0.5403846153846154,1,0.4376923076923077,0.8944423076923077,0.09423076923076922,0.7307692307692307,FALSE,FALSE,0,FALSE
16201752,22/06/2026 07:43:31,complete,No threat,SmilePosTen,positive,ten,I agree to participate,16,4,1,1,1,1,1,1,1,1,1,1,1,1,5,4,5,3,4.25,4,3,2,3,2,2.8,2,6,4,8,1,2,1,1.3333333333333333,1,1,1,1,1,1,1,1,3,3,3,3,3,3,2,2,3,2,2.4,1,9,2,5,NA,2,2,2,1,1,1,1,1,1,1,1,3,4,4,3,3.5,3,2,2,3,2,2.4,4,7,3,7,2,2,2,2,1,1,1,1,1,1,1,1,3,4,3,3,3.25,3,2,2,3,2,2.4,4,8,7,To see how images changed your state of mind in the moment.,Using facial expressions for AI training,55,Male,White,NA,"Yes, you may use my data in the research.",NA,1,1,0.00246153846153846,0.17908748114630468,0.00769230769230769,0.09423076923076924,FALSE,FALSE,0,FALSE
16201754,22/06/2026 10:43:39,complete,No threat,SmileNegOne,negative,one,I agree to participate,16,4,1,1,1,1,1,1,1,1,1,1,1,1,6,5,6,5,5.5,3,1,1,1,1,1.4,2,6,4,8,1,1,1,1,1,1,1,1,1,1,1,1,6,5,NA,5,5.333333333333333,3,1,1,1,1,1.4,1,9,2,5,1,1,1,1,1,1,1,1,1,1,1,1,6,5,6,5,5.5,3,1,1,1,1,1.4,4,7,3,7,1,1,1,1,1,1,1,1,1,1,1,1,6,5,6,5,5.5,3,1,1,1,1,1.4,4,8,7,I have no idea,I don't know??,34,Gender variant / non-conforming,White,I had no issues,"Yes, you may use my data in the research.",NA,1,1,0,2.2140384615384616,0,0.8653846153846155,TRUE,TRUE,0,FALSE
16201755,22/06/2026 07:43:43,complete,Threat,NaturaNegOne,negative,one,I agree to participate,16,4,1,2,2,1.6666666666666667,1,1,1,1,1,1,1,1,2,2,2,7,3.25,7,5,5,5,6,5.6,2,6,4,8,2,2,3,2.3333333333333335,1,1,1,1,1,1,1,1,2,2,2,7,3.25,7,6,5,5,6,5.8,1,9,2,5,1,1,1,1,2,1,1,1.3333333333333333,4,3,3,3.3333333333333335,2,2,2,7,3.25,7,6,6,5,6,6,4,7,3,7,1,1,1,1,1,1,1,1,2,1,2,1.6666666666666667,2,2,2,7,3.25,7,6,5,5,6,5.8,4,8,7,"Some of the tasks were straightforward and easy to execute; some were strangely unsatisfying - on purpose, I suppose. I think the purpose of the study was to gauge the effect of those purposefully unsatisfying tasks (e.g., the facial recognition tasks) on one's perception of self.",This question seems redundant to the last question. I've already told you what I think the purpose of the study is. But I'll try to come up with something else. Perhaps the study is also intended to gauge the relationship between self-loathing and pessimism to the ability to complete a task or not complete a task.,54,Male,White,No issues,"Yes, you may use my data in the research.",NA,1,1,0,0,0,0,FALSE,FALSE,0,FALSE
16201758,22/06/2026 09:43:44,complete,Threat,SmilePosOne,positive,one,I agree to participate,16,4,2,2,2,2,3,2,5,3.3333333333333335,6,4,6,5.333333333333333,6,6,6,5,5.75,4,2,1,3,1,2.2,2,6,4,8,3,5,5,4.333333333333333,1,1,1,1,2,2,2,2,5,6,6,7,6,2,1,1,1,1,1.2,1,9,2,5,7,6,6,6.333333333333333,1,1,1,1,1,1,1,1,7,6,7,7,6.75,2,1,1,2,1,1.4,4,7,3,7,2,1,1,1.3333333333333333,2,2,2,2,4,5,6,5,5,5,4,5,4.75,5,5,4,4,5,4.6,4,8,7,Making expressions and movement and capturing what we feel about our life and emotions,I was thinking mirroring expressions,26,Female,Asian,"The instructions on the third task was a little confusing, was it not to replicate the expression on the images? It was a long winded instruction and was not entirely sure what to do.","Yes, you may use my data in the research.",NA,1,1,0,2.921153846153846,0,1,TRUE,TRUE,0,TRUE
16201759,22/06/2026 09:43:45,complete,No threat,SmilePosOne,positive,one,I agree to participate,16,4,4,4,4,4,4,NA,4,4,4,4,4,4,5,6,6,4,5.25,5,1,3,4,2,3,2,6,4,8,4,4,4,4,1,2,1,1.3333333333333333,1,1,1,1,5,5,5,4,4.75,3,1,1,1,1,1.4,1,9,2,5,4,2,4,3.3333333333333335,1,1,1,1,1,2,1,1.3333333333333333,5,5,5,4,4.75,4,1,2,3,1,2.2,4,7,3,7,3,3,5,3.6666666666666665,1,1,1,1,1,1,1,1,5,5,5,4,4.75,4,1,1,2,1,1.8,4,8,7,can you follwo directions,see if movement help with thinking better or is distracting,26,Female,White,NA,"Yes, you may use my data in the research.",NA,1,1,0,2.4038461538461537,0,0.8269230769230771,TRUE,TRUE,0,FALSE
16201760,22/06/2026 10:43:48,complete,Threat,NaturaNegOne,negative,one,I agree to participate,16,4,1,1,1,1,1,1,1,1,4,4,6,4.666666666666667,1,1,1,1,1,6,7,NA,7,7,6.75,2,6,4,8,1,1,1,1,1,1,1,1,7,7,7,7,1,1,1,1,1,6,7,7,7,7,6.8,1,9,2,5,1,1,1,1,1,1,1,1,7,7,7,7,1,1,1,1,1,6,7,7,7,7,6.8,4,7,3,7,1,1,1,1,1,1,1,1,7,7,7,7,1,1,1,1,1,6,7,7,7,7,6.8,4,8,7,To frustrate me,How would I know if you didn't tell me?  How should I know what your intent is?,53,Male,White,none,"Yes, you may use my data in the research.",NA,1,1,0,0,0,0,FALSE,FALSE,0,FALSE
16201762,22/06/2026 10:43:52,complete,No threat,NaturaPosOne,positive,one,I agree to participate,16,4,2,1,1,1.3333333333333333,1,1,1,1,1,1,2,1.3333333333333333,7,7,7,6,6.75,3,1,1,1,1,1.4,2,6,4,8,1,1,2,1.3333333333333333,1,1,1,1,2,1,2,1.6666666666666667,6,6,7,6,6.25,2,1,1,1,1,1.2,1,9,2,5,5,6,5,5.333333333333333,1,1,1,1,1,1,2,1.3333333333333333,7,7,6,6,6.5,2,1,1,1,1,1.2,4,7,3,7,4,3,3,3.3333333333333335,1,1,1,1,1,1,1,1,6,7,6,7,6.5,3,1,1,1,1,1.4,4,8,7,maybe to see if what we are doing or seeing affects our mood and how we feel about things.,They are tracking how we feel when we are asked to do certain tasks.,31,Female,White,NA,"Yes, you may use my data in the research.",NA,1,1,0,2.960192307692308,0,1,TRUE,TRUE,0,FALSE
16201766,22/06/2026 10:44:00,complete,No threat,SmileNegTen,negative,ten,I agree to participate,16,4,1,1,1,1,1,1,1,1,1,1,1,1,5,5,5,3,4.5,2,2,2,2,2,2,2,6,4,8,1,1,1,1,1,1,1,1,1,1,1,1,2,2,2,2,2,1,1,1,1,1,1,1,9,2,5,1,1,1,1,7,7,1,5,7,7,4,6,5,5,5,3,4.5,1,1,1,1,1,1,4,7,3,7,1,1,1,1,6,6,6,6,7,7,5,6.333333333333333,5,5,5,3,4.5,1,1,1,1,1,1,4,8,7,NA,NA,31,Female,White,NA,"Yes, you may use my data in the research.",NA,1,1,0.9994807692307692,0.4811730769230769,0.8961538461538461,0.22884615384615384,FALSE,FALSE,0,FALSE
16201767,22/06/2026 07:44:05,complete,Threat,NaturaNegTen,negative,ten,I agree to participate,16,4,1,4,1,2,1,1,1,1,1,1,1,1,6,6,6,2,5,1,3,1,2,2,1.8,2,6,4,8,1,1,1,1,1,1,1,1,1,1,1,1,6,6,6,2,5,1,2,1,2,1,1.4,1,9,2,5,1,1,1,1,7,5,5,5.666666666666667,1,1,1,1,6,6,6,2,5,NA,3,1,2,2,2,4,7,3,7,1,1,1,1,7,4,5,5.333333333333333,1,2,2,1.6666666666666667,6,6,6,2,5,NA,4,1,4,2,2.75,4,8,7,how we assimilate negative occurrences,our reactions to horrendous activities,75,Female,White,none,"Yes, you may use my data in the research.",NA,1,1,0,0,0,0,FALSE,FALSE,0,FALSE
16201768,22/06/2026 09:43:57,complete,Threat,SmileNegOne,negative,one,I agree to participate,16,4,4,3,3,3.3333333333333335,5,1,1,2.3333333333333335,3,1,1,1.6666666666666667,7,7,7,7,7,1,1,1,1,1,1,2,6,4,8,1,1,1,1,1,1,1,1,4,1,4,3,7,7,7,7,7,1,1,1,1,1,1,1,9,1,5,3,1,3,2.3333333333333335,1,1,1,1,1,1,1,1,7,7,7,7,7,1,1,1,1,1,1,4,7,3,7,1,1,1,1,1,1,1,1,2,1,3,2,7,7,7,7,7,1,1,1,1,1,1,4,8,7,To see if the images changed how I thought?,That you showed these images to see if the way I felt changed after seeing each image.,40,Female,White,None,"Yes, you may use my data in the research.",NA,1,1,0,3.806923076923077,0,1,TRUE,TRUE,1,FALSE
16201770,22/06/2026 07:44:05,complete,Threat,SmilePosTen,positive,ten,I agree to participate,16,4,4,4,4,4,5,4,4,4.333333333333333,4,4,4,4,1,1,1,1,1,3,4,1,6,3,3.4,2,6,4,8,4,5,5,4.666666666666667,1,5,5,3.6666666666666665,1,1,1,1,2,1,1,1,1.25,1,1,1,7,1,2.2,1,9,2,5,6,NA,6,6,2,2,2,2,2,2,2,2,2,2,2,7,3.25,4,1,1,7,4,3.4,4,7,3,7,5,5,5,5,1,1,1,1,1,1,1,1,2,2,2,2,2,1,1,1,6,1,2,4,8,7,following directions or reading body language,It was not real,52,Female,Prefer not to say,I am dyslexic and hope I followed the recorded task properly,"Yes, you may use my data in the research.",NA,0.34901960784313724,0.11176470588235292,0.629686274509804,0.12237254901960784,0.3078431372549019,0.04901960784313725,FALSE,FALSE,0,FALSE
16201772,22/06/2026 10:44:09,complete,Threat,SmileNegTen,negative,ten,I agree to participate,16,4,1,1,1,1,1,1,1,1,2,3,3,2.6666666666666665,7,5,5,5,5.5,2,1,1,2,1,1.4,2,6,4,8,2,1,1,1.3333333333333333,4,3,4,3.6666666666666665,5,6,7,6,6,6,6,5,5.75,2,1,1,2,1,1.4,1,9,2,5,1,1,1,1,7,6,7,6.666666666666667,7,7,7,7,7,6,6,5,6,2,1,1,2,1,1.4,4,7,3,7,1,1,1,1,7,4,5,5.333333333333333,7,7,7,7,6,5,6,5,5.5,2,1,1,3,1,1.6,4,8,NA,how seeing those images with certain facial expressions affect you,how they affected my psyche and mental health to see those images and resetting my brain by doing equations,21,Female,Mixed,NA,"Yes, you may use my data in the research.",NA,1,1,0,1.8303076923076924,0,0.8615384615384616,TRUE,TRUE,1,FALSE
16201773,22/06/2026 08:44:12,complete,No threat,SmilePosOne,positive,one,I agree to participate,16,4,3,3,3,3,1,1,1,1,1,1,2,1.3333333333333333,2,3,3,2,2.5,6,6,5,4,6,5.4,2,6,4,8,2,3,3,2.6666666666666665,1,1,1,1,3,1,4,2.6666666666666665,2,2,3,3,2.5,6,2,2,3,3,3.2,1,9,2,5,6,6,5,5.666666666666667,2,3,2,2.3333333333333335,2,2,1,1.6666666666666667,3,4,2,3,3,6,2,1,1,2,2.4,4,7,3,7,5,5,6,5.333333333333333,2,2,3,2.3333333333333335,1,2,2,1.6666666666666667,2,3,3,3,2.75,6,3,2,2,5,3.6,4,8,7,monitoring changes in mood based on happy stimuli,NA,45,Male,White,NA,"Yes, you may use my data in the research.",NA,1,1,0.35038461538461535,1.9732692307692308,0,1,TRUE,TRUE,0,FALSE
16201779,22/06/2026 10:44:18,complete,Threat,NaturaPosOne,positive,one,I agree to participate,16,4,1,1,1,1,1,1,1,1,4,1,3,2.6666666666666665,3,3,3,3,3,5,2,1,5,2,3,2,6,4,8,1,1,1,1,1,1,1,1,1,1,2,1.3333333333333333,3,3,3,3,3,5,1,1,5,1,2.6,1,9,2,5,5,5,5,5,1,1,1,1,1,1,1,1,3,3,3,3,3,5,1,1,5,1,2.6,4,7,3,7,4,4,5,4.333333333333333,1,1,1,1,1,1,1,1,3,3,3,3,3,5,1,1,5,2,2.8,4,8,7,"When it was done, I was thinking the math was just a distraction and the real study was how the motions and pictures affected my mood.",That it isn't about math but emotions.,61,Female,White,"On the first question,  for a few seconds  I thought the numbers were a countdown to starting and didn't realize those were the numbers I was supposed to be blinking to. If the numbers had been going up, I would have realized that was the blink each second count.","Yes, you may use my data in the research.",NA,1,1,0,0.5088235294117647,0,0.6666666666666667,FALSE,TRUE,0,FALSE
16201783,22/06/2026 10:44:26,complete,Threat,SmileNegTen,negative,ten,I agree to participate,16,4,4,4,4,4,1,1,1,1,1,1,1,1,6,6,6,6,6,2,1,1,1,1,1.2,2,6,4,8,3,3,2,2.6666666666666665,3,3,3,3,3,3,3,3,6,6,6,6,6,2,2,2,2,2,2,5,9,2,5,1,2,1,1.3333333333333333,4,4,4,4,4,4,4,4,6,6,6,6,6,2,2,2,2,2,2,4,7,3,7,4,3,3,3.3333333333333335,4,4,4,4,3,4,4,3.6666666666666665,6,6,6,6,6,3,4,4,3,3,3.4,4,8,7,How the emoion changse based on what we see.,Not sure,41,Female,Asian,NA,"Yes, you may use my data in the research.",NA,1,1,0.06898981900452487,2.553358597285068,0.0923076923076923,0.7842383107088989,TRUE,TRUE,1,FALSE
16201784,22/06/2026 09:44:42,complete,Threat,NaturaPosTen,positive,ten,I agree to participate,16,4,1,1,1,1,1,1,1,1,1,1,2,1.3333333333333333,4,4,4,4,4,4,2,2,2,2,2.4,2,6,4,8,1,1,1,1,1,1,1,1,1,2,2,1.6666666666666667,4,4,4,4,4,3,1,2,2,2,2,1,9,2,5,1,1,1,1,1,1,1,1,2,2,2,2,4,4,4,4,4,3,1,2,2,2,2,4,7,3,7,2,2,1,1.6666666666666667,1,1,1,1,1,1,1,1,4,4,4,4,4,3,2,1,2,2,2,4,8,7,Could doing some sort of exercise help perception of life and math skills,It was not about the math problems at all,37,Male,White,"I don't think I had any issues. I attempted to follow the instructions to the best of my ability, but wasn't sure about the middle two tasks. I think task 2 was just natural expression and task 3 was forced smile every time the images showed up but I could relax in between. If I was wrong, I apologize but that's how I interpereted the instructions. Thanks for letting me participate!","Yes, you may use my data in the research.",NA,1,1,0.099933236574746,2.673115384615385,0.02307692307692306,1,TRUE,TRUE,0,FALSE
16201785,22/06/2026 10:44:41,complete,No threat,SmileNegOne,negative,one,I agree to participate,16,4,1,3,3,2.3333333333333335,1,1,1,1,1,1,2,1.3333333333333333,6,6,6,1,4.75,4,1,1,1,1,1.6,2,6,4,8,1,3,1,1.6666666666666667,1,1,1,1,1,1,1,1,6,6,6,1,4.75,1,1,1,1,1,1,1,9,2,5,1,1,1,1,4,1,2,2.3333333333333335,2,2,1,1.6666666666666667,6,6,6,1,4.75,3,1,1,1,1,1.4,4,7,3,7,1,2,2,1.6666666666666667,2,1,1,1.3333333333333333,1,1,1,1,6,6,6,1,4.75,3,1,1,1,1,1.4,4,8,7,Impact of mood and cognitive functions after viewing images and acting out instructions.,"not sure, everything seemed pretty straight forward",29,Male,White,no issues,"Yes, you may use my data in the research.",NA,1,1,0.06615384615384615,2.2290384615384617,0,1,TRUE,TRUE,0,FALSE
16201786,22/06/2026 17:44:51,complete,No threat,SmilePosOne,positive,one,I agree to participate,16,4,3,2,3,2.6666666666666665,1,1,1,1,1,1,1,1,7,5,6,6,6,4,1,1,1,1,1.6,2,6,4,8,3,3,2,2.6666666666666665,1,1,1,1,1,1,1,1,7,5,7,5,6,3,1,1,1,1,1.4,1,9,2,5,5,5,5,5,1,1,1,1,1,1,1,1,6,5,6,5,5.5,3,1,1,1,1,1.4,4,7,3,7,1,2,1,1.3333333333333333,1,1,1,1,2,2,2,2,7,6,6,5,6,5,1,1,1,1,1.8,4,8,7,Maybe to see evaluate the relationship between emotional state and math.,"I think the details may have to do with the different particular movements I took part in. I'm not quite sure how tapping my nose or smiling impacts my performance on basic math problems. Also, how likely is my emotional state to change my performance on problems that are supposed to be quite easy.",19,Female,White,NA,"Yes, you may use my data in the research.",NA,1,1,0,3.188653846153846,0,1,TRUE,TRUE,0,FALSE
16201793,22/06/2026 08:44:50,complete,No threat,NaturaPosTen,positive,ten,I agree to participate,16,4,1,1,1,1,1,1,1,1,1,1,1,1,1,3,1,4,2.25,1,1,1,1,1,1,2,6,4,8,1,1,1,1,1,1,1,1,1,1,1,1,1,1,1,5,2,1,1,1,1,1,1,1,9,2,5,4,1,1,2,1,1,1,1,1,1,1,1,1,1,1,5,2,1,1,1,1,1,1,4,7,3,7,4,1,3,2.6666666666666665,1,1,1,1,1,1,1,1,1,1,1,5,2,1,1,1,1,1,1,4,8,7,I'm not sure,i don't know,48,Female,White,i had no problems thanks for letting me take your company study,"Yes, you may use my data in the research.",NA,1,1,0.6085036764705882,0.0963529411764706,0.07254901960784313,0.04509803921568629,FALSE,FALSE,0,FALSE
16201799,22/06/2026 10:44:57,complete,No threat,NaturaPosOne,positive,one,I agree to participate,16,4,2,3,3,2.6666666666666665,2,2,2,2,2,2,2,2,6,6,6,6,6,3,2,2,2,2,2.2,2,6,4,8,3,3,3,3,2,2,2,2,2,2,2,2,6,6,6,6,6,3,2,2,2,2,2.2,1,9,2,5,3,3,3,3,2,2,2,2,2,2,2,2,6,6,6,6,6,3,2,2,2,2,2.2,4,7,3,7,3,3,3,3,2,2,2,2,2,2,2,2,6,6,6,6,6,3,2,2,2,2,2.2,4,8,7,Math profficienecy and physucal tasks,How emotions relate to math ability,37,Male,White,NA,"Yes, you may use my data in the research.",NA,1,1,0.15711538461538463,2.729230769230769,0,1,TRUE,TRUE,0,FALSE
16201802,22/06/2026 09:44:58,complete,No threat,SmilePosTen,positive,ten,I agree to participate,16,4,1,1,1,1,1,1,1,1,1,1,1,1,7,7,7,7,7,1,1,1,1,1,1,2,6,4,8,4,4,1,3,1,1,1,1,1,1,1,1,7,7,7,7,7,1,1,1,1,1,1,1,9,2,5,1,1,1,1,1,1,1,1,1,1,1,1,7,7,7,7,7,1,1,1,1,1,1,4,7,3,7,4,4,4,4,1,1,1,1,1,1,1,1,7,7,7,7,7,1,1,1,1,1,1,4,8,7,math performance and body movements,You want to know how images and movements affect my emotions.,37,Male,Mixed,NA,"Yes, you may use my data in the research.",NA,1,1,0,1.9808846153846151,0,1,TRUE,TRUE,0,FALSE
16201804,22/06/2026 10:45:07,complete,No threat,NaturaNegOne,negative,one,I agree to participate,16,4,7,7,7,7,1,1,1,1,1,1,1,1,6,6,6,6,6,1,1,1,1,1,1,2,6,4,8,7,7,7,7,1,1,1,1,1,1,1,1,6,6,6,6,6,1,1,1,1,1,1,1,9,2,5,7,7,7,7,1,1,1,1,1,1,1,1,6,6,6,6,6,1,1,1,1,1,1,4,7,3,7,7,7,7,7,1,1,1,1,1,1,1,1,6,6,6,6,6,1,1,1,1,1,1,4,8,7,following physical directions and solving math problems,im not sure about the details,43,Male,Black,i had no issues at all,"Yes, you may use my data in the research.",NA,1,1,0,1.1223529411764706,0,0.7254901960784315,FALSE,TRUE,0,FALSE
16201808,22/06/2026 10:45:12,complete,Threat,NaturaPosTen,positive,ten,I agree to participate,16,4,1,1,1,1,2,2,2,2,1,1,1,1,6,6,6,3,5.25,1,2,1,1,1,1.2,2,6,4,8,2,2,2,2,1,1,1,1,2,2,2,2,6,6,6,2,5,1,1,1,1,1,1,1,9,2,5,5,5,5,5,1,1,1,1,2,1,2,1.6666666666666667,5,6,5,2,4.5,1,1,1,1,1,1,4,7,3,7,6,5,7,6,1,1,1,1,1,1,1,1,5,6,6,2,4.75,1,1,1,1,1,1,4,8,7,"not sure, to withhold emotion??",that the research is about emotion overall,49,Female,Other,none,"Yes, you may use my data in the research.",NA,1,1,0.00123076923076923,3.126615384615385,0,1,TRUE,TRUE,0,FALSE
16201810,22/06/2026 07:45:21,complete,No threat,NaturaNegOne,negative,one,I agree to participate,16,4,4,4,4,4,1,1,1,1,2,2,2,2,6,6,7,7,6.5,2,2,1,1,2,1.6,2,6,4,8,3,3,3,3,2,1,1,1.3333333333333333,2,2,2,2,7,7,6,7,6.75,3,1,1,1,1,1.4,1,9,2,5,4,4,4,4,1,1,1,1,2,2,1,1.6666666666666667,7,7,7,6,6.75,2,1,1,1,1,1.2,4,7,3,7,3,2,3,2.6666666666666665,3,1,1,1.6666666666666667,2,2,2,2,6,7,7,7,6.75,2,1,1,1,1,1.2,4,8,7,"To see if were given a task to do, if that throws us off, and makes mistakes doing those math problems",i am not sure,26,Female,Asian,NA,"Yes, you may use my data in the research.",NA,1,1,0,2.8721153846153844,0,1,TRUE,TRUE,0,FALSE
16201812,22/06/2026 10:45:27,complete,Threat,SmileNegTen,negative,ten,I agree to participate,16,4,3,4,3,3.3333333333333335,1,1,1,1,1,1,1,1,4,4,5,2,3.75,NA,4,1,4,1,2.5,2,6,4,8,1,3,1,1.6666666666666667,1,1,1,1,1,1,1,1,4,4,5,2,3.75,5,1,1,5,1,2.6,1,9,2,5,1,2,1,1.3333333333333333,5,2,1,2.6666666666666665,5,5,1,3.6666666666666665,4,4,5,2,3.75,5,1,1,5,1,2.6,NA,7,3,7,1,1,1,1,6,1,1,2.6666666666666665,6,6,5,5.666666666666667,4,4,5,2,3.75,5,1,1,5,1,2.6,4,8,7,To see how multitasking can affect in mathematical tasks,"Not sure, but perhaps there's a psychological aspect to it which I would love to know.",47,Female,Other,"Some of he images I had to imitate in a way, were a bit hard, because there were three options and some I don't see how I can imitate.  Example, breaking into a car, mistreating an animal, but I did the best I could.  Sorry in advance","Yes, you may use my data in the research.",NA,NA,NA,NA,NA,NA,NA,NA,NA,1,FALSE
16201821,22/06/2026 10:46:50,complete,Threat,SmileNegOne,negative,one,I agree to participate,16,4,1,NA,1,1,1,1,1,1,4,1,4,3,2,4,3,1,2.5,4,4,3,4,5,4,2,6,4,8,1,1,1,1,1,1,1,1,7,4,7,6,2,4,3,2,2.75,4,1,1,1,1,1.6,1,9,2,5,1,1,1,1,1,1,1,1,6,6,5,5.666666666666667,2,4,4,2,3,4,1,1,1,5,2.4,4,7,3,7,1,1,1,1,5,1,1,2.3333333333333335,5,4,5,4.666666666666667,2,4,3,3,3,4,1,1,1,1,1.6,4,8,7,To see how movement and multitasking affect cognitive skills,I have no idea but i am curious. Maybe that the study has nothing to do with what I was thinking it did.,35,Female,White,none,"Yes, you may use my data in the research.",NA,1,1,0,1.4696153846153843,0,0.8076923076923078,FALSE,TRUE,0,FALSE
16201825,22/06/2026 09:46:56,complete,Threat,NaturaNegTen,negative,ten,I agree to participate,16,4,3,1,5,3,1,1,1,1,3,1,3,2.3333333333333335,1,1,1,1,1,4,3,2,5,5,3.8,2,6,4,8,2,2,2,2,1,1,1,1,4,4,4,4,1,1,1,1,1,3,2,2,6,4,3.4,1,9,2,5,4,2,2,2.6666666666666665,1,1,1,1,5,5,5,5,1,1,1,1,1,4,2,2,6,4,3.6,4,7,3,7,2,1,1,1.3333333333333333,3,2,2,2.3333333333333335,3,3,3,3,1,1,1,1,1,2,2,2,4,5,3,4,8,7,I'm sorry I have no idea,that you're going to give me a bonus?,49,Male,White,NA,"Yes, you may use my data in the research.",NA,1,1,0,1.1782884615384617,0,0.9807692307692308,FALSE,TRUE,0,FALSE
16201896,22/06/2026 10:52:41,complete,No threat,NaturaNegOne,negative,one,I agree to participate,16,4,4,4,4,4,3,1,1,1.6666666666666667,1,1,2,1.3333333333333333,3,3,2,3,2.75,6,4,5,5,5,5,2,6,4,8,4,4,4,4,1,1,2,1.3333333333333333,2,1,2,1.6666666666666667,3,3,3,2,2.75,6,4,5,3,4,4.4,1,9,2,5,1,2,2,1.6666666666666667,4,5,3,4,4,4,4,4,3,3,3,2,2.75,6,4,5,4,5,4.8,4,7,3,7,1,1,1,1,5,4,5,4.666666666666667,3,2,3,2.6666666666666665,3,3,2,3,2.75,6,4,5,3,4,4.4,4,8,7,"I am not sure, something to do with emotions.",I am not sure,36,Male,Mixed,I did not have any issues during the study.,"Yes, you may use my data in the research.",NA,1,1,0.3990384615384616,1.4032692307692307,0,0,FALSE,FALSE,0,FALSE
16201952,22/06/2026 10:56:57,complete,Threat,NaturaPosOne,positive,one,I agree to participate,16,4,2,3,4,3,3,1,2,2,2,2,4,2.6666666666666665,3,3,3,4,3.25,4,1,1,2,1,1.8,2,6,4,8,2,2,1,1.6666666666666667,2,2,3,2.3333333333333335,4,3,5,4,2,3,4,2,2.75,5,3,3,3,4,3.6,1,9,2,5,2,2,2,2,2,3,3,2.6666666666666665,3,3,4,3.3333333333333335,3,3,3,4,3.25,5,3,4,3,3,3.6,4,7,3,7,5,5,6,5.333333333333333,1,1,2,1.3333333333333333,1,1,1,1,3,3,5,4,3.75,5,2,3,2,2,2.8,4,8,7,How people follow instructions.,Bonus will stay the same.,35,Male,NA,None.,"Yes, you may use my data in the research.",NA,1,1,0.5117307692307692,0.46634615384615385,0,0,FALSE,FALSE,0,FALSE
16202061,22/06/2026 10:04:00,complete,No threat,SmilePosOne,positive,one,I agree to participate,16,4,5,4,5,4.666666666666667,NA,1,1,1,1,1,1,1,5,5,5,4,4.75,5,1,1,4,2,2.6,2,6,4,8,1,1,1,1,4,1,1,2,4,4,4,4,5,5,5,5,5,5,1,1,1,1,1.8,1,9,2,5,5,5,5,5,1,1,1,1,1,1,1,1,5,5,5,5,5,5,1,1,1,1,1.8,4,7,3,7,4,4,4,4,1,1,1,1,1,1,4,2,5,5,5,5,5,5,1,1,1,1,1.8,4,8,7,"I am unsure, but if I had to take a guess maybe emotions after physical movements.",I am unsure.,30,Female,Black,I did not have any issues during the study.,"Yes, you may use my data in the research.",NA,0.9615384615384616,1,0.5021153846153846,3.7217307692307697,0,0.9807692307692308,TRUE,TRUE,0,FALSE
16202779,22/06/2026 10:26:06,complete,Threat,NaturaPosOne,positive,one,I agree to participate,16,4,1,1,1,1,1,1,1,1,5,1,5,3.6666666666666665,1,1,1,1,1,6,7,7,7,7,6.8,2,6,4,8,1,1,1,1,1,1,1,1,5,1,5,3.6666666666666665,1,1,1,1,1,6,7,7,7,7,6.8,1,9,2,5,1,1,1,1,1,1,1,1,5,1,5,3.6666666666666665,1,1,1,1,1,6,7,7,7,7,6.8,4,7,3,7,1,1,1,1,1,1,1,1,5,1,5,3.6666666666666665,1,1,1,1,1,6,7,7,7,7,6.8,4,8,7,See if odd stimuli would change a person's mood.,I don't know.,30,Male,White,"There was an error page. I refreshed the page and it seemed to fix it, but I don't know for sure.","Yes, you may use my data in the research.",NA,1,1,0,2.813076923076923,0,1,TRUE,TRUE,0,FALSE
16202784,22/06/2026 12:26:11,complete,No threat,NaturaPosTen,positive,ten,I agree to participate,16,4,4,3,4,3.6666666666666665,1,1,1,1,1,1,1,1,3,3,4,2,3,6,2,2,3,2,3,2,6,4,8,5,5,5,5,1,1,1,1,1,1,1,1,6,6,6,3,5.25,7,1,1,1,1,2.2,1,9,2,5,5,5,5,5,1,1,1,1,1,1,1,1,6,4,6,6,5.5,7,2,2,3,2,3.2,4,7,3,7,4,1,4,3,2,1,2,1.6666666666666667,2,1,1,1.3333333333333333,5,6,5,3,4.75,6,2,2,2,2,2.8,4,8,7,"Look at images, and see if a person's way of thinking could get affected by it?",Psychological test to see human behavior and changes in feelings after a small exercise.,51,Female,Asian,There may have been some background noise during the recording.,"Yes, you may use my data in the research.",NA,1,1,0.00153846153846154,0.00238461538461538,0,0,FALSE,FALSE,0,FALSE
16202792,22/06/2026 11:26:16,complete,No threat,NaturaNegTen,negative,ten,I agree to participate,16,4,1,1,1,1,1,1,1,1,1,1,1,1,1,1,1,1,1,3,3,3,3,3,3,2,6,4,8,1,1,1,1,1,1,1,1,1,1,1,1,1,1,1,1,1,4,4,4,4,4,4,1,9,2,5,1,NA,1,1,1,1,1,1,1,1,1,1,1,1,1,1,1,4,4,4,4,4,4,4,7,3,7,1,1,1,1,4,1,3,2.6666666666666665,1,1,1,1,1,1,1,1,1,4,4,4,4,4,4,4,8,7,unsure,to see the connection with emotions and math?,36,Female,White,n/a,"Yes, you may use my data in the research.",NA,1,1,0,0,0,0,FALSE,FALSE,0,FALSE
16202794,22/06/2026 11:26:19,complete,No threat,NaturaPosTen,positive,ten,I agree to participate,16,4,4,2,2,2.6666666666666665,1,1,1,1,1,1,1,1,5,5,5,3,4.5,3,2,1,1,2,1.8,2,6,4,8,3,1,3,2.3333333333333335,1,1,1,1,1,1,1,1,5,5,5,3,4.5,3,1,1,1,2,1.6,1,9,2,5,5,1,4,3.3333333333333335,1,1,1,1,1,1,1,1,5,5,5,3,4.5,3,1,1,1,2,1.6,4,7,3,7,6,5,7,6,1,1,1,1,NA,1,1,1,NA,5,5,3,4.333333333333333,3,1,1,1,2,1.6,4,8,7,How performing fun or silly tasks might influence our perceptions.,I have no idea,32,Female,White,NA,"Yes, you may use my data in the research.",NA,1,1,0.00334179970972423,1.0536774310595065,0,0.7711538461538462,FALSE,TRUE,0,FALSE
16202796,22/06/2026 12:26:20,complete,Threat,SmileNegTen,negative,ten,I agree to participate,16,4,1,2,1,1.3333333333333333,1,1,1,1,1,1,1,1,3,3,5,7,4.5,1,1,1,1,1,1,2,6,4,8,1,1,1,1,1,1,1,1,1,1,1,1,3,3,3,7,4,1,1,1,1,1,1,1,9,2,5,1,1,1,1,7,2,2,3.6666666666666665,6,5,2,4.333333333333333,3,3,3,7,4,1,1,1,1,1,1,4,7,3,7,1,1,1,1,7,3,2,4,5,5,5,5,3,3,3,7,4,1,1,NA,1,1,1,4,8,7,To see the reaction of the photos,See what the reaction of people may be to sensative photos,28,Female,White,N/A,"Yes, you may use my data in the research.",NA,1,1,0.02394593613933237,1.8291346153846155,0,0.6115384615384615,TRUE,TRUE,0,FALSE
16202800,22/06/2026 12:26:27,complete,Threat,NaturaNegTen,negative,ten,I agree to participate,16,4,2,2,2,2,1,1,1,1,2,2,2,2,2,3,2,1,2,3,5,5,5,3,4.2,2,6,NA,8,2,2,2,2,1,1,1,1,1,1,1,1,2,2,2,1,1.75,3,5,5,5,3,4.2,1,9,2,5,2,2,2,2,2,2,2,2,2,2,2,2,2,2,2,1,1.75,3,5,5,5,3,4.2,4,7,3,7,2,2,2,2,2,2,2,2,2,2,2,2,2,2,2,1,1.75,3,5,5,5,3,4.2,4,8,NA,if seeing disturbing images reduces self esteem,"if people focus more on the animals, the robberies, or the bad parkers",25,Female,White,NA,"Yes, you may use my data in the research.",NA,1,1,0.3803653846153846,1.8635,0.33076923076923076,1,FALSE,TRUE,2,FALSE
16202803,22/06/2026 10:26:31,complete,Threat,SmilePosOne,positive,one,I agree to participate,16,4,2,2,2,2,2,2,2,2,2,2,2,2,2,3,3,2,2.5,6,6,6,6,6,6,6,6,4,8,1,2,2,1.6666666666666667,1,1,1,1,1,1,2,1.3333333333333333,2,2,2,2,2,6,6,6,6,6,6,1,9,2,5,2,3,3,2.6666666666666665,2,2,2,2,2,2,2,2,2,2,2,2,2,6,6,6,6,6,6,4,7,3,7,2,2,2,2,1,2,1,1.3333333333333333,2,1,2,1.6666666666666667,2,2,2,2,2,6,6,6,6,6,6,4,8,7,No idea honestly,I really have no idea,43,Female,White,NA,"Yes, you may use my data in the research.",NA,1,1,3.5773076923076923,2.8659615384615384,1,1,FALSE,FALSE,1,FALSE
16202804,22/06/2026 12:26:31,complete,Threat,NaturaNegTen,negative,ten,I agree to participate,16,4,1,1,1,1,1,1,1,1,2,2,5,3,2,2,2,2,2,7,5,4,7,7,6,2,6,4,8,1,1,1,1,1,1,1,1,1,1,1,1,2,2,2,2,2,7,5,5,7,NA,6,1,9,2,5,1,1,1,1,1,1,1,1,3,3,3,3,2,2,2,2,2,7,5,5,7,7,6.2,4,7,3,7,1,1,1,1,1,1,1,1,1,1,1,1,2,2,2,2,2,7,5,5,7,7,6.2,4,8,7,dunno,dunno,56,Male,White,none,"Yes, you may use my data in the research.",NA,1,1,0.7831131221719457,2.4055625942684764,0.00780542986425338,0.3400075414781297,TRUE,FALSE,0,FALSE
16202807,22/06/2026 11:26:36,complete,Threat,NaturaPosTen,positive,ten,I agree to participate,16,4,1,1,1,1,1,1,1,1,1,1,1,1,1,1,1,1,1,5,4,1,1,5,3.2,2,6,4,8,1,1,1,1,1,1,1,1,6,6,6,6,1,1,1,1,1,5,5,1,5,5,4.2,1,9,2,5,3,1,2,2,1,1,1,1,5,5,5,5,1,1,1,1,1,4,4,1,3,5,3.4,4,7,3,7,1,2,2,1.6666666666666667,1,1,1,1,4,2,5,3.6666666666666665,1,1,1,1,1,5,4,1,5,5,4,4,8,7,no idea,something to do with AI training,36,Female,White,NA,"Yes, you may use my data in the research.",NA,1,1,0.3640769230769231,0.15711538461538463,0.09615384615384612,0.01153846153846154,FALSE,FALSE,0,FALSE
16202809,22/06/2026 12:26:36,complete,No threat,SmileNegOne,negative,one,I agree to participate,16,4,1,1,1,1,1,1,1,1,2,1,3,2,1,2,4,1,2,5,3,1,6,2,3.4,2,6,4,8,1,1,1,1,1,1,1,1,1,1,1,1,1,1,1,1,1,6,3,1,5,4,3.8,1,9,2,5,1,1,1,1,1,1,1,1,2,2,2,2,1,1,1,1,1,6,2,1,5,3,3.4,4,7,3,7,1,1,1,1,1,1,1,1,1,1,1,1,1,1,1,1,1,5,4,1,5,3,3.6,4,8,7,To study ones focus and ability to follow directions,Unsure,45,Female,Black,NA,"Yes, you may use my data in the research.",NA,1,1,0.9376923076923076,2.0978846153846153,0.13461538461538464,1,FALSE,TRUE,0,FALSE
16202810,22/06/2026 12:26:33,complete,Threat,NaturaPosOne,positive,one,I agree to participate,16,4,1,1,1,1,1,1,1,1,NA,1,2,1.5,5,5,5,2,4.25,4,1,1,2,1,1.8,2,6,4,8,1,1,1,1,1,1,1,1,3,1,3,2.3333333333333335,5,5,5,2,4.25,4,1,1,2,1,1.8,1,9,2,5,1,1,1,1,1,1,1,1,3,1,3,2.3333333333333335,5,5,5,2,4.25,4,NA,1,2,1,2,4,7,3,7,1,1,1,1,1,1,1,1,1,1,2,1.3333333333333333,5,5,5,2,4.25,4,1,1,2,1,1.8,4,8,7,Judging annoyance at being asked to complete nonsensical tasks? Or perhaps watching facial expressions during such tasks? Maybe this is all just a joke?,"You're going to replace my head with that of a cat, and post it to tik-tok?",46,Male,White,"No issues that I am aware of. I did have a cup of coffee in front of me, but I don't think that matters?","Yes, you may use my data in the research.",NA,1,1,0,1.2436538461538462,0,0.576923076923077,FALSE,TRUE,0,FALSE
16202811,22/06/2026 11:26:36,complete,Threat,SmilePosTen,positive,ten,I agree to participate,16,4,1,1,1,1,1,1,1,1,2,2,1,1.6666666666666667,4,4,4,4,4,1,1,1,1,1,1,2,6,4,8,1,1,1,1,1,1,1,1,4,1,4,3,4,4,4,4,4,1,1,1,1,1,1,1,9,2,5,1,1,1,1,1,1,1,1,2,2,1,1.6666666666666667,4,4,4,4,4,1,1,1,1,1,1,4,7,3,7,1,1,1,1,1,1,1,1,4,4,1,3,4,4,4,4,4,1,1,1,1,1,1,4,8,7,NA,no clue,41,Male,White,NA,"Yes, you may use my data in the research.",NA,1,1,0.00146153846153846,0.6010576923076922,0.00769230769230769,0.6942307692307692,FALSE,TRUE,0,FALSE
16202813,22/06/2026 12:26:47,complete,Threat,SmilePosOne,positive,one,I agree to participate,16,4,7,6,7,6.666666666666667,3,2,4,3,2,2,1,1.6666666666666667,7,6,6,7,6.5,3,2,1,2,2,2,2,6,4,8,7,7,7,7,1,1,1,1,1,1,1,1,7,6,6,NA,6.333333333333333,2,1,1,1,1,1.2,1,9,2,5,7,7,7,7,1,1,2,1.3333333333333333,2,1,1,1.3333333333333333,7,6,6,7,6.5,2,1,1,1,1,1.2,4,7,3,7,7,7,7,7,1,1,1,1,1,1,1,1,7,6,6,NA,6.333333333333333,2,1,1,1,1,1.2,4,8,7,To examine peoples' body movement effect on their math performance,To examine keenness and speed,41,Female,Black,None,"Yes, you may use my data in the research.",NA,1,0.7692307692307693,1.495,1.4417307692307693,0.8076923076923078,0.7692307692307692,FALSE,FALSE,0,FALSE
16202815,22/06/2026 12:26:43,complete,Threat,NaturaNegOne,negative,one,I agree to participate,16,4,1,2,3,2,1,1,3,1.6666666666666667,3,4,4,3.6666666666666665,5,5,5,2,4.25,1,1,1,5,2,2,2,6,4,8,2,2,2,2,1,1,1,1,3,4,4,3.6666666666666665,5,5,5,2,4.25,1,1,1,1,1,1,1,9,2,5,4,3,3,3.3333333333333335,2,1,1,1.3333333333333333,4,2,5,3.6666666666666665,5,5,5,2,4.25,1,1,1,1,1,1,4,7,3,7,4,4,4,4,1,1,1,1,1,4,1,2,5,5,5,2,4.25,1,1,1,1,1,1,4,8,7,Looking for how people responded to images shown in the screen and physical tasks and seeing how they affected their emotional or psychological state.,I don't know.,67,Male,Black,For the first physical task I may not have blinked fast enough during the required time interval. Other than that I believe I complied with most of the requirements of the study.,"Yes, you may use my data in the research.",NA,1,1,0,1.668653846153846,0,0.8461538461538463,TRUE,TRUE,0,FALSE
16202816,22/06/2026 12:26:42,complete,Threat,NaturaPosOne,positive,one,I agree to participate,16,4,2,4,4,3.3333333333333335,5,2,2,3,2,2,2,2,5,6,6,2,4.75,5,2,3,4,2,3.2,2,6,4,8,4,4,4,4,3,2,2,2.3333333333333335,2,2,3,2.3333333333333335,5,6,5,2,4.5,5,2,3,2,2,2.8,1,9,2,5,5,5,5,5,2,2,2,2,2,2,2,2,5,5,6,2,4.5,5,2,3,2,2,2.8,4,7,3,7,5,5,5,5,2,2,2,2,2,2,2,2,5,5,6,2,4.5,5,3,3,2,2,3,4,8,7,"Honestly not entirely sure, maybe to see if certain tasks can produce specific emotional responses, or to evaluate an individuals math performance after completing a certain task.",This study was also intended to evaluate out emotional response to a specific task.,21,Male,White,N/A,"Yes, you may use my data in the research.",NA,1,1,5.769230769230773e-4,1.5857692307692308,0,1,TRUE,TRUE,0,FALSE
16202818,22/06/2026 12:26:49,complete,Threat,SmileNegOne,negative,one,I agree to participate,16,4,1,1,3,1.6666666666666667,1,1,1,1,1,1,3,1.6666666666666667,5,5,5,2,4.25,5,3,4,4,4,4,2,6,4,8,2,3,3,2.6666666666666665,1,1,1,1,1,1,2,1.3333333333333333,4,3,4,2,3.25,5,3,3,3,4,3.6,1,9,2,5,5,6,5,5.333333333333333,1,NA,1,1,1,1,1,1,5,5,4,2,4,3,3,3,3,3,3,4,7,3,7,1,2,1,1.3333333333333333,5,1,2,2.6666666666666665,6,5,5,5.333333333333333,4,4,4,2,3.5,3,3,1,5,3,3,4,8,7,To see how emotions change after seeing images,what the actual purpose of the study was,33,Female,White,NA,"Yes, you may use my data in the research.",NA,1,1,0.18826923076923077,2.776346153846154,0,1,TRUE,TRUE,0,FALSE
16202820,22/06/2026 11:26:46,complete,Threat,NaturaPosTen,positive,ten,I agree to participate,16,4,3,4,3,3.3333333333333335,1,2,1,1.3333333333333333,1,1,1,1,3,2,3,3,2.75,5,5,5,3,4,4.4,2,6,4,8,5,6,5,5.333333333333333,1,1,1,1,1,1,1,1,4,3,3,3,3.25,3,2,2,1,1,1.8,1,9,2,5,6,5,6,5.666666666666667,1,1,1,1,1,1,1,1,3,3,3,3,3,3,2,2,1,3,2.2,4,7,3,7,6,5,6,5.666666666666667,1,1,1,1,1,1,1,1,3,3,3,4,3.25,4,3,3,1,4,3,4,8,7,after looking at certain pictures of especially animals did it raise your feelings and senses to more of a positive,signs of cuteness can alleviate any feelings of negatives,56,Female,White,"none ocurred, thank you","Yes, you may use my data in the research.",NA,1,1,0.6729089259796807,0.972455007256894,0.7711538461538462,0.9384615384615383,FALSE,FALSE,0,FALSE
16202822,22/06/2026 11:26:51,complete,No threat,NaturaNegOne,negative,one,I agree to participate,16,4,1,1,1,1,1,1,1,1,1,1,1,1,2,4,5,4,3.75,4,2,1,3,4,2.8,2,6,4,8,2,2,1,1.6666666666666667,1,1,1,1,1,1,1,1,3,4,5,4,4,4,1,1,1,3,2,1,9,2,5,1,2,1,1.3333333333333333,5,1,1,2.3333333333333335,5,5,5,5,2,3,3,4,3,4,2,1,3,3,2.6,4,7,3,7,1,1,1,1,4,1,1,2,3,4,4,3.6666666666666665,2,4,4,4,3.5,4,2,1,2,3,2.4,4,8,7,to see if reactions changed the speed of completing a mental task like math problems,that everyone was given a different set of tests?,40,Female,White,NA,"Yes, you may use my data in the research.",NA,1,1,0.3644230769230769,3.5523076923076924,0,1,TRUE,TRUE,0,FALSE
16202823,22/06/2026 12:26:55,complete,No threat,SmileNegOne,negative,one,I agree to participate,16,4,4,4,2,3.3333333333333335,2,2,2,2,2,2,2,2,6,6,6,2,5,1,1,1,1,1,1,2,6,4,8,4,3,4,3.6666666666666665,1,1,1,1,1,1,1,1,6,6,6,2,5,1,1,1,1,1,1,1,9,2,5,4,4,4,4,1,1,1,1,1,1,1,1,6,6,6,2,5,1,1,1,1,1,1,4,7,3,7,4,4,3,3.6666666666666665,1,1,1,1,1,1,1,1,6,6,6,2,5,1,1,1,1,1,1,4,8,7,follow directions,follow directions. Or to see my eye movement during image viewing,61,Female,White,none,"Yes, you may use my data in the research.",NA,1,1,0,2.495192307692308,0,0.923076923076923,TRUE,TRUE,0,FALSE
16202824,22/06/2026 11:26:53,complete,Threat,SmileNegTen,negative,ten,I agree to participate,16,4,3,2,2,2.3333333333333335,2,4,1,2.3333333333333335,2,2,1,1.6666666666666667,3,1,1,5,2.5,4,6,6,6,6,5.6,2,6,4,8,4,6,4,4.666666666666667,2,1,2,1.6666666666666667,2,2,2,2,3,1,1,5,2.5,4,6,6,6,6,5.6,1,9,2,5,1,1,1,1,5,5,2,4,3,4,5,4,3,1,1,5,2.5,4,6,6,6,6,5.6,4,7,3,7,1,1,1,1,4,2,2,2.6666666666666665,4,3,2,3,3,1,1,5,2.5,4,6,6,6,6,5.6,4,8,7,to see if physical activity affected solving math probalems,ability to follow instructions if i had to guess but i'm sure i'm wrong,33,Male,Mixed,the 2nd and 3rd task were a bit confusing for me but i tried to understand and do both,"Yes, you may use my data in the research.",NA,1,1,1.166952488687783,0.00488461538461538,1,0.06538461538461542,FALSE,FALSE,0,FALSE
16202825,22/06/2026 11:26:51,complete,Threat,NaturaNegOne,negative,one,I agree to participate,16,4,3,4,2,3,1,1,1,1,1,1,1,1,5,5,6,3,4.75,2,1,1,1,1,1.2,2,6,4,8,2,4,1,2.3333333333333335,1,1,1,1,1,1,1,1,5,5,6,3,4.75,2,1,1,1,1,1.2,1,9,2,5,4,3,2,3,1,1,1,1,1,1,1,1,5,5,6,3,4.75,2,1,1,1,1,1.2,4,7,3,7,2,4,2,2.6666666666666665,1,1,1,1,1,1,1,1,5,5,6,3,4.75,2,1,1,1,1,1.2,4,8,7,i honestly have no idea or inference of what the study is about.,If I can follow instuctions verbatim? again I have no idea.,52,Male,White,no issues,"Yes, you may use my data in the research.",NA,1,1,0,1.331923076923077,0,1,FALSE,TRUE,0,FALSE
16202826,22/06/2026 12:26:51,complete,No threat,SmilePosTen,positive,ten,I agree to participate,16,4,6,2,6,4.666666666666667,1,1,1,1,2,1,1,1.3333333333333333,3,3,3,2,2.75,5,3,5,4,4,4.2,2,6,4,8,4,5,5,4.666666666666667,1,1,1,1,2,1,2,1.6666666666666667,3,3,3,3,3,5,4,3,3,4,3.8,1,9,2,5,2,2,2,2,2,2,2,2,7,7,7,7,3,3,3,3,3,5,5,5,5,4,4.8,4,7,3,7,5,6,6,5.666666666666667,1,1,1,1,1,1,1,1,3,3,3,3,3,5,4,5,4,4,4.4,4,8,7,See if physical movements/math effect peoples current feelings,See if our mood changes doing movements/math,35,Male,White,"N/A, thanks","Yes, you may use my data in the research.",NA,0.9961538461538462,1,0.3390366473149492,1.0636596516690855,0.613243831640058,1,FALSE,FALSE,0,FALSE
16202830,22/06/2026 12:26:57,complete,No threat,SmileNegTen,negative,ten,I agree to participate,16,4,1,1,1,1,1,1,1,1,2,1,2,1.6666666666666667,3,3,5,5,4,6,4,5,6,5,5.2,2,6,4,8,1,1,1,1,1,1,1,1,1,1,1,1,5,3,5,5,4.5,5,4,4,4,4,4.2,1,9,2,5,1,1,1,1,2,1,1,1.3333333333333333,3,3,3,3,3,3,5,5,4,6,5,5,6,5,5.4,4,7,3,7,1,1,1,1,1,1,1,1,1,1,1,1,5,5,3,5,4.5,6,4,4,5,4,4.6,4,8,7,Whether smiling through bad things will effect the mood of participants versus allowing them to express their true emotions,NA,22,Female,White,NA,"Yes, you may use my data in the research.",NA,0.9922322775263952,1,0.03988122171945701,0.8442070135746607,0.01176470588235294,0.2596153846153846,FALSE,FALSE,0,TRUE
16202833,22/06/2026 12:27:00,complete,No threat,SmileNegOne,negative,one,I agree to participate,16,4,1,1,1,1,1,1,1,1,1,1,1,1,2,2,2,2,2,4,2,2,2,4,2.8,2,6,4,8,1,1,1,1,1,1,1,1,1,1,1,1,2,2,2,2,2,1,1,1,1,1,1,1,9,2,6,1,1,1,1,1,1,1,1,1,1,1,1,2,2,2,2,2,3,2,2,2,3,2.4,4,7,3,7,1,1,1,1,1,1,1,1,1,1,1,1,2,2,2,2,2,1,1,1,1,1,1,4,8,7,To see if you can focus on two tasks at once.,i have no idea,22,Female,White,NA,"Yes, you may use my data in the research.",NA,1,1,0.13461538461538464,1.104423076923077,0,0.48076923076923106,FALSE,FALSE,1,FALSE
16202834,22/06/2026 12:27:00,complete,Threat,NaturaPosTen,positive,ten,I agree to participate,16,4,1,3,1,1.6666666666666667,1,1,1,1,1,1,3,1.6666666666666667,3,3,4,2,3,3,2,1,2,2,2,2,6,4,8,4,3,4,3.6666666666666665,1,1,1,1,3,1,1,1.6666666666666667,3,2,4,3,3,1,1,1,1,1,1,1,9,2,5,4,4,5,4.333333333333333,1,1,1,1,1,1,1,1,3,2,4,3,3,1,1,1,1,1,1,4,7,3,7,4,4,5,4.333333333333333,1,1,1,1,1,1,1,1,3,2,4,3,3,3,1,1,1,1,1.4,4,8,7,"I'm going to be honest, I'm not really sure. My best guess would be how did my emotions change after viewing pics and following directions.",Something with my facial expressions.,67,Male,White,I had none.,"Yes, you may use my data in the research.",NA,1,1,0.26055555555555554,0.02147153684889534,0,0.00213675213675213,FALSE,FALSE,0,TRUE
16202837,22/06/2026 12:26:59,complete,Threat,SmileNegTen,negative,ten,I agree to participate,16,4,1,1,1,1,1,1,1,1,1,1,1,1,3,4,3,3,3.25,5,4,4,6,4,4.6,2,6,4,8,1,2,1,1.3333333333333333,1,1,1,1,1,1,1,1,3,4,3,3,3.25,4,4,4,4,4,4,1,9,2,5,1,1,1,1,7,3,6,5.333333333333333,6,5,4,5,3,4,3,3,3.25,5,6,5,5,5,5.2,4,7,3,7,1,1,1,1,7,6,5,6,7,7,5,6.333333333333333,3,4,3,3,3.25,4,4,4,5,5,4.4,4,8,7,how viewing emotionally triggering events can give you a different perspective on your own life,the movement exercises and math problems were to give a baseline of your current emotional state,33,Female,White,NA,"Yes, you may use my data in the research.",NA,0.9903846153846154,0.9923076923076924,0.01157692307692307,0.00248076923076923,0.03076923076923076,0,FALSE,FALSE,0,FALSE
16202839,22/06/2026 10:27:01,complete,Threat,SmilePosOne,positive,one,I agree to participate,16,4,1,1,1,1,1,1,1,1,5,5,5,5,6,6,6,1,4.75,3,1,1,1,1,1.4,2,6,4,8,1,1,1,1,1,1,1,1,1,1,1,1,6,6,6,1,4.75,1,1,1,1,1,1,1,9,2,5,1,1,1,1,1,1,1,1,1,1,2,1.3333333333333333,6,6,6,1,4.75,2,1,1,1,1,1.2,4,7,3,7,1,1,1,1,1,1,1,1,1,1,1,1,6,6,6,1,4.75,2,1,1,1,1,1.2,4,8,7,see how annoyed you were doing those strange things and if you're happy with your life,that you're looking for something like signs of alzheimer's...looking for symptoms,58,Female,White,I don't think there were any issues,"Yes, you may use my data in the research.",NA,1,1,0,1.786470588235294,0,1,TRUE,TRUE,0,FALSE
16202840,22/06/2026 09:27:03,complete,No threat,SmileNegTen,negative,ten,I agree to participate,16,4,2,2,1,1.6666666666666667,1,3,3,2.3333333333333335,3,3,2,2.6666666666666665,5,5,5,5,5,3,1,1,1,1,1.4,6,6,4,8,2,3,1,2,1,1,1,1,2,2,2,2,5,5,5,5,5,2,1,1,1,1,1.2,1,9,2,5,4,5,4,4.333333333333333,1,1,1,1,3,3,3,3,5,5,5,5,5,1,1,1,1,1,1,4,7,3,7,1,4,2,2.3333333333333335,2,1,1,1.3333333333333333,5,4,5,4.666666666666667,5,5,5,5,5,2,1,1,2,2,1.6,4,8,7,I'm not sure.  I'm guessing to see if changing or holding facial expressions changes emotion.,See my prior answer.  That fixed or changing facial expressions change your outlook.,71,Male,White,"After the second video and after having completed the caluclations, there was a significant delay in moving on.  I re-entered the third calculation and hit the next button again to get it moving.  Hopefully this did not mess up the inputs.  But, I was 'stuck' on that page for a while.","Yes, you may use my data in the research.",NA,1,1,0.00715384615384615,3.5412884615384614,0,1,TRUE,TRUE,1,TRUE
16202842,22/06/2026 09:27:02,complete,No threat,SmileNegTen,negative,ten,I agree to participate,16,4,1,1,1,1,1,1,1,1,1,1,1,1,5,5,5,3,4.5,3,2,2,2,2,2.2,2,6,4,8,1,1,1,1,1,1,1,1,1,1,1,1,5,5,5,3,4.5,3,2,2,2,2,2.2,1,9,2,5,1,1,1,1,2,2,1,1.6666666666666667,2,1,4,2.3333333333333335,5,5,5,3,4.5,3,2,2,4,2,2.6,4,7,3,7,1,1,1,1,3,2,2,2.3333333333333335,3,3,3,3,5,5,5,3,4.5,3,2,2,4,2,2.6,4,8,7,not sure,not sure,48,Female,Mixed,n/a,"Yes, you may use my data in the research.",NA,1,1,0.1814453242835596,1.2895810708898945,0,0.903582202111614,FALSE,TRUE,0,FALSE
16202843,22/06/2026 09:27:04,complete,Threat,NaturaPosTen,positive,ten,I agree to participate,16,4,5,6,5,5.333333333333333,1,1,1,1,1,1,1,1,4,3,5,3,3.75,2,1,1,2,1,1.4,2,6,4,8,6,7,6,6.333333333333333,1,1,1,1,1,1,1,1,4,4,4,3,3.75,2,1,1,1,1,1.2,1,9,2,5,5,5,4,4.666666666666667,1,1,1,1,1,1,5,2.3333333333333335,4,4,5,3,4,2,1,1,1,1,1.2,4,7,3,7,5,5,5,5,1,1,1,1,1,1,1,1,5,4,5,3,4.25,2,1,1,1,1,1.2,4,8,7,if positive uplifting pictures also cordinated with improve preformance and feelings of life,Wasnt even recorded?,36,Male,White,NA,"Yes, you may use my data in the research.",NA,1,1,0.7453846153846154,1.2786923076923078,0.15384615384615383,0.698076923076923,FALSE,TRUE,0,FALSE
16202844,22/06/2026 12:27:06,complete,No threat,SmilePosTen,positive,ten,I agree to participate,16,4,2,2,2,2,1,1,1,1,2,2,1,1.6666666666666667,6,6,6,1,4.75,6,1,1,2,1,2.2,2,6,4,8,4,4,4,4,1,1,1,1,1,1,1,1,6,6,6,1,4.75,5,1,1,1,1,1.8,1,9,2,5,6,6,6,6,1,1,1,1,1,1,1,1,6,6,6,1,4.75,5,1,1,1,1,1.8,4,7,3,7,6,5,6,5.666666666666667,1,1,1,1,1,1,1,1,6,6,6,1,4.75,5,1,1,1,1,1.8,4,8,7,I'm honestly not sure. The math questions were extremely easy.,"Again, I have no clue.",55,Female,White,N/A,"Yes, you may use my data in the research.",NA,1,1,0.19130769230769232,2.4313505079825832,0.0173076923076923,0.873367198838897,TRUE,TRUE,0,FALSE
16202846,22/06/2026 12:27:06,complete,Threat,NaturaNegOne,negative,one,I agree to participate,16,4,2,3,1,2,7,1,1,3,5,5,7,5.666666666666667,7,7,7,2,5.75,1,1,1,1,1,1,2,6,4,8,1,5,3,3,1,1,1,1,6,5,3,4.666666666666667,7,7,7,2,5.75,1,1,1,3,1,1.4,1,9,2,5,1,1,1,1,1,1,1,1,1,1,1,1,7,7,7,2,5.75,1,1,1,1,1,1,4,7,3,7,5,3,3,3.6666666666666665,5,1,1,2.3333333333333335,1,1,1,1,7,7,7,2,5.75,1,1,1,1,1,1,4,8,7,I think this was to see if people can comprehend using both sides of their brain on one task.,That you were trying to see if we could go back and forth between each task seamlessly.,35,Male,White,"The second physical task was confusing, I thought they wanted me to stay still and not move my face. I preformed all the others as asked. Thank you for the opportunity!","Yes, you may use my data in the research.",NA,1,1,0.1817307692307692,2.7198076923076924,0,1,TRUE,TRUE,0,FALSE
16202847,22/06/2026 12:27:07,complete,No threat,SmileNegOne,negative,one,I agree to participate,16,4,4,4,4,4,1,1,1,1,1,1,1,1,5,5,5,6,5.25,3,3,3,3,3,3,2,6,4,8,4,4,4,4,2,2,2,2,2,2,2,2,6,6,6,6,6,2,2,2,2,2,2,1,9,2,5,4,4,4,4,4,2,2,2.6666666666666665,2,2,2,2,6,6,6,6,6,3,3,3,3,3,3,4,7,3,7,4,4,4,4,3,3,3,3,3,3,3,3,6,6,6,6,6,3,3,3,3,3,3,4,8,7,not sure really.,not a clue!,37,Female,White,I think I was a little confused for some of it im not sure if i did the right movements or not!! But i enjoyed it anyway haha i wouldnt mind doing it again,"Yes, you may use my data in the research.",NA,1,1,0.19442307692307692,2.2519607843137255,0.01923076923076921,0.96078431372549,TRUE,TRUE,0,FALSE
16202848,22/06/2026 09:27:12,complete,No threat,SmilePosOne,positive,one,I agree to participate,16,4,4,4,4,4,1,1,1,1,3,1,1,1.6666666666666667,6,6,7,7,6.5,2,1,1,1,1,1.2,2,6,4,8,3,2,3,2.6666666666666665,1,1,1,1,1,1,1,1,6,6,7,7,6.5,2,1,1,1,1,1.2,1,9,2,5,5,5,6,5.333333333333333,1,1,1,1,1,1,1,1,7,6,6,7,6.5,2,1,1,1,1,1.2,4,7,3,7,4,3,3,3.3333333333333335,1,1,1,1,1,1,1,1,6,6,7,7,6.5,2,1,1,1,1,1.2,4,8,7,Following directions and multitasking,No idea,32,Female,White,None,"Yes, you may use my data in the research.",NA,1,1,0.00557692307692307,3.6521153846153847,0,1,TRUE,TRUE,0,FALSE
16202855,22/06/2026 12:27:23,complete,No threat,SmilePosTen,positive,ten,I agree to participate,16,4,1,1,1,1,1,1,1,1,2,2,2,2,2,2,5,1,2.5,3,NA,1,1,1,1.5,2,6,4,8,1,1,1,1,1,1,1,1,1,1,1,1,2,2,5,1,2.5,3,1,1,1,1,1.4,1,9,2,5,4,2,4,3.3333333333333335,1,1,1,1,1,1,1,1,2,2,5,1,2.5,3,1,1,1,1,1.4,4,7,3,7,1,1,1,1,1,1,1,1,1,1,1,1,2,2,5,1,2.5,3,1,1,1,1,1.4,4,8,7,Possibly something having to do with associating tasks that either irritate you or bring you joy and how that's associated with simple mathematics...,"Possibly something that has to do with the subliminal messaging of why there were flowers in the middle of the pictures of the dogs and cats.  Also, I thought it was odd that you wanted us to mimic the facial expressions of dogs and cats even though in the example each time you show images of four different ""actors""",39,Male,White,I didn't have any issues with the study. Everything went fine.,"Yes, you may use my data in the research.",NA,0.9192307692307692,0.8038461538461539,0.04990384615384615,0.2618076923076923,0,0.05192307692307693,FALSE,FALSE,0,FALSE
16202860,22/06/2026 12:27:34,complete,Threat,NaturaNegOne,negative,one,I agree to participate,16,4,3,1,3,2.3333333333333335,6,5,5,5.333333333333333,5,6,5,5.333333333333333,3,3,3,3,3,7,4,1,4,4,4,2,6,4,8,7,7,7,7,1,1,1,1,1,1,1,1,4,3,4,3,3.5,7,4,4,4,4,4.6,1,9,2,5,1,1,1,1,4,4,4,4,7,7,7,7,4,3,3,3,3.25,7,4,1,4,4,4,4,7,3,7,1,3,1,1.6666666666666667,2,3,4,3,2,2,3,2.3333333333333335,3,3,3,3,3,7,3,1,4,4,3.8,4,8,7,mental health research,The reason I was recorded,37,Female,Black,none,"Yes, you may use my data in the research.",NA,NA,NA,NA,NA,NA,NA,NA,NA,0,FALSE
16202863,22/06/2026 09:27:40,complete,No threat,NaturaNegTen,negative,ten,I agree to participate,16,4,4,5,4,4.333333333333333,1,1,1,1,1,1,1,1,5,5,5,7,5.5,2,3,1,4,3,2.6,2,6,4,8,4,4,5,4.333333333333333,1,1,1,1,1,1,1,1,5,5,5,6,5.25,2,3,1,2,3,2.2,1,9,2,5,1,1,1,1,5,2,2,3,4,4,4,4,5,5,5,6,5.25,2,3,1,2,3,2.2,4,7,3,7,4,3,3,3.3333333333333335,4,3,1,2.6666666666666665,1,1,1,1,5,5,5,6,5.25,2,3,1,2,3,2.2,4,8,7,Not sure. Possibly the impact of images and movement on mood,The impact of completing a task on mood,58,Male,Black,none thata should compromise the quality of the data. I did feel my mind wandering on the photo exercises,"Yes, you may use my data in the research.",NA,1,1,0.15481636500754148,3.314533559577677,0.01923076923076923,0.9961538461538462,TRUE,TRUE,0,FALSE
16202864,22/06/2026 10:27:45,complete,Threat,SmilePosOne,positive,one,I agree to participate,16,4,2,3,1,2,1,1,1,1,1,1,1,1,4,4,5,2,3.75,2,1,1,2,2,1.6,2,6,4,8,1,1,1,1,1,1,1,1,1,1,1,1,4,4,4,2,3.5,2,1,2,1,2,1.6,1,9,2,5,1,1,1,1,1,1,1,1,1,1,1,1,4,4,5,2,3.75,2,1,1,1,2,1.4,4,7,3,7,1,1,1,1,1,1,1,1,1,1,1,1,4,4,4,2,3.5,2,1,1,1,2,1.4,4,8,7,Does physical activity correlate with mood.,Why I was instructed to do physical things.,55,Male,White,none,"Yes, you may use my data in the research.",NA,1,1,3.3540384615384617,3.677307692307693,1,1,FALSE,FALSE,0,FALSE
16202865,22/06/2026 12:27:45,complete,No threat,SmilePosOne,positive,one,I agree to participate,16,4,1,1,1,1,1,1,1,1,1,1,1,1,3,3,3,3,3,3,1,1,3,3,2.2,2,6,4,8,1,1,1,1,1,1,1,1,1,1,1,1,3,3,3,3,3,3,1,1,3,2,2,1,9,2,5,1,1,1,1,1,1,1,1,1,1,1,1,3,3,3,3,3,3,1,1,3,2,2,4,7,3,7,1,1,1,1,1,1,1,1,1,1,1,1,3,3,3,3,3,3,1,1,2,2,1.8,4,8,7,I believe the math and facial tasks wwere distractionary.  I think the true purpose was to see the consistency of the mentasl state answers in between,that the tasks were not the point,49,Male,White,none,"Yes, you may use my data in the research.",NA,0.9607843137254902,0.5,0,0.9388461538461538,0,0.4038461538461538,FALSE,FALSE,0,FALSE
16202867,22/06/2026 12:27:45,complete,No threat,SmilePosTen,positive,ten,I agree to participate,16,4,1,1,1,1,1,1,1,1,2,1,2,1.6666666666666667,3,3,3,2,2.75,4,4,4,5,5,4.4,2,6,4,8,2,1,1,1.3333333333333333,1,1,1,1,2,1,2,1.6666666666666667,3,3,3,2,2.75,2,2,2,3,4,2.6,1,9,2,5,2,1,2,1.6666666666666667,1,1,1,1,3,2,4,3,3,3,3,2,2.75,4,3,2,4,5,3.6,4,7,3,7,3,2,3,2.6666666666666665,1,1,1,1,1,1,1,1,2,3,3,2,2.5,3,3,2,3,4,3,4,8,7,"Perhaps human body language, particularly with facial expressions and how others react to images whether more negatively or positively overall in the presence of certain images. Perhaps more natural and genuine smiling vs. fake or forced smiling. Something in that general realm.",Perhaps some type of manipulation occuring or image trick to make the particpants react or not react in a certain manner throughout different parts of the study.,29,Male,White,None.,"Yes, you may use my data in the research.",NA,1,1,0,1.5410370101596516,0,0.9596153846153846,TRUE,TRUE,0,TRUE
16202869,22/06/2026 12:27:46,complete,No threat,NaturaNegTen,negative,ten,I agree to participate,16,4,2,2,2,2,1,1,2,1.3333333333333333,6,5,5,5.333333333333333,4,5,5,2,4,5,3,2,3,4,3.4,2,6,4,8,6,5,6,5.666666666666667,1,1,1,1,1,1,1,1,5,5,6,4,5,4,2,2,2,2,2.4,1,9,2,5,1,1,1,1,7,6,7,6.666666666666667,7,7,7,7,4,5,6,4,4.75,5,2,2,5,6,4,4,7,3,7,1,1,1,1,7,5,6,6,7,7,4,6,4,6,5,3,4.5,2,2,2,5,5,3.2,4,8,7,To see how distressing images impact logical faculties (the math questions) and on your emotional state and life outlook.,"Maybe something to do with the order of the images presented--the double parking, the robbing, and then abused animals. I feel like maybe it's varying degrees of negative, from annoyed to very distressing, but I'm still not sure.",38,Male,White,"I had issues with the first task--I wasn't sure if the countdown was a countdown to record or not, so I didn't perform the task properly. I did understand what was required in the other 3 rasks, though.","Yes, you may use my data in the research.",NA,1,1,0.29553846153846153,0.26259615384615387,0.08653846153846154,0.00384615384615384,FALSE,FALSE,0,FALSE
16202871,22/06/2026 12:27:47,complete,No threat,NaturaPosOne,positive,one,I agree to participate,16,4,2,1,1,1.3333333333333333,1,1,1,1,1,3,5,3,5,5,5,5,5,1,1,1,1,1,1,2,6,4,8,2,4,4,3.3333333333333335,NA,2,2,2,2,2,2,2,4,4,3,3,3.5,1,1,1,1,1,1,1,9,2,5,2,1,2,1.6666666666666667,1,1,1,1,1,2,1,1.3333333333333333,5,3,5,5,4.5,1,1,1,1,1,1,4,7,3,7,1,1,1,1,1,1,1,1,1,1,5,2.3333333333333335,5,5,6,2,4.5,1,1,1,1,1,1,4,8,7,study facial expressions,n/a,30,Female,Black,n/a,"Yes, you may use my data in the research.",NA,1,1,0.7276923076923077,0.03942307692307692,0,0,FALSE,FALSE,0,FALSE
16202876,22/06/2026 09:28:21,complete,No threat,SmilePosTen,positive,ten,I agree to participate,16,4,2,2,2,2,1,1,1,1,1,1,1,1,5,5,5,5,5,1,1,1,1,1,1,2,6,4,8,1,1,1,1,1,1,1,1,1,1,1,1,5,5,5,5,5,1,1,1,1,1,1,1,9,2,5,1,1,1,1,1,1,1,1,1,2,2,1.6666666666666667,5,5,5,5,5,1,1,1,1,1,1,4,7,3,7,2,2,2,2,1,1,1,1,1,1,1,1,5,5,5,5,5,1,1,1,1,1,1,4,8,7,Testing mood/outlook  when given menial tasks,I'm not sure,26,Male,White,N/A; thanks for opportunity!,"Yes, you may use my data in the research.",NA,0.9711901306240928,0.36818848003642674,0.44523149492017416,0.7389800221975582,0,0.34096801274936683,FALSE,FALSE,0,FALSE
16202883,22/06/2026 12:28:30,complete,Threat,SmilePosTen,positive,ten,I agree to participate,16,4,1,1,1,1,1,1,1,1,1,1,1,1,5,5,5,2,4.25,4,3,3,3,4,3.4,2,6,4,8,1,1,1,1,1,1,1,1,1,1,1,1,5,5,5,2,4.25,4,3,3,3,4,3.4,1,9,2,5,1,1,1,1,1,1,1,1,4,4,4,4,5,5,5,2,4.25,4,3,3,3,4,3.4,4,7,3,7,2,2,2,2,1,1,1,1,1,1,1,1,5,5,5,2,4.25,4,3,3,3,4,3.4,4,8,7,i have no idea,i dont know,39,Female,White,"the instructions were a little confusing, i wasnt sure when the timer started for the first task but i figured it out for the others.","Yes, you may use my data in the research.",NA,0.984313725490196,1,0.1031315987933635,0.5729072398190045,0.02941176470588234,0.21568627450980393,FALSE,FALSE,0,FALSE
16202888,22/06/2026 11:28:46,complete,No threat,NaturaPosOne,positive,one,I agree to participate,16,4,6,6,6,6,1,1,1,1,1,1,1,1,5,5,5,2,4.25,6,1,1,2,1,2.2,2,6,NA,8,6,6,6,6,1,1,1,1,1,1,1,1,5,5,5,2,4.25,6,1,1,1,1,2,1,9,3,5,5,4,5,4.666666666666667,1,1,1,1,1,1,1,1,5,5,5,2,4.25,6,1,1,1,1,2,4,7,3,7,5,6,5,5.333333333333333,1,1,1,1,1,1,1,1,5,5,5,2,4.25,6,1,1,1,1,2,4,8,NA,the purpose was to see how mental and physical abilities work together,1. that it was ro check your cognition,28,Female,Asian,I did not encounter any issues.,"Yes, you may use my data in the research.",NA,1,1,0,1.146730769230769,0,0.5,FALSE,TRUE,3,FALSE
16202890,22/06/2026 11:29:09,complete,Threat,NaturaNegTen,negative,ten,I agree to participate,16,4,1,1,1,1,1,1,1,1,1,1,1,1,6,6,6,7,6.25,2,2,2,2,2,2,2,6,4,8,1,1,1,1,2,1,1,1.3333333333333333,4,4,5,4.333333333333333,6,6,6,7,6.25,3,1,1,2,1,1.6,1,9,2,5,1,1,1,1,7,2,2,3.6666666666666665,6,7,7,6.666666666666667,6,6,6,7,6.25,3,5,2,5,4,3.8,4,7,3,7,1,1,1,1,5,2,1,2.6666666666666665,5,7,7,6.333333333333333,6,6,6,7,6.25,2,2,2,3,3,2.4,4,8,7,To see how different physical movements reflect on how you think logically and emotionally.,"I have no clue, it seemed pretty straight forward to me.",24,Female,Black,"I did not have any issues. For the task when I think I had to smile, that was confusing though. I wasn't sure if I was really supposed to smile, it just didn't seem right.","Yes, you may use my data in the research.",NA,0.44423076923076926,0.32884615384615384,0.06596153846153846,0.2458846153846154,0.02307692307692306,0.28846153846153844,FALSE,FALSE,0,FALSE
16202917,22/06/2026 11:30:51,complete,No threat,SmileNegTen,negative,ten,I agree to participate,16,4,6,7,6,6.333333333333333,1,1,1,1,1,1,1,1,6,6,6,6,6,1,1,1,1,1,1,2,6,4,8,2,2,2,2,1,1,1,1,1,1,1,1,6,6,6,6,6,1,1,1,1,1,1,1,9,2,5,2,2,2,2,1,1,1,1,1,1,1,1,6,6,6,6,6,1,1,1,1,1,1,4,7,3,7,2,2,2,2,1,1,1,1,1,1,1,1,6,6,6,6,6,1,1,1,1,1,1,4,8,7,multi tasking,no idea,56,Female,White,none,"Yes, you may use my data in the research.",NA,0.9538461538461538,0.9173076923076924,0.6245192307692308,0.5366538461538461,0.05961538461538461,0.01153846153846153,FALSE,FALSE,0,FALSE
16202937,22/06/2026 12:31:53,complete,No threat,NaturaPosOne,positive,one,I agree to participate,16,4,4,4,4,4,1,1,1,1,1,1,1,1,4,7,2,7,5,2,4,2,1,4,2.6,2,6,4,8,7,7,7,7,1,1,1,1,1,1,1,1,2,2,2,2,2,1,2,2,1,4,2,1,9,2,5,7,7,7,7,1,1,1,1,1,1,1,1,2,2,2,3,2.25,1,3,2,1,4,2.2,4,7,3,7,7,1,7,5,1,1,1,1,1,1,1,1,2,2,2,3,2.25,1,3,3,1,4,2.4,4,8,7,it was about understanding how people view and interpret images by checking their facial expression.,"to check how people perceive and respond to different images, also to cheer up people and make them forget about their daily struggle for a moment, i was happy taking this study.",36,Female,Black,"There was no any issues, i had fun taking the study.","Yes, you may use my data in the research.",NA,1,1,0.39134615384615384,0.9911538461538462,0.25,0.903846153846154,FALSE,TRUE,0,FALSE
16202958,22/06/2026 11:33:35,complete,Threat,SmileNegOne,negative,one,I agree to participate,16,4,4,4,4,4,1,1,1,1,1,1,1,1,3,4,3,3,3.25,6,1,1,1,1,2,2,6,4,8,4,4,4,4,1,1,1,1,1,1,1,1,3,3,3,3,3,6,1,1,1,1,2,1,9,2,5,4,4,4,4,1,1,1,1,1,1,1,1,3,3,3,3,3,6,1,1,1,1,2,4,7,3,7,1,4,4,3,1,1,1,1,1,1,1,1,3,3,3,3,3,6,1,1,1,1,2,4,8,7,i am not for sure?,some of the photos were for ai training,46,Female,White,none,"Yes, you may use my data in the research.",NA,1,1,0.01057692307692307,2.7959615384615386,0,1,TRUE,TRUE,0,FALSE
16204418,22/06/2026 14:25:01,complete,Threat,NaturaNegOne,negative,one,I agree to participate,16,4,3,3,3,3,5,2,2,3,1,2,5,2.6666666666666665,3,2,3,1,2.25,6,7,5,5,7,6,2,6,4,8,1,1,1,1,1,1,2,1.3333333333333333,1,1,1,1,3,3,3,1,2.5,6,7,6,6,NA,6.25,1,9,2,5,2,2,2,2,3,3,3,3,3,3,3,3,3,3,3,1,2.5,6,7,6,6,7,6.4,4,7,3,7,2,2,2,2,4,2,4,3.3333333333333335,2,2,1,1.6666666666666667,3,3,3,1,2.5,6,7,6,6,7,6.4,4,8,7,"Hm I don't know.  There were a lot of variables.  The most interesting part was maintining a smile for disturbing images.  Honestly, I don't really know though sorry.",I have no idea.,42,Male,White,"For the first task, I thought maybe it was counting until I start, so I didn't blink my eyes enough.","Yes, you may use my data in the research.",NA,1,1,0.05326923076923078,1.6415384615384616,0,1,TRUE,TRUE,0,FALSE
16204419,22/06/2026 15:25:02,complete,No threat,NaturaPosTen,positive,ten,I agree to participate,16,4,4,4,4,4,1,1,1,1,1,1,1,1,6,6,6,6,6,3,1,1,1,1,1.4,2,6,4,8,4,4,4,4,1,1,1,1,1,1,1,1,6,6,6,6,6,2,1,1,1,1,1.2,1,9,2,5,6,6,5,5.666666666666667,1,1,1,1,1,1,1,1,6,6,6,6,6,2,1,1,1,1,1.2,4,7,3,7,6,6,6,6,1,1,1,1,1,1,1,1,6,6,6,6,6,2,1,1,1,1,1.2,4,8,7,comparing how quickly we solved the math problems after physical task versus seeing cute animals,NA,21,Female,White,NA,"Yes, you may use my data in the research.",NA,1,1,0.2620576923076923,2.385884615384615,0.09807692307692306,1,TRUE,TRUE,0,FALSE
16204420,22/06/2026 15:25:04,complete,No threat,NaturaNegTen,negative,ten,I agree to participate,16,4,1,1,1,1,1,1,1,1,1,1,1,1,5,5,6,5,5.25,3,1,1,1,1,1.4,2,6,4,8,1,1,1,1,1,1,1,1,1,1,1,1,5,5,6,4,5,3,1,1,1,1,1.4,1,9,2,5,1,1,1,1,2,1,1,1.3333333333333333,1,1,1,1,5,5,6,4,5,3,1,1,1,1,1.4,4,7,3,7,1,1,1,1,2,2,1,1.6666666666666667,1,1,1,1,5,5,6,4,5,3,1,1,1,1,1.4,4,8,7,To track emotions while staying on task - compartmentalizing,The bonus is not real? I dont know really,28,Female,White,NA,"Yes, you may use my data in the research.",NA,1,1,0.297561320754717,2.485,0,1,TRUE,TRUE,0,FALSE
16204421,22/06/2026 15:25:05,complete,Threat,SmilePosOne,positive,one,I agree to participate,16,4,1,2,1,1.3333333333333333,2,1,1,1.3333333333333333,1,1,1,1,4,5,5,2,4,4,2,1,2,1,2,2,6,4,8,2,1,2,1.6666666666666667,2,1,1,1.3333333333333333,1,1,1,1,2,4,5,5,4,1,1,1,1,2,1.2,1,9,2,5,2,2,3,2.3333333333333335,NA,1,1,1,1,1,1,1,5,4,5,2,4,3,1,1,2,1,1.6,4,7,3,7,2,2,1,1.6666666666666667,1,1,1,1,1,1,1,1,4,5,5,3,4.25,1,2,1,2,1,1.4,4,8,7,"I don't go the slightest idea, direction following?",You have not told us the intention of your survey and what you hope to get out of it.,18,Male,Asian,NA,"Yes, you may use my data in the research.",NA,1,1,0.7717307692307692,0.7573076923076923,1,1,FALSE,FALSE,0,FALSE
16204422,22/06/2026 15:25:07,complete,No threat,SmilePosTen,positive,ten,I agree to participate,16,4,3,2,3,2.6666666666666665,1,1,1,1,1,1,1,1,6,6,6,6,6,3,1,1,1,1,1.4,2,6,4,8,4,4,4,4,1,1,1,1,1,1,1,1,6,6,6,6,6,3,1,1,1,1,1.4,1,9,2,5,4,4,4,4,1,1,1,1,1,1,1,1,6,6,6,6,6,3,1,1,1,1,1.4,4,7,3,7,4,4,4,4,1,1,1,1,1,1,1,1,6,6,6,6,6,3,1,1,1,1,1.4,4,8,7,I'm not sure. Something to do with multitasking.,I'm not sure.,37,Female,White,I had no issues. Thank you so much and good luck with your study!,"Yes, you may use my data in the research.",NA,1,1,0.5897960030165912,1.7952473604826549,0.2479260935143288,1,FALSE,TRUE,0,FALSE
16204423,22/06/2026 14:25:12,complete,Threat,SmilePosOne,positive,one,I agree to participate,16,4,1,1,1,1,1,1,1,1,7,5,4,5.333333333333333,5,6,6,3,5,1,1,1,2,1,1.2,2,6,4,8,1,2,1,1.3333333333333333,1,1,1,1,3,2,3,2.6666666666666665,6,6,6,3,5.25,1,1,1,2,1,1.2,1,9,2,5,2,2,2,2,1,1,1,1,5,5,5,5,5,6,6,3,5,1,1,1,2,1,1.2,4,7,3,7,2,1,1,1.3333333333333333,1,1,1,1,4,4,4,4,6,6,6,3,5.25,1,1,1,2,1,1.2,4,8,7,to see how easily people get annoyed and the effects of annoyances,what the purpose is and what is to be learned from it,39,Male,White,NA,"Yes, you may use my data in the research.",NA,1,1,0.24461538461538465,3.0309615384615385,0.21153846153846145,1,TRUE,TRUE,0,FALSE
16204424,22/06/2026 15:25:12,complete,Threat,SmilePosTen,positive,ten,I agree to participate,16,4,4,3,4,3.6666666666666665,1,1,1,1,1,1,2,1.3333333333333333,6,6,7,5,6,2,1,1,2,1,1.4,2,NA,4,8,5,5,3,4.333333333333333,1,1,1,1,1,1,1,1,6,7,7,5,6.25,2,1,NA,1,1,1.25,1,9,2,5,5,5,3,4.333333333333333,1,1,1,1,1,1,3,1.6666666666666667,NA,6,7,5,6,2,1,1,2,1,1.4,4,7,4,7,6,6,6,6,1,1,1,1,1,1,1,1,6,7,7,5,6.25,2,1,1,1,1,1.2,4,8,7,To determine if minor things affect people's emotions - how easy it could be to irritate someone,It's a happiness study,NA,Female,White,The first screen was going pretty fast before I started blinking - the rest I think went without a hitch,"Yes, you may use my data in the research.",NA,0.85,1,0.9858846153846154,1.42747351233672,0.3673076923076923,1,FALSE,TRUE,2,FALSE
16204427,22/06/2026 15:25:15,complete,No threat,NaturaNegOne,negative,one,I agree to participate,16,4,1,2,2,1.6666666666666667,1,1,1,1,2,3,3,2.6666666666666665,6,6,6,6,6,1,1,1,1,1,1,2,6,4,8,1,1,1,1,1,1,1,1,2,3,2,2.3333333333333335,6,6,6,6,6,1,1,1,1,1,1,1,9,2,5,1,1,1,1,1,1,1,1,3,NA,3,3,6,6,6,6,6,1,1,1,1,1,1,4,7,3,7,1,2,1,1.3333333333333333,1,1,1,1,2,2,2,2,6,6,6,6,6,1,1,1,1,1,1,4,8,7,math knowledge,i have no idea,29,Female,Asian,none,"Yes, you may use my data in the research.",NA,1,1,0.08923076923076924,0.2175,0.01923076923076921,0,FALSE,FALSE,0,FALSE
16204428,22/06/2026 15:25:15,complete,Threat,NaturaPosTen,positive,ten,I agree to participate,16,4,4,2,4,3.3333333333333335,4,2,1,2.3333333333333335,3,2,3,2.6666666666666665,7,7,7,6,6.75,2,1,1,2,1,1.4,2,6,4,8,7,7,7,7,1,1,1,1,1,1,1,1,7,7,7,6,6.75,1,1,1,1,1,1,1,9,2,5,6,5,6,5.666666666666667,2,1,1,1.3333333333333333,1,1,1,1,7,7,7,6,6.75,1,1,1,1,1,1,4,7,3,7,6,7,7,6.666666666666667,2,1,1,1.3333333333333333,1,1,1,1,7,7,7,6,6.75,1,1,1,1,1,1,4,8,7,I believe the purpose of this study was to identify how positive images can affect a person's attitude and math solving skills in a better way.,I am not sure of the details.,27,Male,Asian,"No issues, interesting study.","Yes, you may use my data in the research.",NA,1,1,0.3361508295625943,2.675969079939668,0,1,TRUE,TRUE,0,FALSE
16204429,22/06/2026 15:25:38,complete,No threat,SmilePosTen,positive,ten,I agree to participate,16,4,4,1,4,3,1,1,1,1,1,1,1,1,6,4,6,6,5.5,7,3,1,3,3,3.4,2,6,4,8,1,1,1,1,1,1,1,1,1,1,1,1,6,4,6,6,5.5,7,1,1,1,2,2.4,1,9,2,5,3,1,3,2.3333333333333335,1,1,1,1,2,1,1,1.3333333333333333,4,6,6,6,5.5,7,1,1,1,2,2.4,4,7,3,7,3,1,2,2,1,1,1,1,1,1,1,1,6,4,6,6,5.5,7,1,1,1,2,2.4,4,8,7,To see how activities affect comprehension.,You wanted to know how activities affected emotions.,53,Female,White,NA,"Yes, you may use my data in the research.",NA,1,1,0.9898653846153846,2.443173076923077,0.798076923076923,0.9980769230769232,FALSE,FALSE,0,FALSE
16204430,22/06/2026 14:25:22,complete,No threat,NaturaPosOne,positive,one,I agree to participate,16,4,2,3,2,2.3333333333333335,2,2,4,2.6666666666666665,2,2,3,2.3333333333333335,1,1,1,1,1,5,1,4,3,1,2.8,2,6,4,8,1,2,4,2.3333333333333335,1,1,1,1,3,2,3,2.6666666666666665,1,2,2,1,1.5,5,1,1,1,1,1.8,1,9,2,5,1,3,3,2.3333333333333335,1,NA,1,1,1,1,1,1,1,2,1,1,1.25,5,1,1,1,1,1.8,4,7,3,7,4,4,4,4,1,1,1,1,1,1,1,1,2,2,3,1,2,5,1,2,1,2,2.2,4,8,7,Seeing how distraction or physical modification of an activity could change the personality reflections on a scale?,"Maybe the camera was never really recording to begin with, so there was some aspect of imagining being observed that would change behavior?",43,Male,White,No issues on my end. Thank you for all your hard work!,"Yes, you may use my data in the research.",NA,1,1,0.0898076923076923,2.8971153846153848,0.05769230769230774,0.9807692307692308,TRUE,TRUE,0,FALSE
16204432,22/06/2026 14:25:24,complete,Threat,SmileNegTen,negative,ten,I agree to participate,16,4,1,1,1,1,1,1,1,1,1,1,1,1,7,7,7,7,7,3,1,1,1,1,1.4,2,6,4,8,1,1,1,1,1,1,1,1,1,1,1,1,7,7,7,7,7,3,1,1,2,1,1.6,1,9,2,5,1,1,1,1,7,7,4,6,7,7,5,6.333333333333333,7,7,7,7,7,3,2,1,3,1,2,4,7,3,7,1,1,1,1,5,2,2,3,3,4,3,3.3333333333333335,7,7,7,7,7,3,2,1,2,2,2,4,8,7,"To understand how people react facially to distrubing images, and whether that effects their ability to complete math problems",Im not sure,21,Female,Mixed,I had no issues,"Yes, you may use my data in the research.",NA,1,1,0.00561538461538461,0,0.01538461538461537,0,FALSE,FALSE,0,FALSE
16204433,22/06/2026 15:25:24,complete,Threat,SmileNegOne,negative,one,I agree to participate,16,4,1,1,2,1.3333333333333333,1,1,1,1,2,1,1,1.3333333333333333,3,5,5,3,4,3,5,4,6,3,4.2,2,6,4,8,1,1,1,1,1,1,1,1,1,1,2,1.3333333333333333,3,3,5,3,3.5,3,5,5,6,3,4.4,1,9,2,5,1,1,1,1,1,1,1,1,2,2,2,2,3,5,5,3,4,3,5,5,6,3,4.4,4,7,3,7,1,1,1,1,1,1,1,1,2,1,1,1.3333333333333333,3,3,5,3,3.5,3,5,5,6,3,4.4,4,8,7,consistency of emotions and self satisfaction,NA,60,Female,White,NA,"Yes, you may use my data in the research.",NA,1,1,0,2.453653846153846,0,1,TRUE,TRUE,0,FALSE
16204434,22/06/2026 15:25:27,complete,No threat,NaturaNegOne,negative,one,I agree to participate,16,4,4,4,3,3.6666666666666665,4,4,4,4,4,4,5,4.333333333333333,1,1,1,1,1,5,6,7,6,6,6,2,6,4,8,4,4,4,4,4,4,4,4,4,4,5,4.333333333333333,1,1,1,1,1,5,6,6,6,6,5.8,1,9,2,5,4,4,4,4,4,4,4,4,4,4,5,4.333333333333333,1,1,1,1,1,5,6,6,5,6,5.6,4,7,3,7,4,4,3,3.6666666666666665,4,4,4,4,4,4,5,4.333333333333333,1,1,1,1,1,5,6,6,6,6,5.8,4,8,7,To see if math changes the way one feels.,Not sure,45,Male,White,No issues,"Yes, you may use my data in the research.",NA,1,1,0.05461538461538461,0.0023076923076923,0,0,FALSE,FALSE,0,FALSE
16204435,22/06/2026 14:25:28,complete,No threat,NaturaPosOne,positive,one,I agree to participate,16,4,3,3,4,3.3333333333333335,1,1,1,1,1,1,2,1.3333333333333333,5,2,5,7,4.75,6,3,1,7,5,4.4,2,6,4,8,2,2,2,2,1,1,1,1,2,1,2,1.6666666666666667,3,3,3,7,4,6,2,1,6,5,4,1,9,2,5,2,2,2,2,1,1,1,1,1,1,1,1,5,2,3,7,4.25,6,3,1,6,5,4.2,4,7,3,7,2,3,3,2.6666666666666665,1,1,1,1,1,1,1,1,5,2,3,7,4.25,6,3,1,7,5,4.4,4,8,7,if faking an expression can make you feel that expression,"I don't think this study was about math problems, but instead about distraction and facial expressions",37,Female,White,"no issues though you didn't mention if one could obscure their face; I did do exactly as the directions said - ie, left hand behind head + blink, neutral face, forced grin, five nose taps with right hand, hope it works fine for you !","Yes, you may use my data in the research.",NA,0,0.07692307692307693,0,0.1086538461538462,0,0.03846153846153843,FALSE,FALSE,0,TRUE
16204436,22/06/2026 15:25:28,complete,Threat,SmilePosOne,positive,one,I agree to participate,16,4,5,3,4,4,1,1,1,1,2,2,4,2.6666666666666665,5,5,6,5,5.25,2,1,1,2,3,1.8,2,6,4,8,5,4,4,4.333333333333333,1,1,1,1,1,1,1,1,5,5,6,6,5.5,2,1,1,2,2,1.6,1,9,2,5,5,5,4,4.666666666666667,1,1,1,1,1,2,2,1.6666666666666667,5,5,5,6,5.25,2,1,1,2,2,1.6,4,7,3,7,5,4,4,4.333333333333333,1,1,1,1,1,1,2,1.3333333333333333,5,5,6,6,5.5,2,1,1,1,1,1.2,4,8,7,To see if doing different physical activities affected your ability to perform simple math problems.,That it is more about something else than just seeing if you can do math problems after doing a simple physical activity.,38,Female,White,N/A,"Yes, you may use my data in the research.",NA,1,1,0,1.067884615384615,0,0.903846153846154,FALSE,TRUE,0,FALSE
16204438,22/06/2026 12:25:31,complete,Threat,SmileNegOne,negative,one,I agree to participate,16,4,2,1,2,1.6666666666666667,1,1,1,1,1,1,1,1,4,4,4,2,3.5,5,2,1,2,1,2.2,2,6,4,8,1,1,1,1,1,1,1,1,3,1,1,1.6666666666666667,5,6,6,4,5.25,5,1,1,1,1,1.8,1,9,2,5,1,1,2,1.3333333333333333,2,4,5,3.6666666666666665,5,3,4,4,4,5,5,3,4.25,4,1,1,1,1,1.6,4,7,3,7,1,1,1,1,1,2,2,1.6666666666666667,6,3,6,5,5,5,6,5,5.25,5,1,1,1,1,1.8,4,8,7,i have no idea. to see if we cared about the dog?,something to do with animals,35,Male,Prefer not to say,none,"Yes, you may use my data in the research.",NA,0.5,0.4807692307692308,0,0.1648076923076923,0,0.30769230769230765,FALSE,FALSE,0,FALSE
16204439,22/06/2026 11:25:35,complete,Threat,NaturaNegTen,negative,ten,I agree to participate,16,4,4,5,4,4.333333333333333,1,1,1,1,3,2,4,3,6,5,6,6,5.75,1,1,1,1,1,1,2,6,4,8,2,2,2,2,1,1,1,1,2,3,3,2.6666666666666665,4,4,5,5,4.5,1,1,1,1,1,1,1,9,2,5,1,1,2,1.3333333333333333,1,1,1,1,4,2,3,3,4,4,4,4,4,2,1,1,2,1,1.4,4,7,3,7,2,3,2,2.3333333333333335,2,1,1,1.3333333333333333,5,5,4,4.666666666666667,5,5,5,5,5,1,1,1,1,1,1,4,8,7,Was to see if you can follow simple instructions and do basic arithmetic.,It matches if people can simply follow ordera with threat of payment deduction if not performed well enough.,38,Male,Mixed,i had or experience no issue throughout study.,"Yes, you may use my data in the research.",NA,1,1,0.5380961538461538,0.58225,0.1480769230769231,0.05384615384615385,FALSE,FALSE,0,FALSE
16204440,22/06/2026 15:25:29,complete,No threat,NaturaNegTen,negative,ten,I agree to participate,16,4,4,4,4,4,1,1,1,1,1,1,1,1,5,5,5,7,5.5,5,1,2,3,3,2.8,2,6,4,8,4,3,3,3.3333333333333335,1,1,1,1,1,2,1,1.3333333333333333,5,5,5,7,5.5,5,2,2,2,5,3.2,1,9,2,5,1,2,1,1.3333333333333333,3,2,2,2.3333333333333335,1,4,3,2.6666666666666665,5,5,5,7,5.5,5,2,2,2,5,3.2,4,7,3,7,1,2,1,1.3333333333333333,3,2,2,2.3333333333333335,1,3,4,2.6666666666666665,5,5,5,7,5.5,5,1,2,3,4,3,4,8,7,For learn the body performance and how the people feel with this,NA,22,Male,Asian,NA,"Yes, you may use my data in the research.",NA,1,1,0,0,0,0,FALSE,FALSE,0,FALSE
16204441,22/06/2026 13:25:33,complete,No threat,SmilePosOne,positive,one,I agree to participate,16,4,4,3,3,3.3333333333333335,1,1,2,1.3333333333333333,3,1,4,2.6666666666666665,3,3,5,3,3.5,3,3,3,4,3,3.2,2,6,4,8,3,2,3,2.6666666666666665,2,2,2,2,4,3,5,4,3,3,5,3,3.5,3,2,2,3,2,2.4,1,9,2,5,3,3,3,3,1,2,2,1.6666666666666667,5,2,5,4,3,3,5,3,3.5,3,3,3,3,3,3,4,7,3,7,2,2,2,2,2,2,2,2,5,3,5,4.333333333333333,3,3,5,3,3.5,2,2,2,3,2,2.2,4,8,7,NA,NA,27,Male,White,NA,"Yes, you may use my data in the research.",NA,1,1,1.247843137254902,0.9046153846153846,1,1,FALSE,FALSE,0,FALSE
16204445,22/06/2026 14:25:36,complete,Threat,SmilePosOne,positive,one,I agree to participate,16,4,1,1,1,1,1,1,1,1,2,3,3,2.6666666666666665,1,1,1,1,1,5,4,6,6,5,5.2,2,6,4,8,2,2,2,2,1,1,1,1,1,1,1,1,1,1,1,1,1,5,4,5,5,5,4.8,1,9,2,5,3,1,3,2.3333333333333335,1,1,1,1,1,2,2,1.6666666666666667,1,1,1,1,1,6,4,6,6,5,5.4,4,7,3,7,5,5,5,5,1,1,1,1,1,1,1,1,1,1,1,1,1,5,4,5,5,5,4.8,4,8,7,"I have no idea, maybe how expressive depressed people are",I have no idea honestly,36,Female,White,NA,"Yes, you may use my data in the research.",NA,1,1,0,2.745,0,1,TRUE,TRUE,0,FALSE
16204446,22/06/2026 15:25:36,complete,No threat,NaturaPosOne,positive,one,I agree to participate,16,4,1,1,1,1,1,1,3,1.6666666666666667,4,1,5,3.3333333333333335,5,3,6,3,4.25,5,2,3,7,6,4.6,2,6,4,8,1,1,1,1,1,1,1,1,6,5,5,5.333333333333333,6,3,5,6,5,6,1,1,7,5,4,1,9,2,5,1,NA,1,1,1,2,1,1.3333333333333333,5,6,5,5.333333333333333,5,6,5,4,5,6,2,1,7,5,4.2,4,7,3,7,1,1,1,1,1,2,1,1.3333333333333333,3,3,2,2.6666666666666665,5,5,6,3,4.75,6,1,2,7,5,4.2,4,8,7,training AI,NA,34,Female,White,NA,"Yes, you may use my data in the research.",NA,1,1,0.27294117647058824,3.786666666666666,0,1,TRUE,TRUE,0,FALSE
16204447,22/06/2026 15:25:05,complete,No threat,NaturaPosTen,positive,ten,I agree to participate,16,4,1,1,1,1,1,1,1,1,1,1,1,1,3,2,3,3,2.75,4,1,1,1,4,2.2,2,6,4,8,1,1,1,1,1,1,1,1,1,1,1,1,3,3,3,3,3,4,1,1,1,4,2.2,1,9,2,5,1,1,1,1,1,1,1,1,1,1,1,1,3,3,3,3,3,4,1,1,1,4,2.2,4,7,3,7,1,1,1,1,1,1,1,1,1,1,1,1,3,3,3,3,3,4,1,1,1,4,2.2,4,6,7,How certain images and actions can change your feelings,"Improving attitudes and thinking with actions and images
",23,Male,White,none,"Yes, you may use my data in the research.",NA,1,0.9823529411764708,0,1.3615501960784313,0,0.9705882352941176,FALSE,TRUE,1,FALSE
16204450,22/06/2026 12:25:45,complete,Threat,NaturaPosOne,positive,one,I agree to participate,16,4,1,1,1,1,1,1,1,1,1,1,1,1,4,3,4,2,3.25,2,1,1,1,1,1.2,2,6,4,8,1,1,1,1,1,1,1,1,1,1,1,1,3,3,3,2,2.75,2,1,1,1,1,1.2,1,9,2,5,1,1,1,1,1,1,1,1,1,1,1,1,3,4,3,2,3,2,1,1,1,1,1.2,4,7,3,7,1,1,1,1,1,1,1,1,1,1,1,1,3,4,4,2,3.25,2,1,1,1,1,1.2,4,8,7,About emotion,repeated response,51,Male,Asian,NA,"Yes, you may use my data in the research.",NA,1,1,0.02403846153846153,1.3084615384615386,0,0.9807692307692308,FALSE,TRUE,0,FALSE
16204452,22/06/2026 12:25:45,complete,Threat,SmileNegOne,negative,one,I agree to participate,16,4,4,4,2,3.3333333333333335,1,1,1,1,2,1,2,1.6666666666666667,6,6,7,7,6.5,4,1,6,1,1,2.6,2,6,4,8,5,5,5,5,1,1,1,1,1,1,1,1,6,7,7,7,6.75,2,1,1,1,1,1.2,1,9,2,5,4,4,4,4,1,1,1,1,2,2,2,2,6,6,7,7,6.5,3,1,5,1,1,2.2,4,7,3,7,4,4,3,3.6666666666666665,NA,1,1,1,1,1,1,1,6,6,7,7,6.5,3,NA,1,1,1,1.5,4,8,7,I haven't a clue. but it was fun!,I really don't know.,73,Female,White,NA,"Yes, you may use my data in the research.",NA,1,1,1.6,2.6366666666666667,1,1,FALSE,FALSE,0,FALSE
16204453,22/06/2026 09:25:59,complete,No threat,SmileNegTen,negative,ten,I agree to participate,16,4,5,6,5,5.333333333333333,2,1,2,1.6666666666666667,3,2,2,2.3333333333333335,6,6,6,5,5.75,2,1,1,2,1,1.4,2,6,4,8,3,4,4,3.6666666666666665,2,1,2,1.6666666666666667,3,3,3,3,6,6,6,5,5.75,3,1,1,2,1,1.6,1,9,2,5,3,3,4,3.3333333333333335,2,2,2,2,5,3,5,4.333333333333333,6,6,6,5,5.75,2,1,1,2,1,1.4,4,7,3,7,3,2,3,2.6666666666666665,5,4,4,4.333333333333333,5,5,5,5,6,6,6,5,5.75,3,1,1,2,1,1.6,4,8,7,To see how people see their lives after experiencing trauma.,You didn't really record me.,39,Male,White,NA,"Yes, you may use my data in the research.",NA,1,1,0,2.5605192307692306,0,1,TRUE,TRUE,0,FALSE
16204454,22/06/2026 14:25:50,complete,Threat,NaturaPosTen,positive,ten,I agree to participate,16,4,1,1,1,1,1,1,1,1,1,NA,1,1,4,3,4,4,3.75,1,1,1,1,1,1,2,6,4,8,1,1,1,1,1,1,1,1,2,2,2,2,4,NA,4,3,3.6666666666666665,1,1,1,1,1,1,1,9,2,5,1,1,1,1,1,1,1,1,2,2,2,2,4,3,4,4,3.75,1,1,1,1,1,1,4,7,3,7,2,2,1,1.6666666666666667,NA,NA,1,1,1,1,1,1,4,4,3,4,3.75,1,1,1,1,1,1,4,8,7,to test my patience and pov of myself while performing task i most likely didnt feel like doing.,im not sure,35,Male,White,no issues that i can think of,"Yes, you may use my data in the research.",NA,1,1,0.00328846153846153,2.3466153846153848,0,1,TRUE,TRUE,0,FALSE
16204455,22/06/2026 15:25:50,complete,No threat,SmilePosTen,positive,ten,I agree to participate,16,4,3,1,3,2.3333333333333335,1,1,1,1,1,2,1,1.3333333333333333,6,6,6,5,5.75,4,1,1,2,1,1.8,2,6,4,8,4,3,3,3.3333333333333335,1,1,1,1,1,1,1,1,6,6,6,6,6,3,1,1,1,1,1.4,1,9,2,5,2,3,3,2.6666666666666665,1,1,1,1,2,1,3,2,6,6,6,6,6,3,1,1,1,1,1.4,4,7,3,7,2,1,2,1.6666666666666667,1,1,1,1,3,1,3,2.3333333333333335,6,6,6,6,6,3,1,1,1,1,1.4,4,8,7,I don't know.,To see how quickly people can solve problems if looking at positive images?,54,Female,White,No issues but the instructions for task 3 were confusing. Not sure if I did it right.,"Yes, you may use my data in the research.",NA,1,1,0.13413461538461538,3.872492380261248,0.03461538461538462,1,TRUE,TRUE,0,FALSE
16204457,22/06/2026 15:25:54,complete,Threat,NaturaNegOne,negative,one,I agree to participate,16,4,1,2,1,1.3333333333333333,1,2,1,1.3333333333333333,2,3,3,2.6666666666666665,5,5,6,5,5.25,4,2,2,3,2,2.6,2,6,4,8,2,3,2,2.3333333333333335,1,1,1,1,1,2,1,1.3333333333333333,5,5,6,5,5.25,4,1,1,1,1,1.6,1,9,2,5,1,1,1,1,2,1,1,1.3333333333333333,3,2,3,2.6666666666666665,5,5,6,5,5.25,4,1,1,2,2,2,4,7,3,7,1,1,1,1,3,2,2,2.3333333333333335,1,2,2,1.6666666666666667,5,5,5,5,5,4,1,1,2,2,2,4,8,7,NA,NA,50,Female,White,NA,"Yes, you may use my data in the research.",NA,1,1,0,3.294423076923077,0,1,TRUE,TRUE,0,FALSE
16204458,22/06/2026 14:25:57,complete,Threat,SmileNegTen,negative,ten,I agree to participate,16,4,2,1,2,1.6666666666666667,1,2,2,1.6666666666666667,1,1,1,1,2,2,2,1,1.75,3,2,2,1,2,2,2,6,4,8,1,1,1,1,4,3,3,3.3333333333333335,4,2,4,3.3333333333333335,2,2,2,1,1.75,4,2,2,3,3,2.8,1,9,2,5,1,1,1,1,5,4,4,4.333333333333333,4,3,4,3.6666666666666665,2,2,1,2,1.75,3,2,2,4,2,2.6,4,7,3,7,1,1,1,1,6,5,5,5.333333333333333,5,5,5,5,2,2,2,1,1.75,4,3,2,4,3,3.2,4,8,7,To see if people can control their facial expressions when being shown animal abuse,I have no idea,25,Female,Asian,None,"Yes, you may use my data in the research.",NA,1,1,0,0.7153733031674208,0,0.6929864253393665,FALSE,TRUE,0,FALSE
16204459,22/06/2026 14:25:56,complete,No threat,SmileNegOne,negative,one,I agree to participate,16,4,4,3,4,3.6666666666666665,2,1,1,1.3333333333333333,1,1,1,1,1,3,2,2,2,5,4,3,5,4,4.2,2,6,4,8,6,6,6,6,1,1,1,1,1,1,1,1,2,2,2,2,2,3,2,3,3,2,2.6,1,9,2,5,2,1,1,1.3333333333333333,6,5,NA,5.5,4,4,3,3.6666666666666665,1,2,1,1,1.25,5,5,4,5,4,4.6,4,7,3,7,1,1,1,1,7,5,5,5.666666666666667,3,4,3,3.3333333333333335,1,1,1,1,1,4,5,5,6,5,5,4,8,7,To see how mood is influenced by activity and perception.,I don't know.,55,Male,White,None.,"Yes, you may use my data in the research.",NA,1,1,2.539230769230769,1.0432075471698112,0.8846153846153845,0.4339622641509432,FALSE,FALSE,0,FALSE
16204461,22/06/2026 15:26:16,complete,No threat,SmileNegTen,negative,ten,I agree to participate,16,4,4,4,4,4,1,1,1,1,1,1,1,1,5,5,5,1,4,5,4,1,5,3,3.6,2,6,4,8,4,4,4,4,1,1,1,1,1,1,1,1,5,5,3,1,3.5,4,2,1,3,2,2.4,1,9,2,5,4,1,2,2.3333333333333335,4,1,1,2,1,1,3,1.6666666666666667,5,5,3,1,3.5,5,4,1,3,3,3.2,4,7,3,7,1,1,1,1,6,1,2,3,5,5,1,3.6666666666666665,5,3,5,1,3.5,5,3,1,5,3,3.4,4,8,7,To test an individual's emotions/reactions in certain situations.,The photos shown were not real.,22,Female,White,N/A,"Yes, you may use my data in the research.",NA,1,1,0.093438231292517,2.106056390556222,0,0.9175838335334132,TRUE,TRUE,0,FALSE
16204462,22/06/2026 15:26:03,complete,No threat,SmileNegTen,negative,ten,I agree to participate,16,4,4,5,5,4.666666666666667,1,1,1,1,1,1,1,1,5,5,6,2,4.5,4,1,1,2,2,2,2,6,4,8,3,5,3,3.6666666666666665,1,1,1,1,2,1,2,1.6666666666666667,3,5,5,2,3.75,4,1,1,2,2,2,1,9,2,5,1,1,1,1,7,6,6,6.333333333333333,7,7,5,6.333333333333333,4,5,5,3,4.25,4,1,1,2,2,2,4,7,3,7,1,1,1,1,7,7,7,7,6,7,7,6.666666666666667,4,5,5,2,4,4,1,1,2,2,2,4,8,7,I think this study wants to see the effects of disturbing images on a person's general feelings about their life and how emotional scenes can possibly alter one's view of one's life.,Focus and concentration - ability  to switch to easy math questions after seeing disturbing image,69,Female,White,no I don't  believe so,"Yes, you may use my data in the research.",NA,1,1,0.04298076923076922,0.1706429110105581,0,0.04038461538461538,FALSE,FALSE,0,FALSE
16204464,22/06/2026 15:26:07,complete,Threat,NaturaPosTen,positive,ten,I agree to participate,16,4,2,1,2,1.6666666666666667,1,1,1,1,4,4,4,4,5,6,5,5,5.25,5,1,1,1,1,1.8,2,6,4,8,6,4,4,4.666666666666667,1,1,1,1,2,1,2,1.6666666666666667,5,5,5,5,5,5,1,1,1,1,1.8,1,9,2,5,5,2,5,4,1,1,1,1,2,1,3,2,5,5,5,5,5,6,1,1,1,1,2,4,7,3,7,7,7,7,7,1,1,1,1,1,1,1,1,5,5,5,5,5,6,1,1,1,1,2,4,8,7,If we could follow directions and see if we're satisfied with life,The real reason for the study to be done such as how we feel about where we are in life,36,Female,White,"On the very first set of 10 images, there was one time when none of the picture showed up in my face probably dropped then because nothing was there, but that doesn't really compromise anything that just was a technical issue that happened. And it only happened once during the very first set of 10 images.","Yes, you may use my data in the research.",NA,1,1,2.1894807692307694,3.0357307692307693,0.7692307692307693,1,FALSE,FALSE,0,FALSE
16204465,22/06/2026 12:26:12,complete,No threat,NaturaPosTen,positive,ten,I agree to participate,16,4,2,2,2,2,1,1,1,1,1,1,1,1,3,6,3,1,3.25,1,1,1,1,1,1,2,6,4,8,2,2,2,2,1,1,1,1,1,1,1,1,2,6,2,1,2.75,1,1,1,1,1,1,1,9,2,5,2,2,2,2,1,1,1,1,1,1,1,1,2,6,2,1,2.75,1,1,1,1,1,1,4,7,3,7,3,3,3,3,1,1,1,1,1,1,1,1,3,6,2,1,3,1,1,1,1,1,1,4,8,7,no clue,i dont know,20,Male,White,n/a,"Yes, you may use my data in the research.",NA,1,1,0.00309803921568627,4.117647058823529e-4,0,0,FALSE,FALSE,0,FALSE
16204466,22/06/2026 15:26:13,complete,Threat,SmileNegOne,negative,one,I agree to participate,16,4,2,2,1,1.6666666666666667,2,1,1,1.3333333333333333,5,4,5,4.666666666666667,5,5,5,3,4.5,6,1,1,1,1,2,2,6,4,8,1,1,1,1,1,1,1,1,2,1,2,1.6666666666666667,5,5,5,3,4.5,6,1,1,1,1,2,1,9,2,5,1,1,1,1,1,1,1,1,6,1,6,4.333333333333333,5,5,5,3,4.5,6,1,1,1,1,2,4,7,3,7,1,1,1,1,1,1,1,1,4,1,4,3,5,5,5,3,4.5,6,1,1,1,1,2,4,8,7,Something to do with math and emotion,You tell me bro,40,Male,White,None,"Yes, you may use my data in the research.",NA,1,1,0.00923076923076922,0.4726923076923077,0,0.13461538461538464,FALSE,FALSE,0,FALSE
16204468,22/06/2026 15:26:56,complete,No threat,NaturaPosTen,positive,ten,I agree to participate,16,4,6,6,6,6,NA,1,1,1,1,6,1,2.6666666666666665,7,7,NA,7,7,1,1,1,1,1,1,2,6,4,8,6,6,6,6,6,1,1,2.6666666666666665,1,6,1,2.6666666666666665,6,6,6,6,6,1,1,1,1,1,1,1,9,2,5,6,6,6,6,6,1,1,2.6666666666666665,1,6,1,2.6666666666666665,6,6,6,6,6,1,1,1,1,1,1,4,7,3,7,6,6,6,6,6,1,1,2.6666666666666665,1,6,1,2.6666666666666665,6,6,6,6,6,1,1,1,1,1,1,4,8,7,about body movement and math test,about being attentive,28,Male,Black,No issue at all,"Yes, you may use my data in the research.",NA,1,1,0,2.478634238310709,0,0.9673076923076924,TRUE,TRUE,0,FALSE
16204469,22/06/2026 15:26:24,complete,Threat,SmilePosOne,positive,one,I agree to participate,16,4,3,4,3,3.3333333333333335,2,2,2,2,4,4,4,4,3,2,5,1,2.75,6,1,2,3,3,3,2,6,4,8,2,2,2,2,3,2,2,2.3333333333333335,3,3,3,3,2,1,5,1,2.25,6,2,2,2,2,2.8,1,9,2,5,4,3,2,3,2,1,1,1.3333333333333333,2,2,2,2,2,2,5,1,2.5,6,1,1,2,2,2.4,4,7,3,7,3,4,3,3.3333333333333335,1,2,1,1.3333333333333333,1,1,1,1,2,2,6,1,2.75,5,1,1,2,2,2.2,4,8,7,to see how the movements impacted how we feel,That you are more concerned about the feeling questionaires than the math problems,32,Female,White,NA,"Yes, you may use my data in the research.",NA,1,1,0,2.4353846153846153,0,1,TRUE,TRUE,0,FALSE
16204473,22/06/2026 15:26:37,complete,Threat,NaturaNegTen,negative,ten,I agree to participate,16,4,1,1,1,1,1,1,1,1,1,2,2,1.6666666666666667,5,5,7,5,5.5,1,1,1,1,1,1,2,6,4,8,1,1,1,1,1,1,1,1,1,1,1,1,5,5,7,5,5.5,1,1,1,1,1,1,1,9,2,5,1,2,1,1.3333333333333333,1,1,1,1,4,1,4,3,5,5,7,5,5.5,1,1,1,1,1,1,4,7,3,7,1,1,1,1,5,1,2,2.6666666666666665,2,2,2,2,5,5,7,5,5.5,1,1,1,2,1,1.2,4,8,7,"How emotions triggered by pictures that elicit aggravation, fear, or sadness impact overall feelings of depression and the impact on the ability to think",whatever the tru underlying purpose of the study is,45,Female,White,"I do not think it will compromise the quality, but for the first physical task the directions said to start once it went to the next screen, but once I clicked next, it started counting down immediately, before I even had time to put my hand behind my head.  The 4th physical task for the nose tapping was much better timed, but I am certian I did not get the full 5 blinks in (one per second) for the first one because of the way that it started.","Yes, you may use my data in the research.",NA,1,1,0.5328461538461539,2.550134615384615,0,1,TRUE,TRUE,0,FALSE
16204474,22/06/2026 15:26:41,complete,No threat,NaturaNegOne,negative,one,I agree to participate,16,4,4,2,3,3,1,1,1,1,1,1,2,1.3333333333333333,4,5,6,2,4.25,1,2,2,2,1,1.6,2,6,4,8,3,3,3,3,1,1,1,1,1,1,1,1,4,5,5,1,3.75,1,1,1,1,1,1,1,9,2,5,2,2,3,2.3333333333333335,2,1,1,1.3333333333333333,2,1,1,1.3333333333333333,3,5,5,1,3.5,1,1,1,1,1,1,4,7,3,7,3,2,3,2.6666666666666665,1,1,1,1,1,1,1,1,5,5,4,1,3.75,1,1,1,1,1,1,4,8,7,"I'm not sure, I would guess it's to see how faces react to things.","Maybe something with an AI, or the math questions were not important and it was to see if the face changes",29,Male,White,No issues at all,"Yes, you may use my data in the research.",NA,1,1,0,0.9315384615384616,0,1,FALSE,TRUE,0,FALSE
16204476,22/06/2026 15:26:51,complete,Threat,NaturaNegTen,negative,ten,I agree to participate,16,4,5,6,6,5.666666666666667,1,2,1,1.3333333333333333,1,1,1,1,6,6,6,6,6,1,1,1,1,1,1,2,6,4,8,1,1,1,1,1,1,1,1,1,1,1,1,6,6,6,6,6,2,1,1,1,1,1.2,1,9,2,5,1,1,1,1,1,1,1,1,6,5,4,5,6,6,6,6,6,3,1,1,NA,2,1.75,4,7,3,7,1,1,1,1,5,1,1,2.3333333333333335,6,6,6,6,6,6,6,6,6,3,1,1,5,2,2.4,4,8,7,To see how people react to different stimuli,That there may be random assignments,31,Male,Asian,It worked fine.,"Yes, you may use my data in the research.",NA,1,1,0.0535814479638009,1.448343137254902,0.04230769230769229,0.9823529411764708,FALSE,TRUE,0,FALSE
16204478,22/06/2026 15:26:55,complete,No threat,NaturaNegTen,negative,ten,I agree to participate,16,4,4,4,1,3,1,1,1,1,1,1,1,1,2,2,2,2,2,6,5,6,6,6,5.8,2,6,4,8,2,1,2,1.6666666666666667,1,1,1,1,4,4,4,4,2,2,2,2,2,6,6,6,6,6,6,1,9,2,5,1,1,1,1,3,1,1,1.6666666666666667,5,6,5,5.333333333333333,2,2,2,2,2,6,6,6,6,6,6,4,7,3,7,1,1,1,1,4,1,1,2,6,7,6,6.333333333333333,2,2,2,2,2,6,6,6,7,7,6.4,4,8,7,can people fake happiness,"im not sure, maybe about the study not being about math at all but about human emotions",38,Male,White,in the future you may want to mark your study as having sensitive or disturbing content to warn people about what they are going to see.,"Yes, you may use my data in the research.",NA,1,1,0,1.4399038461538465,0,0.8211538461538461,FALSE,TRUE,0,FALSE
16204480,22/06/2026 12:27:20,complete,Threat,NaturaPosOne,positive,one,I agree to participate,16,4,1,3,1,1.6666666666666667,1,1,1,1,2,3,3,2.6666666666666665,5,6,3,3,4.25,6,2,1,3,1,2.6,2,6,4,8,2,2,2,2,1,1,1,1,5,5,5,5,5,6,5,3,4.75,6,2,1,3,1,2.6,1,9,2,5,5,5,5,5,1,1,1,1,2,2,2,2,5,6,5,3,4.75,6,2,1,3,1,2.6,4,7,3,7,5,5,5,5,1,1,1,1,1,1,1,1,5,6,5,3,4.75,6,2,1,3,1,2.6,4,8,7,movements and images and how do they affect your mood,what the purpose is,29,Female,White,na,"Yes, you may use my data in the research.",NA,1,1,0,1.5740384615384615,0,0.7692307692307693,TRUE,TRUE,0,FALSE
16204486,22/06/2026 14:27:49,complete,No threat,SmileNegTen,negative,ten,I agree to participate,16,4,4,5,6,5,1,2,1,1.3333333333333333,1,1,1,1,7,6,6,1,5,1,1,1,1,1,1,2,6,4,8,1,6,5,4,1,1,1,1,1,1,1,1,5,6,5,1,4.25,1,1,1,1,1,1,1,9,2,5,1,1,1,1,6,5,4,5,1,1,1,1,6,5,NA,1,4,2,1,1,1,1,1.2,4,7,3,7,1,1,1,1,6,NA,5,5.5,1,1,5,2.3333333333333335,6,5,6,1,4.5,3,1,1,2,1,1.6,4,8,7,To see how images can effect someone's outlook on life.,I am thinking it is something about following the emotions of others.,64,Female,White,"I had no issues in this study. Good luck with your research.
Pam","Yes, you may use my data in the research.",NA,1,1,7.692307692307691e-5,1.8956138763197588,0,0.969155354449472,TRUE,TRUE,0,FALSE
16204487,22/06/2026 12:27:57,complete,No threat,NaturaPosOne,positive,one,I agree to participate,16,4,6,6,6,6,2,2,2,2,2,2,2,2,6,6,6,6,6,1,1,1,1,1,1,2,6,4,8,7,6,7,6.666666666666667,1,1,1,1,1,1,1,1,7,7,7,7,7,1,1,1,1,1,1,1,9,2,5,6,6,6,6,1,1,1,1,1,1,1,1,6,6,6,6,6,1,1,1,1,1,1,4,7,3,7,6,6,6,6,1,1,1,1,1,1,1,1,7,7,7,7,7,1,1,1,1,1,1,4,8,7,maybe to see my mood change,maybe to stimulate my brain,20,Female,White,none,"Yes, you may use my data in the research.",NA,1,1,0,0,0,0,FALSE,FALSE,0,FALSE
16204491,22/06/2026 15:28:15,complete,Threat,NaturaNegOne,negative,one,I agree to participate,16,4,2,4,2,2.6666666666666665,1,1,1,1,NA,1,1,1,1,1,1,1,1,2,1,1,2,2,1.6,2,6,4,8,2,2,3,2.3333333333333335,1,1,1,1,1,3,1,1.6666666666666667,1,2,2,2,1.75,1,1,1,1,1,1,1,9,2,5,1,1,1,1,2,2,2,2,2,2,2,2,1,1,1,1,1,2,2,2,2,2,2,4,7,3,7,1,1,1,1,2,2,2,2,2,2,NA,2,1,1,1,1,1,2,2,2,2,2,2,4,8,7,Following instructions,How do normal people follow instructions and how they felt about it afterwards,74,Male,White,NA,"Yes, you may use my data in the research.",NA,0.5576923076923077,1,0,0,0,0,FALSE,FALSE,0,FALSE
16204492,22/06/2026 12:28:24,complete,No threat,SmilePosTen,positive,ten,I agree to participate,16,4,1,1,1,1,1,1,1,1,1,1,2,1.3333333333333333,5,6,5,7,5.75,1,1,1,1,1,1,2,6,4,8,1,1,1,1,1,1,1,1,1,1,1,1,5,6,5,7,5.75,1,1,1,1,1,1,1,9,2,5,1,1,1,1,1,1,1,1,2,1,2,1.6666666666666667,5,6,5,7,5.75,1,1,1,1,1,1,4,7,3,7,1,1,2,1.3333333333333333,1,1,1,1,1,1,1,1,5,6,5,7,5.75,1,1,1,1,1,1,4,8,7,Not sure but if I was to guess I would say if being distracted changes the way you think or feel.,Pictures were all positive and sweet.,66,Female,White,None,"Yes, you may use my data in the research.",NA,0.8615384615384616,0.6936139332365747,0,1.082628809869376,0,0.6572206095791001,FALSE,FALSE,0,FALSE
16204494,22/06/2026 15:28:44,complete,No threat,NaturaNegOne,negative,one,I agree to participate,16,4,1,1,1,1,1,1,1,1,2,1,2,1.6666666666666667,5,5,5,5,5,2,2,2,2,2,2,2,6,4,8,1,1,1,1,1,1,1,1,2,2,2,2,5,5,5,5,5,2,2,2,2,2,2,1,9,2,5,NA,1,1,1,1,1,1,1,3,3,3,3,5,5,5,5,5,2,2,2,2,2,2,4,7,3,7,1,1,1,1,1,1,1,1,3,3,3,3,5,5,5,5,5,2,2,2,2,2,2,4,8,7,I believe the purpose of the study was to examine the correlation between performing tasks after movement versus being emotionally disturbed and performing tasks.,I belive it is to see if emotional state can be changed based on disturbing images and redundant tasks.,24,Female,White,NA,"Yes, you may use my data in the research.",NA,1,1,0,1.3811538461538462,0,1,FALSE,TRUE,0,FALSE
16204502,22/06/2026 15:30:08,complete,Threat,SmileNegOne,negative,one,I agree to participate,16,4,1,1,1,1,1,1,1,1,1,1,1,1,5,5,5,3,4.5,1,1,1,1,1,1,2,6,4,8,2,2,1,1.6666666666666667,1,1,1,1,1,1,2,1.3333333333333333,5,5,5,3,4.5,2,1,1,1,1,1.2,1,9,2,5,1,1,1,1,6,4,5,5,4,4,2,3.3333333333333335,5,5,5,2,4.25,2,1,1,1,1,1.2,4,7,3,7,1,1,1,1,3,4,3,3.3333333333333335,3,2,2,2.3333333333333335,5,5,5,3,4.5,2,1,1,1,1,1.2,4,8,7,To see how I would react to images maybe?,I honestly have no idea,20,Male,White,NA,"Yes, you may use my data in the research.",NA,1,1,0.34137254901960784,1.898653846153846,0,1,TRUE,TRUE,0,FALSE
16204532,22/06/2026 12:34:20,complete,Threat,NaturaNegTen,negative,ten,I agree to participate,16,4,4,4,6,4.666666666666667,1,1,1,1,1,1,1,1,7,7,7,7,7,1,1,1,1,1,1,2,6,4,8,4,5,5,4.666666666666667,1,1,1,1,1,1,NA,1,7,7,7,7,7,1,1,1,1,1,1,1,9,2,5,1,NA,1,1,4,1,2,2.3333333333333335,5,7,5,5.666666666666667,7,7,7,7,7,1,1,1,1,1,1,4,7,3,7,1,1,1,1,7,4,1,4,6,7,6,6.333333333333333,7,7,7,7,7,1,1,1,1,1,1,4,8,7,perception of one's ability to perform math tasks under emotional factors,no idea,51,Female,Asian,No further feedback,"Yes, you may use my data in the research.",NA,1,1,0.10740384615384616,1.174423076923077,0,0.19038461538461543,FALSE,FALSE,0,FALSE
16204928,22/06/2026 16:27:48,complete,No threat,SmilePosTen,positive,ten,I agree to participate,16,4,3,5,4,4,1,2,1,1.3333333333333333,2,2,3,2.3333333333333335,6,7,6,5,6,2,3,2,2,1,2,2,6,4,8,1,1,1,1,2,1,2,1.6666666666666667,2,2,1,1.6666666666666667,5,3,3,6,4.25,1,1,1,1,2,1.2,1,9,2,5,3,2,2,2.3333333333333335,2,1,1,1.3333333333333333,1,2,1,1.3333333333333333,5,3,5,3,4,3,2,2,1,2,2,4,7,3,7,2,2,1,1.6666666666666667,1,1,1,1,2,2,2,2,5,3,5,3,4,2,1,1,1,1,1.2,4,8,7,To find out if emotions and math are related,Video or audio quality in relation to my emoitions,24,Male,Black,NA,"Yes, you may use my data in the research.",NA,1,1,1.390065987933635,1.531406862745098,1,1,FALSE,FALSE,0,FALSE
16204929,22/06/2026 15:27:49,complete,No threat,SmilePosOne,positive,one,I agree to participate,16,4,1,1,1,1,1,1,1,1,1,1,1,1,6,6,6,7,6.25,2,3,2,1,2,2,2,6,4,8,1,1,1,1,1,1,1,1,7,6,7,6.666666666666667,6,6,7,6,6.25,2,1,1,1,1,1.2,1,9,2,5,1,1,1,1,1,1,1,1,5,4,5,4.666666666666667,6,7,6,6,6.25,2,1,1,1,1,1.2,4,7,3,7,1,1,1,1,2,1,1,1.3333333333333333,3,3,NA,3,6,6,7,6,6.25,2,1,1,1,1,1.2,4,8,7,To see how annoyed people are when asked to do things.,That the camera was not recording.,32,Female,Black,NA,"Yes, you may use my data in the research.",NA,1,1,0,0.8115384615384617,0,0.46153846153846145,FALSE,FALSE,0,FALSE
16204930,22/06/2026 16:27:54,complete,Threat,SmilePosTen,positive,ten,I agree to participate,16,4,3,4,2,3,1,1,1,1,3,3,3,3,2,6,1,1,2.5,4,6,6,5,6,5.4,2,6,4,8,3,3,3,3,1,1,1,1,4,1,4,3,2,6,2,2,3,5,5,5,5,5,5,1,9,2,5,5,3,2,3.3333333333333335,1,1,1,1,5,5,5,5,2,6,2,1,2.75,4,6,6,6,6,5.6,4,7,3,7,4,4,NA,4,1,1,1,1,4,1,4,3,2,6,2,2,3,5,5,5,5,5,5,4,8,7,"I think it told me at the beginning, something about emotions and the ability to do math",NA,23,Female,White,NA,"Yes, you may use my data in the research.",NA,1,0.9942307692307693,0.3919807692307693,3.0029615384615385,0.00384615384615384,0.9788461538461538,TRUE,TRUE,0,FALSE
16204931,22/06/2026 15:27:52,complete,Threat,NaturaPosOne,positive,one,I agree to participate,16,4,4,4,4,4,4,4,4,4,4,4,4,4,4,4,6,7,5.25,5,1,1,1,1,1.8,2,6,4,8,4,4,4,4,1,1,1,1,1,1,5,2.3333333333333335,4,4,4,7,4.75,5,1,1,1,1,1.8,1,9,2,5,3,3,3,3,3,3,3,3,4,3,5,4,4,4,5,7,5,5,1,1,1,1,1.8,4,7,3,7,5,5,4,4.666666666666667,5,4,4,4.333333333333333,1,4,4,3,4,4,6,7,5.25,5,1,1,1,1,1.8,4,8,7,"To solve math problems
",I'm not sure. You have not told me,22,Female,White,"None
","Yes, you may use my data in the research.",NA,1,1,0.2146153846153846,2.1746153846153846,0,0.8076923076923078,TRUE,TRUE,0,FALSE
16204932,22/06/2026 15:27:54,complete,Threat,NaturaPosOne,positive,one,I agree to participate,16,4,1,1,1,1,1,NA,1,1,2,1,2,1.6666666666666667,6,5,7,7,6.25,4,1,1,1,1,1.6,2,6,4,8,1,1,1,1,1,1,1,1,2,1,2,1.6666666666666667,6,5,7,7,6.25,4,1,1,1,1,1.6,1,9,2,5,2,2,2,2,1,1,1,1,2,1,3,2,6,5,7,7,6.25,4,1,1,1,1,1.6,4,7,3,7,2,1,1,1.3333333333333333,1,1,1,1,1,1,2,1.3333333333333333,6,5,7,7,6.25,4,1,1,1,1,1.6,4,8,7,To see how different behaviors impact how the images affect us.,The reason for it. Some of the conditions you adjusted. What other people might've seen different from us.,43,Male,White,No issues. Hopefully I did the activities properly.,"Yes, you may use my data in the research.",NA,1,1,0,3.2903846153846152,0,1,TRUE,TRUE,0,FALSE
16204933,22/06/2026 15:28:11,complete,Threat,NaturaPosTen,positive,ten,I agree to participate,16,4,1,3,2,2,5,4,2,3.6666666666666665,6,3,1,3.3333333333333335,4,2,4,2,3,6,3,4,5,5,4.6,2,6,4,8,1,2,2,1.6666666666666667,3,3,1,2.3333333333333335,1,1,3,1.6666666666666667,3,6,5,4,4.5,6,6,5,6,7,6,1,9,2,5,1,1,1,1,3,2,1,2,6,2,1,3,4,3,3,5,3.75,5,3,2,6,6,4.4,4,7,3,7,2,3,4,3,3,1,1,1.6666666666666667,3,3,1,2.3333333333333335,4,2,4,3,3.25,4,3,5,3,5,4,4,8,7,Reasoning,body reflex,27,Male,Black,Technical problems,"Yes, you may use my data in the research.",NA,1,0.986425339366516,0.02689692307692307,0.6819128657616893,0,0.8390120663650076,FALSE,TRUE,0,FALSE
16204934,22/06/2026 16:27:59,complete,No threat,NaturaPosOne,positive,one,I agree to participate,16,4,1,1,1,1,1,4,5,3.3333333333333335,2,2,2,2,2,2,3,1,2,2,6,7,6,5,5.2,2,6,4,8,1,1,1,1,1,1,2,1.3333333333333333,1,1,1,1,2,2,2,1,1.75,2,6,7,6,6,5.4,1,9,2,5,1,1,1,1,1,1,1,1,3,1,1,1.6666666666666667,2,2,2,1,1.75,2,6,7,6,6,5.4,4,7,3,7,5,5,5,5,1,1,1,1,1,1,1,1,2,2,2,1,1.75,2,6,7,6,5,5.2,4,8,7,I don't know. It was very confusing.,I don't know and I'm nervous to find out.,48,Female,White,I didn't have any issues. I paid attention and completed the study to the best of my abilities.,"Yes, you may use my data in the research.",NA,1,1,3.8461538461538456e-4,2.439230769230769,0,1,TRUE,TRUE,0,FALSE
16204935,22/06/2026 15:27:58,complete,No threat,SmileNegTen,negative,ten,I agree to participate,16,4,1,1,6,2.6666666666666665,1,1,1,1,1,1,1,1,5,5,3,2,3.75,1,1,1,1,1,1,2,6,4,8,1,1,6,2.6666666666666665,1,1,1,1,1,1,1,1,4,4,5,1,3.5,1,1,1,1,1,1,1,9,2,5,1,1,6,2.6666666666666665,1,1,1,1,1,1,1,1,5,4,5,1,3.75,1,1,1,1,1,1,4,7,3,7,1,1,5,2.3333333333333335,1,1,1,1,1,1,1,1,4,5,5,1,3.75,1,1,1,1,1,1,4,8,7,To see if people can follow directions,Not sure,23,Female,White,NA,"Yes, you may use my data in the research.",NA,1,1,0.05817307692307694,7.499999999999996e-4,0,0,FALSE,FALSE,0,FALSE
16204936,22/06/2026 16:27:59,complete,Threat,NaturaNegOne,negative,one,I agree to participate,16,4,1,1,1,1,1,1,1,1,1,1,1,1,4,4,4,4,4,5,1,1,1,1,1.8,2,6,4,8,1,1,1,1,1,1,1,1,4,4,4,4,4,4,4,4,4,6,1,1,1,1,2,1,9,2,5,1,1,1,1,1,1,1,1,3,3,3,3,4,4,4,4,4,6,1,1,1,1,2,4,7,3,7,1,1,1,1,1,1,1,1,1,1,1,1,4,4,4,4,4,5,1,1,1,1,1.8,4,8,7,Seeing how annoyed people got with it,I do not know,34,Male,White,NA,"Yes, you may use my data in the research.",NA,1,1,0,0.10826923076923076,0,0.09615384615384612,FALSE,FALSE,0,FALSE
16204937,22/06/2026 16:28:04,complete,Threat,SmileNegTen,negative,ten,I agree to participate,16,4,4,3,4,3.6666666666666665,1,1,1,1,1,1,1,1,4,4,4,1,3.25,2,1,1,2,2,1.6,2,6,4,8,4,4,4,4,1,1,1,1,1,1,1,1,3,3,3,1,2.5,2,1,1,2,2,1.6,1,9,2,5,1,1,1,1,5,1,1,2.3333333333333335,4,4,4,4,3,4,4,1,3,2,1,1,2,2,1.6,4,7,3,7,1,1,1,1,4,1,1,2,5,5,5,5,2,3,3,1,2.25,2,1,1,2,2,1.6,4,8,7,to see how negative images could change mood,if we can follow instructions while be distracted by images,55,Female,Black,none,"Yes, you may use my data in the research.",NA,1,1,4.000000000000002e-5,2.7787737556561085,0,1,TRUE,TRUE,0,FALSE
16204939,22/06/2026 16:28:06,complete,Threat,SmileNegTen,negative,ten,I agree to participate,16,4,1,1,1,1,1,1,1,1,2,1,5,2.6666666666666665,6,6,6,5,5.75,6,2,2,5,2,3.4,2,6,4,8,2,2,2,2,2,2,2,2,7,6,7,6.666666666666667,6,6,6,5,5.75,6,2,2,6,2,3.6,1,9,2,5,1,1,1,1,7,6,6,6.333333333333333,7,7,7,7,6,6,6,5,5.75,5,2,2,5,2,3.2,4,7,3,7,1,1,1,1,7,6,6,6.333333333333333,7,7,7,7,6,6,6,5,5.75,6,2,2,5,2,3.4,4,8,7,no idea. I guess to see if people can hold an expression while looking at horrible things. and also that if I would follow instructions like a monkey,I have no idea,39,Female,White,"Those were HORRIFIC pictures, you should include a BIG disclaimer before showing those, I felt like a I was a hostage! so horrible.","Yes, you may use my data in the research.",NA,1,1,0.00890384615384615,2.0537556561085974,0,0.9647058823529412,TRUE,TRUE,0,FALSE
16204940,22/06/2026 16:27:58,complete,No threat,NaturaPosTen,positive,ten,I agree to participate,16,4,1,1,2,1.3333333333333333,3,1,1,1.6666666666666667,3,2,4,3,5,5,5,1,4,4,1,1,2,3,2.2,2,6,4,8,4,2,3,3,1,1,1,1,1,1,1,1,5,4,5,1,3.75,4,1,1,1,1,1.6,1,9,2,5,5,4,5,4.666666666666667,1,1,1,1,1,1,1,1,4,4,5,1,3.5,4,1,1,1,1,1.6,4,7,3,7,5,5,5,5,1,1,1,1,1,1,1,1,5,4,5,1,3.75,4,1,1,1,1,1.6,4,8,7,To determine what the emotional results were of looking at pleasant photos as opposed to mundane tasks,not sure,51,Female,White,"I apologize if my glasses created a glare, I removed them for some of the testing","Yes, you may use my data in the research.",NA,0.9980769230769232,0.6854862119013062,0.01413461538461538,1.6868153120464442,0,0.6854862119013062,FALSE,FALSE,0,FALSE
16204941,22/06/2026 16:28:03,complete,No threat,NaturaPosTen,positive,ten,I agree to participate,16,4,NA,NA,4,4,3,4,5,4,3,5,3,3.6666666666666665,1,1,1,1,1,4,2,4,5,5,4,2,6,4,8,5,4,5,4.666666666666667,2,4,3,3,2,2,2,2,3,5,2,3,3.25,5,3,4,3,3,3.6,1,9,2,5,2,2,2,2,4,6,5,5,3,2,2,2.3333333333333335,2,3,5,2,3,5,4,3,2,4,3.6,4,7,3,7,5,4,5,4.666666666666667,1,1,1,1,1,1,1,1,2,6,6,1,3.75,1,1,1,1,3,1.4,4,8,7,To check on image displays of faces if they affect how we feel our own emotions and interpret our own hopes fears etc,The mirroring effect of faces and facial expressions in affecting positivity or negativity in daily life,33,Male,Mixed,No issues!,"Yes, you may use my data in the research.",NA,1,1,0.3257953555878084,0.3299335994194485,0,0,FALSE,FALSE,0,TRUE
16204942,22/06/2026 16:28:06,complete,Threat,SmileNegOne,negative,one,I agree to participate,16,4,4,4,4,4,1,1,1,1,1,1,1,1,1,2,2,2,1.75,4,7,7,6,6,6,2,6,4,8,4,4,4,4,1,1,1,1,1,1,1,1,1,2,2,2,1.75,6,6,6,6,6,6,1,9,2,5,2,2,2,2,5,1,1,2.3333333333333335,1,1,2,1.3333333333333333,1,2,2,1,1.5,6,6,6,6,6,6,4,7,3,7,2,2,2,2,5,2,2,3,2,2,2,2,1,2,2,2,1.75,6,6,6,6,6,6,4,8,7,To distract you from the math problems.,Why would yall show disturbing images and tell us to smile at them?,21,Female,White,none,"Yes, you may use my data in the research.",NA,1,1,0,1.3813461538461538,0,1,FALSE,TRUE,0,FALSE
16204943,22/06/2026 15:28:08,complete,Threat,NaturaPosOne,positive,one,I agree to participate,16,4,1,1,1,1,1,1,1,1,1,1,1,1,7,7,7,1,5.5,2,1,1,1,1,1.2,2,6,4,8,1,1,1,1,1,1,1,1,2,1,3,2,7,7,7,1,5.5,2,1,1,1,1,1.2,1,9,2,5,5,2,4,3.6666666666666665,1,1,1,1,1,1,1,1,7,7,7,1,5.5,2,1,1,1,1,1.2,4,7,3,7,1,1,1,1,1,1,1,1,1,1,1,1,7,7,7,1,5.5,2,1,1,1,1,1.2,4,8,7,To see how the physical movements influence people's emotion and how they did the math problems.,Not sure,20,Male,Other,NA,"Yes, you may use my data in the research.",NA,1,1,0.07173076923076924,2.4026923076923077,0,1,TRUE,TRUE,0,FALSE
16204944,22/06/2026 16:28:09,complete,No threat,SmilePosOne,positive,one,I agree to participate,16,4,1,1,1,1,1,1,1,1,1,1,1,1,5,5,5,2,4.25,6,1,1,1,1,2,2,6,4,8,2,2,2,2,1,1,1,1,1,1,1,1,5,5,5,2,4.25,6,1,1,1,1,2,1,9,2,5,1,1,1,1,1,1,1,1,3,3,4,3.3333333333333335,5,5,5,2,4.25,6,1,1,1,1,2,4,7,3,7,3,3,3,3,1,1,1,1,1,1,1,1,5,5,5,2,4.25,6,1,1,1,1,2,4,8,7,not sure tbh,mundane task response?,28,Male,White,"I was confused on the first part, my bad, failed to blink properly. May God bless y'all and have a great day!","Yes, you may use my data in the research.",NA,1,1,0.1925000000000001,1.1934615384615384,0,0.5192307692307689,FALSE,TRUE,0,FALSE
16204945,22/06/2026 15:28:09,complete,No threat,NaturaNegOne,negative,one,I agree to participate,16,4,2,3,3,2.6666666666666665,1,1,1,1,1,2,2,1.6666666666666667,4,4,5,3,4,4,1,1,2,1,1.8,2,6,4,8,1,1,1,1,1,1,1,1,1,1,1,1,3,4,5,3,3.75,4,1,1,1,1,1.6,1,9,2,5,1,1,1,1,4,1,1,2,1,1,1,1,4,4,5,3,4,4,1,1,1,3,2,4,7,3,7,1,1,1,1,4,1,3,2.6666666666666665,4,4,4,4,4,4,5,3,4,4,3,1,4,4,3.2,4,8,7,I honestly do not know.,That you are collecting information for AI.,47,Female,Black,N/A,"Yes, you may use my data in the research.",NA,1,1,1.272549019607843,3.6268627450980393,0.8823529411764706,1,TRUE,FALSE,0,FALSE
16204946,22/06/2026 16:28:15,complete,No threat,NaturaPosOne,positive,one,I agree to participate,16,4,1,1,1,1,1,1,1,1,5,1,5,3.6666666666666665,6,6,6,6,6,3,1,1,1,1,1.4,2,6,4,8,1,1,1,1,1,1,1,1,1,1,1,1,6,6,6,6,6,5,1,1,1,1,1.8,1,9,2,5,1,1,1,1,1,1,1,1,5,4,5,4.666666666666667,6,6,6,6,6,6,1,1,1,1,2,4,7,3,7,1,1,1,1,1,1,1,1,6,4,6,5.333333333333333,6,6,6,6,6,6,1,1,1,1,2,4,8,7,something to do with AI,N/A.,36,Female,White,NA,"Yes, you may use my data in the research.",NA,1,1,0,1.4332692307692307,0,0.9807692307692308,FALSE,TRUE,0,FALSE
16204947,22/06/2026 16:28:12,complete,Threat,SmileNegOne,negative,one,I agree to participate,16,4,1,1,1,1,1,1,1,1,1,1,1,1,4,4,3,3,3.5,4,4,4,1,6,3.8,2,6,4,8,1,1,1,1,1,1,1,1,1,1,1,1,4,3,4,3,3.5,2,2,2,1,6,2.6,1,9,2,5,1,1,1,1,6,4,4,4.666666666666667,1,1,1,1,4,3,4,3,3.5,4,4,3,3,6,4,4,7,3,7,1,1,1,1,5,3,2,3.3333333333333335,3,2,6,3.6666666666666665,4,3,3,3,3.25,3,3,3,1,6,3.2,4,8,7,To see if any of the images or physical actitivities changed the way we felt about ourselves.,How perception is tied to our own emotions and life,33,Female,White,NA,"Yes, you may use my data in the research.",NA,1,1,0.4436538461538462,3.8303846153846153,0,1,TRUE,TRUE,0,FALSE
16204948,22/06/2026 15:28:14,complete,Threat,NaturaNegTen,negative,ten,I agree to participate,16,4,1,1,1,1,5,5,6,5.333333333333333,4,4,5,4.333333333333333,1,1,1,1,1,6,7,7,7,7,6.8,2,6,4,8,1,1,1,1,4,4,5,4.333333333333333,4,5,5,4.666666666666667,1,1,1,1,1,6,7,7,7,7,6.8,1,9,2,5,1,1,1,1,4,4,4,4,6,4,5,5,1,1,1,1,1,6,7,7,7,7,6.8,4,7,3,7,1,1,1,1,4,5,5,4.666666666666667,5,5,4,4.666666666666667,1,1,1,1,1,6,7,7,7,7,6.8,4,8,7,Possibly to gauge the effect math has on emotional states.,I honestly have no clue.,42,Male,White,NA,"Yes, you may use my data in the research.",NA,1,0.9769230769230768,0.26853846153846156,0.42615384615384616,0,0.00576923076923076,FALSE,FALSE,0,FALSE
16204949,22/06/2026 16:28:16,complete,No threat,NaturaNegOne,negative,one,I agree to participate,16,4,4,4,4,4,1,1,1,1,1,1,1,1,5,6,6,6,5.75,1,1,1,1,1,1,2,6,4,8,4,4,4,4,1,1,1,1,1,1,1,1,5,6,6,6,5.75,1,1,1,1,1,1,1,9,2,5,4,4,4,4,1,1,NA,1,1,1,1,1,5,6,6,6,5.75,1,1,1,1,1,1,4,7,3,7,4,4,4,4,1,1,1,1,1,1,1,1,5,6,6,6,5.75,1,1,1,1,1,1,4,8,7,to see how people perceive being filmed,not sure,38,Male,White,NA,"Yes, you may use my data in the research.",NA,1,1,0.3317307692307692,2.1925,0,1,TRUE,TRUE,0,FALSE
16204950,22/06/2026 16:28:15,complete,Threat,SmileNegTen,negative,ten,I agree to participate,16,4,5,4,3,4,1,1,1,1,1,1,1,1,6,6,6,1,4.75,3,1,1,2,1,1.6,2,6,4,8,5,6,5,5.333333333333333,1,1,1,1,1,1,1,1,6,6,6,1,4.75,2,1,1,2,1,1.4,1,9,2,5,1,1,1,1,1,1,1,1,7,7,7,7,6,6,6,1,4.75,3,1,1,2,1,1.6,4,7,3,7,3,3,2,2.6666666666666665,5,1,1,2.3333333333333335,4,1,1,2,6,6,6,1,4.75,2,1,1,2,1,1.4,4,8,7,The purpose of the study was to see if doing physical activities would affect accuracy of doing simple math problems.,How different physical activities would affect people differently while doing math problems.,46,Male,Asian,I had no issues that would compromise the quality of data for the study.,"Yes, you may use my data in the research.",NA,1,1,0.5880399698340875,1.0672745098039216,0,0.00392156862745097,FALSE,FALSE,0,FALSE
16204951,22/06/2026 16:28:26,complete,Threat,SmileNegOne,negative,one,I agree to participate,16,4,7,6,6,6.333333333333333,1,1,1,1,1,1,1,1,6,6,7,5,6,3,1,1,1,1,1.4,2,6,4,8,7,6,7,6.666666666666667,1,1,1,1,1,1,1,1,6,6,7,6,6.25,1,1,1,1,1,1,1,9,2,5,4,4,5,4.333333333333333,4,3,3,3.3333333333333335,3,3,3,3,6,6,7,6,6.25,1,1,1,1,1,1,4,7,3,7,7,6,6,6.333333333333333,1,1,1,1,1,1,1,1,6,6,7,6,6.25,2,1,1,1,1,1.2,4,8,7,To see how physical movements affect perfomance on maths problems,To see if people can actually solve simple maths problems.,25,Male,Black,I did not experience any issue.,"Yes, you may use my data in the research.",NA,1,1,0.33980392156862743,4.191346153846154,0,1,TRUE,TRUE,0,FALSE
16204953,22/06/2026 16:28:23,complete,Threat,NaturaPosTen,positive,ten,I agree to participate,16,4,1,1,1,1,4,4,NA,4,6,5,5,5.333333333333333,4,4,5,4,4.25,6,3,3,4,4,4,2,6,4,8,1,1,1,1,3,3,3,3,7,7,7,7,4,4,5,4,4.25,6,4,3,4,4,4.2,1,9,2,5,1,1,1,1,4,3,3,3.3333333333333335,7,7,7,7,4,4,5,4,4.25,6,4,3,4,4,4.2,4,7,3,7,1,1,1,1,3,2,4,3,6,6,6,6,4,4,5,4,4.25,6,3,3,4,4,4,4,8,7,unsure,reactions to photos,43,Female,Black,na,"Yes, you may use my data in the research.",NA,0,0.45384615384615384,0,0.4328310708898944,0,0.2696078431372549,FALSE,FALSE,0,FALSE
16204955,22/06/2026 16:28:22,complete,Threat,SmileNegTen,negative,ten,I agree to participate,16,4,3,3,4,3.3333333333333335,3,1,1,1.6666666666666667,1,1,4,2,4,4,5,3,4,4,3,2,3,4,3.2,2,6,4,8,3,4,3,3.3333333333333335,1,1,1,1,1,2,2,1.6666666666666667,4,3,4,3,3.5,1,2,1,1,2,1.4,1,9,2,5,1,2,NA,1.5,5,4,NA,4.5,2,3,3,2.6666666666666665,4,4,3,2,3.25,2,4,3,1,2,2.4,4,7,3,7,3,2,1,2,5,NA,2,3.5,2,NA,2,2,3,4,4,3,3.5,1,1,2,2,3,1.8,4,8,7,To check how a human being operate and how they feel throughout the study,might be how a body and mind can change through out the day,42,Female,Black,I had no issue,"Yes, you may use my data in the research.",NA,0.917948717948718,1,0.19825942684766215,0.2750188536953243,0.10158371040723982,0.17843137254901958,FALSE,FALSE,0,FALSE
16204956,22/06/2026 13:28:25,complete,No threat,SmilePosOne,positive,one,I agree to participate,16,4,1,1,1,1,1,1,1,1,2,2,3,2.3333333333333335,6,6,6,6,6,3,1,1,1,1,1.4,2,6,4,8,1,1,1,1,1,1,1,1,3,2,4,3,6,6,6,6,6,2,1,1,1,1,1.2,1,9,2,5,3,2,3,2.6666666666666665,1,1,1,1,1,1,2,1.3333333333333333,6,6,6,6,6,2,1,1,1,1,1.2,4,7,3,7,4,3,4,3.6666666666666665,1,1,1,1,1,1,1,1,6,6,6,6,6,2,1,1,1,1,1.2,4,8,7,"I would imagine that the purpose of this study was to test how much being forced to do a task versus doing that task naturally would impact one's emotions (e.g., for the tasks where I either was asked to smile and look at a puppy or look at a puppy and react as I naturally would).","Perhaps that some of the physical movements were not part of the real experiment, but were just there so that participants do not think too hard about the actual task.",26,Male,White,I had no issues!  The study worked perfectly for me.,"Yes, you may use my data in the research.",NA,1,1,0.3094230769230769,1.92,0.75,1,TRUE,FALSE,0,TRUE
16204958,22/06/2026 13:28:23,complete,No threat,SmileNegOne,negative,one,I agree to participate,16,4,5,5,4,4.666666666666667,1,3,1,1.6666666666666667,2,1,1,1.3333333333333333,3,3,3,5,3.5,1,1,1,1,1,1,2,6,4,8,1,1,2,1.3333333333333333,1,1,1,1,1,1,1,1,5,5,5,5,5,2,1,1,1,1,1.2,1,9,3,5,1,1,1,1,3,4,2,3,5,3,5,4.333333333333333,5,5,5,4,4.75,2,1,1,1,1,1.2,4,7,3,7,2,2,2,2,5,4,4,4.333333333333333,2,2,2,2,5,5,5,5,5,2,1,1,1,1,1.2,3,8,7,to test how we felt about our own life after seeing the pictures.,that the faces and things were supposed to do were apart of the research.,31,Female,White,n/a,"Yes, you may use my data in the research.",NA,1,1,0.00788461538461538,2.5964705882352943,0,1,TRUE,TRUE,2,FALSE
16204960,22/06/2026 15:28:27,complete,Threat,SmileNegOne,negative,one,I agree to participate,16,4,1,1,1,1,1,1,1,1,1,1,2,1.3333333333333333,1,1,4,1,1.75,1,1,1,1,1,1,2,0,4,8,2,2,1,1.6666666666666667,1,1,1,1,2,1,5,2.6666666666666665,1,1,4,1,1.75,1,1,1,1,1,1,1,9,2,5,1,1,1,1,1,1,1,1,1,1,2,1.3333333333333333,1,1,4,1,1.75,1,1,1,1,1,1,4,7,3,7,1,1,1,1,1,1,1,1,1,1,5,2.3333333333333335,1,1,4,1,1.75,1,1,1,1,1,1,4,8,7,effects of physical movement on cognitive tasks,that some participants were a control group and did not have to perform the tasks,37,Female,Other,some of the instructions in the study were confusing-- for example when exactly to start the physical task or when to stop.  The instructions were layered in an unhelpful way that made understanding confusing.  The instruction in one example asked to look at the pictures belows and the pictures were to the left of the text,"Yes, you may use my data in the research.",NA,1,1,0.3507692307692308,2.2611538461538463,0,1,TRUE,TRUE,1,FALSE
16204962,22/06/2026 15:28:46,complete,Threat,SmilePosTen,positive,ten,I agree to participate,16,4,4,4,3,3.6666666666666665,2,3,3,2.6666666666666665,2,3,3,2.6666666666666665,5,6,6,6,5.75,2,2,2,2,2,2,2,6,4,8,4,4,4,4,1,1,1,1,1,1,1,1,6,6,6,6,6,1,1,1,1,1,1,1,9,2,5,2,2,2,2,1,2,2,1.6666666666666667,2,3,3,2.6666666666666665,6,6,6,6,6,2,1,1,2,1,1.4,4,7,3,7,4,4,4,4,1,1,1,1,1,1,1,1,6,6,6,6,6,1,1,1,1,1,1,4,8,7,"I have no idea, but it was interesting. I don't think it's about physical movement and math. The fake smiling was the hardest to do. Maybe it was about that?",I think some parts of the study matter and some don't? They don't all seem to go together.,52,Female,White,NA,"Yes, you may use my data in the research.",NA,1,1,0.28103242835595776,2.115223604826546,0.03876319758672699,1,TRUE,TRUE,0,FALSE
16204963,22/06/2026 16:28:33,complete,No threat,SmileNegTen,negative,ten,I agree to participate,16,4,5,4,5,4.666666666666667,1,1,1,1,1,1,NA,1,5,6,6,5,5.5,1,1,1,1,1,1,2,6,4,8,4,4,5,4.333333333333333,1,NA,1,1,2,1,1,1.3333333333333333,5,6,6,5,5.5,1,1,1,1,1,1,1,9,2,5,1,1,1,1,4,2,NA,3,5,3,2,3.3333333333333335,5,6,6,5,5.5,1,1,1,1,1,1,4,7,3,7,1,1,1,1,2,1,1,1.3333333333333333,2,2,2,2,5,6,6,5,5.5,1,1,1,1,1,1,4,8,7,What events/ actions affect mood,not sure,46,Female,White,none,"Yes, you may use my data in the research.",NA,1,1,0.06859433962264151,1.7617264150943397,0.00384615384615384,0.8057692307692308,TRUE,TRUE,0,FALSE
16204964,22/06/2026 16:28:35,complete,No threat,SmilePosTen,positive,ten,I agree to participate,16,4,4,6,4,4.666666666666667,1,1,1,1,3,1,6,3.3333333333333335,1,1,1,1,1,7,6,5,6,7,6.2,2,6,4,8,6,6,6,6,1,1,NA,1,1,1,1,1,4,4,4,4,4,5,5,4,5,4,4.6,1,9,2,5,6,5,6,5.666666666666667,4,1,1,2,1,1,1,1,1,1,1,1,1,7,6,5,6,6,6,4,7,3,7,7,7,7,7,1,1,1,1,1,1,1,1,2,2,2,2,2,5,5,5,5,4,4.8,4,8,7,I don't know unless it had something to do with your mind.  Manipulating it so you feel much better mentally?,See if you can perform math problems after seeing images of different things.,70,Female,White,I didn't have any problems.  I thought it flowed quite nicely.  Thank you and have a great day.,"Yes, you may use my data in the research.",NA,1,0.9826923076923076,1.515190045248869,0.4032107843137255,0.6187405731523379,0.09928355957767725,FALSE,FALSE,0,FALSE
16204965,22/06/2026 13:28:35,complete,Threat,SmilePosTen,positive,ten,I agree to participate,16,4,4,5,4,4.333333333333333,1,1,2,1.3333333333333333,1,1,1,1,3,3,3,2,2.75,2,4,4,6,4,4,2,6,4,8,4,5,5,4.666666666666667,1,2,2,1.6666666666666667,1,1,1,1,2,2,3,2,2.25,2,4,4,5,4,3.8,1,9,2,5,5,4,4,4.333333333333333,1,1,2,1.3333333333333333,2,1,2,1.6666666666666667,2,2,3,2,2.25,2,4,4,5,4,3.8,4,7,3,7,5,4,5,4.666666666666667,1,2,2,1.6666666666666667,1,1,1,1,2,2,3,2,2.25,2,4,4,5,4,3.8,4,8,7,Seeing how various physical activities and viewing certain images would affect our responses to both questions and math probems,"The true purpose of the study might not have had much to do with the math problems, it was testing something else",49,Male,White,"All went well, thank you!","Yes, you may use my data in the research.",NA,1,1,0,0.968650580551524,0,0.92322206095791,FALSE,TRUE,0,FALSE
16204966,22/06/2026 16:28:36,complete,No threat,NaturaNegTen,negative,ten,I agree to participate,16,4,1,1,1,1,1,1,1,1,3,3,3,3,1,2,2,1,1.5,7,6,7,7,6,6.6,2,6,4,8,1,1,1,1,1,1,1,1,1,1,1,1,1,1,2,1,1.25,7,7,7,7,6,6.8,1,9,2,5,1,1,1,1,5,5,5,5,1,1,1,1,1,1,1,1,1,7,7,7,7,6,6.8,4,7,3,7,1,1,1,1,7,6,6,6.333333333333333,5,5,5,5,1,1,2,1,1.25,7,6,7,6,6,6.4,4,8,7,To see how stress affects one's ability to solve problems and interpret one's reality,Maybe how stress affects how we interpret things logically?,64,Female,White,"There was a truck outside with some background noise, sorry.","Yes, you may use my data in the research.",NA,1,1,1.409259796806967,2.0959615384615384,0.6365747460087082,1,FALSE,FALSE,0,FALSE
16204967,22/06/2026 15:28:37,complete,No threat,NaturaNegTen,negative,ten,I agree to participate,16,4,1,2,1,1.3333333333333333,1,1,1,1,2,NA,3,2.5,4,5,6,4,4.75,5,1,3,1,2,2.4,2,6,4,8,3,3,3,3,1,1,1,1,6,6,5,5.666666666666667,5,5,5,5,5,6,1,2,1,2,2.4,1,9,2,5,3,2,1,2,NA,1,1,1,4,5,6,5,5,5,5,5,5,NA,2,2,1,2,1.75,4,7,3,7,2,1,1,1.3333333333333333,4,3,1,2.6666666666666665,6,6,5,5.666666666666667,NA,5,6,5,5.333333333333333,6,1,4,3,2,3.2,4,8,7,I have no idea.  This was really weird,I don't know.,36,Male,White,NA,"Yes, you may use my data in the research.",NA,0.8714804063860667,0.8711538461538462,0.04582873730043541,1.3183076923076924,0.04208998548621189,0.8788461538461538,FALSE,TRUE,0,FALSE
16204970,22/06/2026 13:28:53,complete,No threat,NaturaPosOne,positive,one,I agree to participate,16,4,NA,4,3,3.5,1,NA,NA,1,NA,1,1,1,3,1,1,1,1.5,4,7,6,7,7,6.2,2,6,4,8,2,3,2,2.3333333333333335,1,1,1,1,1,1,1,1,2,3,2,NA,2.3333333333333335,4,5,6,5,5,5,1,9,2,5,3,1,2,2,1,1,1,1,1,2,2,1.6666666666666667,2,2,2,1,1.75,4,6,6,6,6,5.6,4,7,3,7,2,3,4,3,1,1,2,1.3333333333333333,1,2,1,1.3333333333333333,1,2,2,1,1.5,5,6,7,7,7,6.4,4,8,7,How one feels about every day problems and issues.,If we follow instructions correctly,57,Female,White,None,"Yes, you may use my data in the research.",NA,1,1,0.5421153846153849,1.8894230769230769,0.3653846153846156,1,FALSE,TRUE,0,FALSE
16204971,22/06/2026 16:28:52,complete,No threat,NaturaPosOne,positive,one,I agree to participate,16,4,6,5,5,5.333333333333333,4,2,2,2.6666666666666665,2,2,3,2.3333333333333335,4,3,4,2,3.25,4,3,2,3,2,2.8,2,6,4,8,5,5,5,5,2,2,2,2,2,2,2,2,3,4,3,2,3,4,2,2,3,2,2.6,1,9,2,5,3,2,3,2.6666666666666665,4,2,2,2.6666666666666665,4,2,3,3,3,4,4,2,3.25,4,2,2,3,2,2.6,4,7,3,7,5,6,5,5.333333333333333,1,2,1,1.3333333333333333,2,2,2,2,4,3,4,2,3.25,4,2,2,3,2,2.6,4,8,7,To see how envoked emotion through images  affects mathicaticatl performance and mood over time,The true reasoning for pefomring physcial actions and the mathamtical problems them selves felt more like a side then main function of the study,31,Male,Black,I was a bit confused how to mimic the faical expersion of the second set of images but other than that I had no issues during the study,"Yes, you may use my data in the research.",NA,1,1,0.7521153846153846,0.00615384615384615,0.7307692307692308,0,FALSE,FALSE,0,FALSE
16204972,22/06/2026 16:28:54,complete,No threat,NaturaPosTen,positive,ten,I agree to participate,16,4,1,1,1,1,1,1,1,1,1,1,1,1,3,3,3,3,3,4,6,4,3,5,4.4,2,6,4,8,1,1,1,1,1,1,1,1,1,1,1,1,3,3,3,5,3.5,5,3,4,5,4,4.2,1,9,2,5,1,1,1,1,1,2,1,1.3333333333333333,2,1,2,1.6666666666666667,2,3,3,5,3.25,5,3,4,5,3,4,4,7,3,7,1,1,1,1,1,1,1,1,1,1,1,1,3,3,3,5,3.5,5,3,4,5,3,4,4,8,7,Multitasking,That this study is related to emotional regulation,37,Male,Black,NA,"Yes, you may use my data in the research.",NA,1,0.9961538461538462,0.17959615384615385,2.3160576923076923,0.10769230769230768,0.9807692307692308,TRUE,TRUE,0,FALSE
16204973,22/06/2026 15:28:58,complete,No threat,NaturaNegOne,negative,one,I agree to participate,16,4,1,1,1,1,1,1,1,1,1,1,1,1,3,5,3,3,3.5,6,5,4,5,5,5,2,6,4,8,3,3,3,3,1,1,1,1,1,1,1,1,3,5,3,3,3.5,6,5,5,5,6,5.4,1,9,2,5,1,2,1,1.3333333333333333,1,1,1,1,1,1,1,1,3,5,4,3,3.75,6,4,5,5,6,5.2,4,7,3,7,1,1,1,1,1,1,1,1,3,3,3,3,5,5,3,3,4,6,4,4,5,5,4.8,4,8,7,I see if certain facial expressions can change our mood or perceptions.,The exact point of the study and how the tasks work.,34,Female,White,I had issues with the timing for the first one since it wasn't completely clear when the timer would start. I thought it was a countdown. Then the second task was confusing because I was expecting to see the image that was shown before the task began.,"Yes, you may use my data in the research.",NA,1,1,0.4926923076923077,1.698076923076923,0,0.8846153846153846,FALSE,TRUE,0,TRUE
16204974,22/06/2026 16:28:59,complete,Threat,SmilePosOne,positive,one,I agree to participate,16,4,4,4,4,4,4,4,4,4,4,4,4,4,5,NA,5,5,5,2,3,3,3,1,2.4,2,6,4,8,4,4,4,4,4,4,4,4,4,4,4,4,5,5,5,5,5,3,1,1,1,1,1.4,1,9,2,5,5,5,5,5,4,4,4,4,4,4,3,3.6666666666666665,5,5,5,5,5,3,2,3,1,1,2,4,7,3,7,4,4,4,4,4,4,4,4,4,4,4,4,5,5,5,5,5,2,1,2,1,1,1.4,4,8,7,To track peoples ability to mimic facial expressions.,That it was tracking my face the whole time.,27,Male,White,NA,"Yes, you may use my data in the research.",NA,1,1,0,2.983076923076923,0,1,TRUE,TRUE,0,FALSE
16204979,22/06/2026 16:29:10,complete,Threat,SmilePosTen,positive,ten,I agree to participate,16,4,1,1,1,1,1,1,1,1,6,7,6,6.333333333333333,2,3,1,1,1.75,7,7,3,6,7,6,2,6,4,8,1,1,1,1,3,1,1,1.6666666666666667,6,5,NA,5.5,1,1,1,1,1,2,2,2,2,2,2,1,9,2,5,5,6,5,5.333333333333333,2,2,3,2.3333333333333335,3,NA,5,4,2,5,3,7,4.25,7,7,7,7,7,7,4,7,3,7,4,5,5,4.666666666666667,1,5,2,2.6666666666666665,6,2,6,4.666666666666667,1,1,1,7,2.5,6,2,7,6,6,5.4,4,8,7,i honestly dont know. Nothing in this test was cohgesive so Im not able to come up with a speculation as to what it was tring to accomplish,I have no idea.,44,Female,Prefer not to say,NA,"Yes, you may use my data in the research.",NA,1,0.9877551020408164,1.663549019607843,1.154965924831471,0.7647058823529411,0.4210884353741496,FALSE,FALSE,0,FALSE
16204986,22/06/2026 14:29:38,complete,No threat,NaturaPosTen,positive,ten,I agree to participate,16,4,1,1,1,1,4,1,1,2,5,4,6,5,1,1,1,1,1,4,1,1,4,1,2.2,2,6,4,8,1,1,1,1,1,1,1,1,1,1,1,1,1,1,1,1,1,2,1,1,1,1,1.2,1,9,2,5,2,1,1,1.3333333333333333,1,1,1,1,1,1,1,1,1,1,1,1,1,3,1,1,3,1,1.8,4,7,3,7,2,1,3,2,1,1,1,1,1,1,1,1,1,1,1,1,1,4,1,1,4,1,2.2,4,8,7,The impact that distraction or photos have on people's personal moods.,I'm unsure.Maybe that the camera/movements are a distraction. It's really about how you feel after doing the movements or viewing the images.,34,Female,Black,n/a,"Yes, you may use my data in the research.",NA,1,1,1.8075312971342383,1.5380984162895928,0.5418174962292609,0.225,FALSE,FALSE,0,FALSE
16204987,22/06/2026 16:29:47,complete,No threat,SmilePosOne,positive,one,I agree to participate,16,4,1,1,1,1,1,1,1,1,1,1,1,1,6,5,7,5,5.75,2,1,1,1,1,1.2,2,6,4,8,4,3,4,3.6666666666666665,1,1,1,1,1,1,2,1.3333333333333333,6,6,7,5,6,2,1,1,1,1,1.2,1,9,2,5,2,2,2,2,1,1,1,1,1,1,1,1,5,6,7,5,5.75,2,1,1,1,1,1.2,4,7,3,7,3,3,3,3,1,1,1,1,1,1,1,1,5,6,7,5,5.75,3,1,1,1,1,1.4,4,8,7,No clue.,I don't know.,19,Female,White,NA,"Yes, you may use my data in the research.",NA,0.9807692307692308,0.9807692307692308,0.00173076923076923,1.7948076923076923,0,1,TRUE,TRUE,0,FALSE
16204998,22/06/2026 13:31:07,complete,Threat,NaturaNegOne,negative,one,I agree to participate,16,4,1,1,1,1,1,1,1,1,1,1,2,1.3333333333333333,6,6,5,3,5,1,1,1,2,1,1.2,2,6,NA,8,1,1,1,1,1,1,1,1,1,1,1,1,6,6,5,3,5,1,1,1,1,1,1,1,9,2,5,3,1,1,1.6666666666666667,1,1,1,1,1,1,1,1,6,6,5,3,5,1,1,1,1,1,1,4,7,3,7,1,1,1,1,1,1,1,1,3,1,3,2.3333333333333335,5,5,5,3,4.5,1,1,1,1,2,1.2,4,8,7,Whether seeing the photos could improve mood,NA,23,Female,NA,NA,"Yes, you may use my data in the research.",NA,1,1,0.02568627450980392,3.5629411764705883,0,1,TRUE,TRUE,1,FALSE
16204999,22/06/2026 16:31:02,complete,No threat,NaturaNegTen,negative,ten,I agree to participate,16,4,6,6,6,6,1,1,1,1,1,1,1,1,5,5,6,6,5.5,3,1,1,1,1,1.4,2,6,4,8,6,6,6,6,1,1,1,1,1,1,1,1,6,6,6,6,6,3,1,1,1,1,1.4,1,9,2,5,6,6,6,6,6,1,1,2.6666666666666665,1,1,1,1,6,6,6,6,6,3,1,1,1,1,1.4,4,7,3,7,6,6,4,5.333333333333333,5,1,1,2.3333333333333335,1,1,1,1,5,6,5,6,5.5,3,1,1,1,2,1.6,4,8,7,not sure,none,46,Male,White,none,"Yes, you may use my data in the research.",NA,1,1,0.49066515837104074,0.5785,0,0,FALSE,FALSE,0,FALSE
16205028,22/06/2026 14:34:51,complete,Threat,NaturaPosTen,positive,ten,I agree to participate,16,4,1,1,1,1,1,1,1,1,1,1,1,1,6,5,6,6,5.75,5,1,3,4,4,3.4,2,6,4,8,3,2,2,2.3333333333333335,1,1,NA,1,1,1,1,1,6,5,6,6,5.75,5,2,2,2,2,2.6,1,9,2,5,6,6,6,6,1,1,1,1,1,1,1,1,6,6,5,6,5.75,5,NA,3,2,3,3.25,4,7,3,7,7,6,6,6.333333333333333,1,1,1,1,1,1,1,1,6,5,6,6,5.75,4,2,2,3,2,2.6,4,8,7,To explore the effect of physical movement tasks on people’s math performance.,Don't know,57,Female,White,I did not encounter any issue,"Yes, you may use my data in the research.",NA,0.984502262443439,1,0.24895211161387631,0.03357692307692307,0.06346153846153843,0,FALSE,FALSE,0,FALSE
16205032,22/06/2026 14:35:19,complete,Threat,NaturaNegTen,negative,ten,I agree to participate,16,4,4,5,4,4.333333333333333,1,1,1,1,1,1,1,1,6,6,6,5,5.75,2,1,1,1,1,1.2,4,6,4,8,3,3,1,2.3333333333333335,1,1,1,1,2,2,2,2,6,6,6,5,5.75,2,1,1,1,1,1.2,1,9,2,5,3,4,1,2.6666666666666665,1,1,1,1,1,1,1,1,6,6,6,5,5.75,2,1,1,1,1,1.2,4,7,3,7,3,4,4,3.6666666666666665,1,1,1,1,1,1,1,1,6,6,6,5,5.75,2,1,1,1,1,1.2,4,8,7,collecting facial data,that it was about tracking faces,26,Male,Mixed,NA,"Yes, you may use my data in the research.",NA,1,1,0.0319423076923077,1.502653846153846,0.03269230769230769,1,FALSE,TRUE,1,FALSE
16205036,22/06/2026 16:36:17,complete,Threat,NaturaNegOne,negative,one,I agree to participate,16,4,3,3,3,3,1,1,1,1,1,1,1,1,7,7,7,3,6,5,1,1,1,1,1.8,2,6,4,8,4,4,4,4,1,1,1,1,1,1,1,1,7,7,7,3,6,3,1,1,1,1,1.4,1,9,2,5,5,5,5,5,1,1,1,1,1,1,1,1,7,7,7,3,6,3,1,1,1,1,1.4,4,7,3,7,3,1,1,1.6666666666666667,1,1,1,1,1,1,1,1,7,7,7,3,6,3,1,1,1,1,1.4,4,8,7,Some sort of AI test to see if it was a real person.,"Not sure, maybe something about how images can reflect your emotions or change them when forced to do funny tasks.",27,Male,Mixed,No issues.,"Yes, you may use my data in the research.",NA,1,1,0,2.124615384615385,0,1,TRUE,TRUE,0,FALSE
16205074,22/06/2026 16:42:39,complete,No threat,SmilePosOne,positive,one,I agree to participate,16,4,1,2,2,1.6666666666666667,1,1,1,1,2,2,2,2,6,7,6,6,6.25,4,1,1,1,1,1.6,2,6,NA,8,1,1,1,1,1,1,1,1,1,1,1,1,7,7,7,7,7,1,1,1,1,1,1,1,9,2,5,2,2,2,2,1,1,1,1,1,1,1,1,7,7,7,7,7,4,1,1,1,1,1.6,4,7,3,7,1,1,1,1,1,1,1,1,1,1,1,1,7,7,7,7,7,1,1,1,1,1,1,4,8,NA,to see if you can still do arithmetic following physical tasks,that you're going to post these videos on youtube???,63,Male,White,no issues at all. thank you,"Yes, you may use my data in the research.",NA,1,1,0.18423076923076925,2.5526923076923076,0,1,TRUE,TRUE,2,FALSE
16205097,22/06/2026 15:46:48,complete,No threat,SmilePosOne,positive,one,I agree to participate,16,4,4,5,5,4.666666666666667,2,1,1,1.3333333333333333,1,1,2,1.3333333333333333,3,3,3,3,3,5,2,2,2,3,2.8,2,6,4,8,5,5,5,5,1,1,1,1,1,1,1,1,3,3,3,3,3,3,1,1,1,1,1.4,1,9,2,5,6,6,6,6,1,1,1,1,1,1,1,1,3,3,3,3,3,3,1,1,1,1,1.4,4,7,3,7,7,7,7,7,1,1,1,1,1,1,1,1,4,3,4,3,3.5,2,1,1,1,1,1.2,4,8,7,To see if movements or images can change your mood,"The movements won't be as effective, or the math is irrelevant",35,Male,White,"It was a fun study, thank you","Yes, you may use my data in the research.",NA,1,1,0.19461538461538463,1.4878846153846153,0.3269230769230771,0.903846153846154,FALSE,TRUE,0,FALSE
16211035,23/06/2026 06:41:02,complete,Threat,SmileNegTen,negative,ten,I agree to participate,16,4,1,1,1,1,1,1,1,1,1,1,1,1,6,6,7,4,5.75,4,4,4,4,4,4,2,6,4,8,1,1,1,1,1,1,1,1,1,1,1,1,5,5,5,4,4.75,1,1,1,1,1,1,1,9,2,5,1,1,1,1,6,1,1,2.6666666666666665,7,7,7,7,6,5,6,4,5.25,1,1,1,1,1,1,4,7,3,7,1,1,1,1,1,1,1,1,7,7,7,7,5,5,5,4,4.75,1,1,1,1,1,1,4,8,7,Not sure,Human psychology,31,Male,Mixed,none,"Yes, you may use my data in the research.",NA,1,1,0,2.280730769230769,0,1,TRUE,TRUE,0,FALSE
16211037,23/06/2026 09:41:02,complete,Threat,SmilePosOne,positive,one,I agree to participate,16,4,1,1,1,1,1,1,1,1,6,2,7,5,1,1,1,1,1,2,2,1,2,2,1.8,2,6,4,8,1,1,1,1,1,1,1,1,1,1,2,1.3333333333333333,1,1,1,1,1,2,2,1,2,2,1.8,1,9,2,5,2,2,2,2,1,1,1,1,1,1,1,1,1,1,1,1,1,2,2,1,2,2,1.8,4,7,3,7,1,1,1,1,1,1,1,1,1,1,1,1,1,1,1,1,1,2,2,1,2,2,1.8,4,8,7,I'm not sure. Maybe it was to see how certain movements affect emotions and thinking.,What the real purpose of the study was.,29,Female,Mixed,"For the first recording (putting my hand behind my head and closing my eyes for five seconds), I wasn't sure if I had to close my eyes when the timer started or at the five seconds. That part did confuse me. One more thing, for the third recording where I just needed to let my face rest and not force anything, my son got excited about seeing a cat on the screen. I didn't react to it because he is usually always yelling, but that was what that loud sound was. (""Mira gato."" He said, ""Look, cat."")","Yes, you may use my data in the research.",NA,1,1,0,1.3753846153846154,0,1,FALSE,TRUE,0,FALSE
16211038,23/06/2026 09:41:03,complete,Threat,SmileNegOne,negative,one,I agree to participate,16,4,3,2,1,2,1,1,2,1.3333333333333333,2,2,2,2,2,3,6,2,3.25,1,1,1,1,1,1,2,6,4,8,4,4,NA,4,1,1,1,1,2,2,2,2,2,2,6,2,3,1,1,1,1,1,1,1,9,2,5,3,3,4,3.3333333333333335,NA,1,1,1,1,1,1,1,3,3,6,2,3.5,1,1,1,1,1,1,4,7,3,7,NA,1,2,1.5,1,1,1,1,3,3,3,3,2,2,6,2,3,1,1,1,1,1,1,4,8,7,"How peoples attitudes are affected by being required to perform certian arbitrary tasks, math problems were a brain wash to clear mind between tasks.",It's not about how the tasks affect math performance. It's about how the tasks affect attitude.,68,Male,White,no issues,"Yes, you may use my data in the research.",NA,1,1,1.0179245283018867,0.1428846153846154,0.2830188679245283,0,FALSE,FALSE,0,FALSE
16211039,23/06/2026 09:41:07,complete,Threat,NaturaPosOne,positive,one,I agree to participate,16,4,1,1,1,1,1,1,1,1,3,2,3,2.6666666666666665,4,5,6,2,4.25,5,2,5,2,5,3.8,2,6,4,8,4,4,4,4,1,1,1,1,5,3,5,4.333333333333333,4,5,4,2,3.75,5,1,5,1,4,3.2,1,9,2,5,6,5,7,6,1,1,1,1,1,1,1,1,4,6,6,2,4.5,5,1,5,1,4,3.2,4,7,3,7,6,5,7,6,1,1,NA,1,1,1,1,1,4,6,6,4,5,5,2,4,1,3,3,4,8,7,to test how certain movements or pictures might effect emotion.,no idea really. but I'm ok with that. :-),48,Male,White,NA,"Yes, you may use my data in the research.",NA,1,1,0.49999999999999994,1.2196153846153843,0.5192307692307689,1,FALSE,FALSE,0,FALSE
16211040,23/06/2026 09:41:08,complete,No threat,SmileNegTen,negative,ten,I agree to participate,16,4,1,3,2,2,1,1,2,1.3333333333333333,2,1,1,1.3333333333333333,5,6,6,5,5.5,2,1,1,2,1,1.4,2,6,4,8,2,2,3,2.3333333333333335,1,1,1,1,1,1,1,1,6,6,6,6,6,1,1,1,2,1,1.2,1,9,2,5,1,1,1,1,6,2,4,4,7,6,4,5.666666666666667,5,6,6,6,5.75,1,1,1,2,1,1.2,4,7,3,7,1,1,1,1,5,1,2,2.6666666666666665,6,4,3,4.333333333333333,6,6,6,6,6,1,1,1,2,1,1.2,4,8,7,Recations to disturbing scenes such as the abuse to animals.,Image reaction by showing different pictures.,57,Male,White,"Study was fun but action screen was slighrly confusing. Insread of perform task now (I assuned I had to act out scene) maybe different wording. I apologise for the first recording as I thought this the case. 
Thank You
Ron","Yes, you may use my data in the research.",NA,1,0.9980769230769232,0.083,0.01405769230769231,0,0,FALSE,FALSE,0,FALSE
16211041,23/06/2026 09:41:10,complete,No threat,NaturaPosTen,positive,ten,I agree to participate,16,4,3,2,3,2.6666666666666665,1,1,1,1,1,1,1,1,6,6,6,6,6,2,1,1,1,1,1.2,2,6,4,8,5,5,6,5.333333333333333,1,1,1,1,1,1,1,1,6,6,6,6,6,2,1,1,1,1,1.2,1,9,2,5,6,5,6,5.666666666666667,1,1,1,1,1,1,1,1,6,6,6,6,6,2,1,1,1,1,1.2,4,7,3,7,6,5,6,5.666666666666667,1,1,1,1,1,1,1,1,6,6,6,6,6,2,1,1,1,1,1.2,4,8,7,not really sure,really no idea,51,Male,White,no issues,"Yes, you may use my data in the research.",NA,1,1,0.15263951734539968,0.14644343891402717,0,0.02115384615384614,FALSE,FALSE,0,FALSE
16211045,23/06/2026 09:41:25,complete,Threat,SmileNegOne,negative,one,I agree to participate,16,4,1,1,1,1,1,1,1,1,1,1,1,1,5,5,5,6,5.25,1,1,1,1,1,1,2,6,4,8,1,1,1,1,1,1,1,1,1,1,1,1,6,6,7,6,6.25,1,1,1,1,1,1,1,9,2,5,1,1,1,1,5,4,4,4.333333333333333,2,2,4,2.6666666666666665,5,6,6,6,5.75,1,1,1,1,1,1,4,7,3,7,1,1,1,1,5,4,4,4.333333333333333,5,5,5,5,6,6,6,6,6,1,1,1,1,1,1,4,8,7,no clue haha,no clue,60,Female,White,NA,"Yes, you may use my data in the research.",NA,1,1,0.11862745098039214,2.239607843137255,0,1,TRUE,TRUE,0,FALSE
16211047,23/06/2026 08:41:19,complete,Threat,SmileNegOne,negative,one,I agree to participate,16,4,5,2,5,4,1,1,1,1,3,1,3,2.3333333333333335,2,2,3,1,2,3,2,2,2,1,2,2,6,4,8,3,2,4,3,1,1,1,1,3,1,3,2.3333333333333335,2,3,3,2,2.5,4,1,1,2,1,1.8,1,9,2,5,3,2,3,2.6666666666666665,2,1,1,1.3333333333333333,3,1,2,2,2,3,3,2,2.5,3,1,1,3,1,1.8,4,7,3,7,1,1,1,1,3,1,1,1.6666666666666667,4,3,3,3.3333333333333335,2,2,2,1,1.75,3,1,1,3,2,2,4,8,7,To see how emotions interact with physical movement tasks and exposure to pictures?,Maybe the exposure to those pictures was meant to change our emotions we expierenced?,40,Male,Asian,No issues with the study,"Yes, you may use my data in the research.",NA,1,1,0.01320754716981132,2.6953846153846155,0.11320754716981134,1,TRUE,TRUE,0,FALSE
16211049,23/06/2026 06:41:26,complete,No threat,SmilePosOne,positive,one,I agree to participate,16,4,1,2,2,1.6666666666666667,1,1,1,1,1,1,1,1,2,4,4,2,3,6,5,6,5,6,5.6,2,6,4,8,1,2,1,1.3333333333333333,1,1,1,1,1,1,1,1,3,3,3,2,2.75,5,5,5,5,6,5.2,1,9,2,5,1,2,2,1.6666666666666667,1,1,1,1,1,1,1,1,3,3,2,2,2.5,5,5,4,5,6,5,4,7,3,7,2,2,2,2,1,1,1,1,1,1,1,1,3,3,3,2,2.75,5,5,5,4,6,5,4,8,7,I believe the purpose was to test how movement might affect mental mood.,I believe I have not been told the true purpose of the study.,34,Female,White,I feel like the study went well.,"Yes, you may use my data in the research.",NA,1,1,0.759423076923077,2.2178846153846155,0,1,FALSE,TRUE,0,FALSE
16211051,23/06/2026 08:41:29,complete,No threat,SmilePosTen,positive,ten,I agree to participate,16,4,2,3,1,2,1,1,1,1,1,1,1,1,4,2,3,6,3.75,5,1,1,1,1,1.8,2,6,4,8,1,3,2,2,1,1,1,1,1,1,1,1,3,4,3,6,4,3,1,1,1,1,1.4,1,9,2,5,1,1,1,1,1,1,3,1.6666666666666667,5,3,4,4,3,3,3,6,3.75,4,1,1,1,2,1.8,4,7,3,7,3,3,3,3,1,1,1,1,1,1,1,1,3,3,3,6,3.75,4,1,1,1,1,1.6,4,8,7,I think the purpose was to see how instructions and behavior influence emotions and depression rates.,That the study was not about the math.,18,Female,White,NA,"Yes, you may use my data in the research.",NA,1,1,0,1.17675,0,0.7999999999999999,FALSE,TRUE,0,FALSE
16211052,23/06/2026 06:41:27,complete,No threat,SmileNegOne,negative,one,I agree to participate,16,4,1,2,1,1.3333333333333333,2,2,2,2,2,2,2,2,6,6,6,5,5.75,3,4,1,6,4,3.6,2,6,4,8,1,1,1,1,1,1,1,1,2,1,2,1.6666666666666667,6,6,6,5,5.75,3,4,1,5,5,3.6,1,9,2,5,1,1,1,1,3,1,1,1.6666666666666667,2,2,2,2,6,6,6,5,5.75,3,3,1,5,4,3.2,4,7,3,7,1,1,1,1,1,1,1,1,2,2,2,2,6,6,6,5,5.75,3,4,1,5,4,3.4,4,8,7,I have no idea,observing whether or not I followed directions or whether I was able to control my face when confronted with disturbing images,48,Female,Mixed,none,"Yes, you may use my data in the research.",NA,1,1,0,2.715,0,1,TRUE,TRUE,0,FALSE
16211053,23/06/2026 08:41:33,complete,Threat,NaturaNegTen,negative,ten,I agree to participate,16,4,4,3,3,3.3333333333333335,1,1,1,1,3,1,3,2.3333333333333335,5,5,6,5,5.25,3,1,1,2,2,1.8,4,6,4,8,3,4,3,3.3333333333333335,1,1,1,1,3,2,3,2.6666666666666665,5,5,6,5,5.25,3,1,1,2,2,1.8,1,9,2,5,2,2,2,2,4,1,1,2,5,4,5,4.666666666666667,5,5,6,5,5.25,3,1,1,2,2,1.8,4,7,3,7,3,3,3,3,3,1,1,1.6666666666666667,4,4,4,4,5,5,6,5,5.25,3,1,NA,2,2,2,4,8,7,"Where our eyes will follow on the screen, and how we can or can't control subtle facial expressions.",how we subconsciously move around and how our face reacts to images.,46,Female,White,n/a,"Yes, you may use my data in the research.",NA,1,1,0.00174509803921568,1.8028529411764709,0,1,TRUE,TRUE,1,FALSE
16211054,23/06/2026 09:41:34,complete,Threat,NaturaNegOne,negative,one,I agree to participate,16,4,5,5,6,5.333333333333333,4,2,3,3,4,4,3,3.6666666666666665,4,5,5,5,4.75,5,4,5,3,3,4,2,6,4,8,4,5,5,4.666666666666667,2,3,2,2.3333333333333335,5,5,5,5,4,5,5,5,4.75,3,2,2,2,2,2.2,1,9,2,5,4,3,2,3,4,3,2,3,5,5,5,5,5,5,4,5,4.75,3,2,2,3,3,2.6,4,7,3,7,4,4,5,4.333333333333333,4,3,3,3.3333333333333335,4,5,5,4.666666666666667,5,5,4,5,4.75,5,2,2,4,3,3.2,4,8,NA,Following directions,Not sure,41,Male,White,None,"Yes, you may use my data in the research.",NA,1,1,0,2.1434615384615383,0,0.75,TRUE,TRUE,1,FALSE
16211055,23/06/2026 09:41:38,complete,Threat,SmileNegOne,negative,one,I agree to participate,16,4,3,4,4,3.6666666666666665,1,1,1,1,1,1,2,1.3333333333333333,7,7,7,7,7,2,1,1,1,1,1.2,2,6,4,8,4,3,3,3.3333333333333335,1,1,1,1,1,1,3,1.6666666666666667,7,7,7,7,7,2,1,1,1,1,1.2,1,9,2,5,6,5,6,5.666666666666667,1,1,1,1,1,1,1,1,7,7,7,7,7,1,1,1,1,1,1,4,7,3,7,4,4,3,3.6666666666666665,2,1,NA,1.5,2,2,2,2,7,7,7,7,7,2,1,1,1,1,1.2,4,8,7,If my cognitive ability changed after performing a series of tasks,Whether the physical movement or facial expression activities mattered more,42,Male,Mixed,"No issues, unique study!","Yes, you may use my data in the research.",NA,1,1,0.01254901960784313,2.2305882352941175,0,1,TRUE,TRUE,0,FALSE
16211061,23/06/2026 08:41:54,complete,Threat,NaturaNegTen,negative,ten,I agree to participate,16,4,5,6,5,5.333333333333333,1,1,1,1,1,1,1,1,6,6,7,7,6.5,1,1,1,1,1,1,2,6,4,8,1,1,1,1,1,1,1,1,3,1,4,2.6666666666666665,7,6,7,7,6.75,1,5,5,6,3,4,1,9,2,5,1,1,1,1,6,1,1,2.6666666666666665,6,5,5,5.333333333333333,7,6,7,7,6.75,1,5,1,5,3,3,4,7,3,7,1,1,1,1,6,1,1,2.6666666666666665,5,5,3,4.333333333333333,7,6,7,7,6.75,1,5,1,5,3,3,4,8,7,"I suppose it was to see my facial reactions to certain pictures I saw, most horrifying to me was seeing the dogs in such bad conditions","honestly, I don't know",43,Male,White,"the last task I didn't tap my nose per second like I should, I realized it too late to follow the precise instuction of tapping my nose because I didn't understand the instruction right away like I should, for that, I apologized and I understand because of my failure that my payment may be reduced as agreed, I hope I did not compromise the quality of the data","Yes, you may use my data in the research.",NA,1,1,0.4660961538461539,0.19513461538461535,0.2634615384615385,0,FALSE,FALSE,0,FALSE
16211062,23/06/2026 09:41:57,complete,No threat,NaturaNegOne,negative,one,I agree to participate,16,4,4,1,4,3,1,1,1,1,1,1,1,1,3,3,5,1,3,4,1,1,3,1,2,2,6,4,8,3,1,2,2,1,1,1,1,1,1,1,1,2,2,2,1,1.75,2,1,1,2,1,1.4,1,9,2,5,3,1,1,1.6666666666666667,1,1,1,1,2,1,4,2.3333333333333335,1,3,3,1,2,2,1,1,2,1,1.4,4,7,3,7,4,1,1,2,4,1,1,2,1,1,1,1,3,4,3,1,2.75,2,1,1,3,1,1.6,4,8,7,to see how well people read and pay attention,how attentive people stay,35,Male,Black,NA,"Yes, you may use my data in the research.",NA,1,1,0,0.1641176470588235,0,0.35294117647058826,FALSE,FALSE,0,FALSE
16211065,23/06/2026 09:42:01,complete,No threat,SmilePosTen,positive,ten,I agree to participate,16,4,3,1,3,2.3333333333333335,1,1,1,1,1,1,1,1,5,5,6,4,5,3,1,1,1,2,1.6,2,6,4,8,2,1,2,1.6666666666666667,1,1,1,1,1,1,1,1,6,6,5,4,5.25,2,1,1,NA,2,1.5,1,9,2,5,2,1,2,1.6666666666666667,1,1,1,1,1,1,2,1.3333333333333333,5,6,5,4,5,3,1,1,1,2,1.6,4,7,3,7,2,1,1,1.3333333333333333,NA,1,1,1,2,1,2,1.6666666666666667,5,6,5,4,5,2,1,1,1,2,1.4,4,8,7,NA,NA,40,Female,White,One of the screens had trouble loading but the refresh seemed to work.,"Yes, you may use my data in the research.",NA,1,1,1.9548388969521044,2.5379194484760523,0.9942307692307693,1,FALSE,FALSE,0,FALSE
16211068,23/06/2026 09:42:04,complete,Threat,NaturaNegOne,negative,one,I agree to participate,16,4,1,1,1,1,1,1,1,1,1,1,1,1,1,1,1,1,1,1,1,1,1,1,1,2,6,4,8,1,1,1,1,1,1,1,1,4,3,6,4.333333333333333,1,1,1,1,1,1,1,1,1,1,1,1,9,2,5,1,1,1,1,1,1,1,1,2,1,1,1.3333333333333333,1,1,2,1,1.25,1,1,1,2,1,1.2,4,7,3,7,1,1,1,1,4,1,1,2,1,1,1,1,1,2,2,1,1.5,1,1,1,1,1,1,4,8,7,I believe the purpose was to see if seeing negative images makes you rethink your own life.,I think the video recordings have nothing to do with it.,46,Male,NA,"For the first task, the instructions suggested that you will have an opputunity to at least countdown before the recording. When you click next it immediately begins the task.","Yes, you may use my data in the research.",NA,0.8076923076923077,0.5961538461538461,0.5169230769230769,1.4403846153846154,0.28846153846153855,0.75,FALSE,FALSE,0,FALSE
16211069,23/06/2026 09:42:09,complete,Threat,NaturaPosTen,positive,ten,I agree to participate,16,4,1,1,1,1,1,1,1,1,2,2,2,2,4,3,3,2,3,5,4,1,3,4,3.4,2,6,4,8,1,1,1,1,1,1,1,1,1,1,1,1,3,3,3,NA,3,4,1,1,3,3,2.4,1,9,2,5,1,1,1,1,1,1,1,1,3,3,3,3,3,3,3,3,3,4,1,1,3,4,2.6,4,7,3,7,5,5,5,5,1,1,1,1,3,3,3,3,3,3,3,2,2.75,4,4,1,3,4,3.2,4,8,7,"No idea, because it doesn't seem like these tasks would have any effect on ability to solve very simple ,ath problems.",No,36,Male,White,none,"Yes, you may use my data in the research.",NA,1,1,0.31032692307692306,1.1911730769230768,0.15769230769230766,0.6884615384615385,FALSE,TRUE,0,FALSE
16211070,23/06/2026 09:42:03,complete,Threat,NaturaPosOne,positive,one,I agree to participate,16,4,5,6,4,5,1,1,1,1,1,1,1,1,4,4,5,2,3.75,1,1,1,1,1,1,2,6,4,8,5,6,5,5.333333333333333,1,1,1,1,1,1,1,1,4,4,5,2,3.75,1,1,1,1,1,1,1,9,2,5,6,6,6,6,1,1,1,1,1,1,1,1,4,4,5,2,3.75,1,1,1,1,1,1,4,7,3,7,6,6,6,6,1,1,1,1,1,1,1,1,4,4,5,2,3.75,1,1,1,1,1,1,4,8,7,How hand-eye coordination plays a part on psychological mood.,I have no idea.,42,Male,White,N/A,"Yes, you may use my data in the research.",NA,1,1,0.03903846153846153,0.2569230769230769,0,0,FALSE,FALSE,0,FALSE
16211074,23/06/2026 06:42:12,complete,Threat,NaturaNegOne,negative,one,I agree to participate,16,4,1,1,1,1,1,1,1,1,1,1,1,1,6,6,6,2,5,4,1,1,1,1,1.6,2,6,4,8,1,1,1,1,1,1,1,1,1,1,1,1,6,6,6,6,6,1,1,1,1,1,1,1,9,2,5,1,1,1,1,1,1,1,1,1,1,1,1,6,6,6,6,6,1,1,1,1,1,1,4,7,3,7,1,1,1,1,1,1,1,1,1,1,1,1,6,6,6,6,6,1,1,1,1,1,1,4,8,7,i have no idea,NA,31,Female,Black,NA,"Yes, you may use my data in the research.",NA,1,1,0.13942307692307693,0,0.13461538461538464,0,FALSE,FALSE,0,FALSE
16211075,23/06/2026 09:42:15,complete,No threat,NaturaPosOne,positive,one,I agree to participate,16,4,1,1,2,1.3333333333333333,1,1,1,1,1,1,1,1,6,6,6,5,5.75,5,1,1,1,1,1.8,2,6,4,8,4,4,4,4,1,1,1,1,1,1,1,1,6,6,6,5,5.75,3,1,1,1,1,1.4,1,9,2,5,2,2,2,2,2,2,2,2,1,1,1,1,6,6,6,5,5.75,3,1,1,1,1,1.4,4,7,3,7,2,1,2,1.6666666666666667,1,1,1,1,1,1,1,1,6,6,6,5,5.75,3,1,1,1,1,1.4,4,8,7,To see if people will do mildly weird things for a couple of bucks. Just kidding I really don't know.,What a fun twist! I can't imagine what the mistery details could be. Maybe that the study didn't really have anything to do with the math questions?,32,Female,White,The study was great.,"Yes, you may use my data in the research.",NA,1,1,0.3855769230769231,2.6507692307692308,0.25,1,TRUE,TRUE,0,FALSE
16211078,23/06/2026 09:42:19,complete,No threat,SmileNegTen,negative,ten,I agree to participate,16,4,4,2,5,3.6666666666666665,1,1,1,1,1,1,1,1,5,5,5,5,5,5,1,1,1,2,2,2,6,4,8,1,1,1,1,1,1,1,1,1,1,1,1,5,5,5,5,5,5,1,1,1,1,1.8,1,9,2,5,1,1,2,1.3333333333333333,6,1,1,2.6666666666666665,3,2,3,2.6666666666666665,5,5,5,5,5,5,1,1,1,2,2,4,7,3,7,1,1,1,1,2,1,1,1.3333333333333333,1,1,1,1,5,5,5,5,5,5,1,1,1,2,2,4,8,7,to determine how distrubing images effect mood and ability to concentrate,that these images were meant to illicit a response other than what was tasked,42,Female,White,NA,"Yes, you may use my data in the research.",NA,1,1,0,3.863178733031674,0,1,TRUE,TRUE,0,FALSE
16211079,23/06/2026 09:42:17,complete,Threat,NaturaPosTen,positive,ten,I agree to participate,16,4,2,2,2,2,2,1,1,1.3333333333333333,6,6,6,6,5,5,5,5,5,7,2,1,5,1,3.2,2,6,4,8,1,1,1,1,1,1,1,1,7,7,7,7,5,5,5,2,4.25,7,1,1,1,1,2.2,1,9,2,5,1,2,3,2,1,1,1,1,6,7,7,6.666666666666667,5,5,5,1,4,7,1,1,3,1,2.6,4,7,3,7,3,2,3,2.6666666666666665,1,1,1,1,5,5,4,4.666666666666667,5,4,5,5,4.75,7,2,2,3,1,3,4,8,7,im not sure,im not sure,29,Female,Mixed,n/a,"Yes, you may use my data in the research.",NA,1,1,0.00651923076923076,0.17105769230769233,0,0,FALSE,FALSE,0,FALSE
16211080,23/06/2026 09:42:22,complete,No threat,NaturaNegTen,negative,ten,I agree to participate,16,4,2,2,3,2.3333333333333335,1,1,1,1,3,1,2,2,5,5,6,7,5.75,2,2,3,1,1,1.8,2,6,4,8,3,2,3,2.6666666666666665,1,1,1,1,4,2,4,3.3333333333333335,5,6,6,7,6,1,1,1,1,2,1.2,1,9,2,5,1,1,1,1,3,1,1,1.6666666666666667,6,6,5,5.666666666666667,6,6,6,7,6.25,2,1,2,4,3,2.4,4,7,3,7,1,1,1,1,5,1,3,3,6,6,4,5.333333333333333,5,6,6,7,6,2,2,2,4,2,2.4,4,8,7,To gauge facial reactions to distressing images and possible impacts on cognitive function,Something about my face when viewing distressing images,35,Male,White,I probably should of moved the computer closer as hindsight feels like the video was the main feature of the study,"Yes, you may use my data in the research.",NA,1,1,0.4715938914027149,1.341049773755656,0.1518099547511312,0.9673076923076924,FALSE,TRUE,0,FALSE
16211081,23/06/2026 08:42:23,complete,No threat,NaturaNegTen,negative,ten,I agree to participate,16,4,2,1,2,1.6666666666666667,1,1,1,1,1,1,1,1,7,7,7,6,6.75,5,1,1,2,3,2.4,2,6,NA,8,3,3,3,3,1,1,1,1,1,1,1,1,7,7,7,6,6.75,4,1,1,1,2,1.8,1,9,2,5,1,1,1,1,7,7,5,6.333333333333333,7,7,7,7,7,7,7,6,6.75,5,1,1,1,3,2.2,4,7,3,7,1,1,1,1,7,3,5,5,7,7,7,7,7,7,7,6,6.75,5,1,1,1,3,2.2,4,8,NA,To evaluate how distressing images effect our emotions and our facial expressions,To see how our emotions and expressions are effected by disturning images or images that would make me irritated or annoyed,45,Female,White,I may not have quite understood the timer for the first movement task but i still did the movement just not at the exact pace as the timer,"Yes, you may use my data in the research.",NA,1,1,0.2808269230769231,0.08296153846153846,0.13076923076923075,0.03269230769230769,FALSE,FALSE,2,FALSE
16211082,23/06/2026 08:39:33,complete,Threat,SmileNegTen,negative,ten,I agree to participate,16,4,5,5,5,5,1,2,1,1.3333333333333333,1,1,1,1,1,2,4,1,2,1,1,1,1,1,1,2,6,4,8,2,3,3,2.6666666666666665,1,1,1,1,1,1,1,1,1,3,3,1,2,1,1,1,1,1,1,1,9,2,5,4,5,5,4.666666666666667,1,1,1,1,1,1,1,1,2,2,4,1,2.25,2,1,1,1,1,1.2,4,7,3,7,4,5,4,4.333333333333333,1,1,1,1,1,1,1,1,2,2,3,1,2,1,1,1,1,1,1,4,8,7,The purpose is to learn how people react to images especially when given instructions to comply with.,I dont know.,43,Male,Black,Everything went well .,"Yes, you may use my data in the research.",NA,1,1,2.573374811463047,0.6965433634992458,1,0.3599547511312217,FALSE,FALSE,0,FALSE
16211083,23/06/2026 09:42:29,complete,No threat,NaturaPosTen,positive,ten,I agree to participate,16,4,2,3,2,2.3333333333333335,1,1,1,1,1,1,1,1,3,3,4,1,2.75,3,4,3,6,4,4,2,6,4,8,4,4,4,4,1,1,1,1,1,1,1,1,3,2,3,2,2.5,2,2,2,2,2,2,1,9,2,5,3,3,3,3,1,1,1,1,4,1,4,3,3,3,3,2,2.75,3,4,1,3,2,2.6,4,7,3,7,5,5,5,5,1,1,1,1,1,1,1,1,4,3,4,3,3.5,3,4,1,4,3,3,4,8,7,"To determine if faking it (smiling) contributed to certain actions or behavior? It was annoying to have to fake smile versus real reaction smile, so that is what I am taking away.",Not sure.,38,Female,White,"No issue, but I tapped my nose twice per second is my guess in the last one.","Yes, you may use my data in the research.",NA,1,1,0.4865841799709724,2.2120624092888246,0.278410740203193,0.948076923076923,TRUE,TRUE,0,FALSE
16211084,23/06/2026 08:42:27,complete,No threat,SmilePosOne,positive,one,I agree to participate,16,4,2,2,2,2,1,1,1,1,1,1,1,1,5,3,5,5,4.5,5,2,1,2,3,2.6,2,6,4,8,3,3,3,3,1,1,1,1,1,1,1,1,5,4,5,5,4.75,5,1,1,2,3,2.4,1,9,2,5,5,5,6,5.333333333333333,1,1,1,1,1,1,1,1,5,4,5,5,4.75,5,2,1,2,3,2.6,4,7,3,7,2,2,2,2,1,1,1,1,1,1,1,1,5,4,5,5,4.75,5,2,1,2,3,2.6,4,8,7,"Honestly, I'm not really sure anymore.",Something about distractions and changes in answers?,29,Female,White,No issues,"Yes, you may use my data in the research.",NA,1,1,2.159423076923077,2.8521153846153844,1,1,FALSE,FALSE,0,FALSE
16211087,23/06/2026 09:42:38,complete,Threat,SmilePosOne,positive,one,I agree to participate,16,4,2,1,2,1.6666666666666667,1,1,1,1,4,3,4,3.6666666666666665,2,2,2,1,1.75,6,6,5,6,5,5.6,2,6,4,8,5,4,4,4.333333333333333,1,1,1,1,1,1,1,1,3,2,4,2,2.75,6,3,4,3,3,3.8,1,9,2,5,4,3,3,3.3333333333333335,1,1,1,1,2,2,1,1.6666666666666667,1,2,2,2,1.75,6,5,5,5,4,5,4,7,3,7,4,4,4,4,1,1,1,1,1,1,1,1,2,2,2,2,2,6,5,5,3,4,4.6,4,8,7,I think it was about the correlation between certain pictures and math problems to see if it has effect on your mood or changes your attitude,To be honest with you I have no idea,56,Male,Mixed,NA,"Yes, you may use my data in the research.",NA,1,1,0.5667307692307693,0.32557692307692304,0.01923076923076921,0,FALSE,FALSE,0,FALSE
16211088,23/06/2026 06:42:46,complete,No threat,NaturaNegOne,negative,one,I agree to participate,16,4,1,1,1,1,1,1,1,1,1,1,1,1,1,1,4,4,2.5,1,1,1,1,1,1,2,6,4,8,1,1,1,1,1,1,1,1,1,1,1,1,1,1,4,4,2.5,1,1,1,1,1,1,1,9,2,5,1,1,1,1,1,1,1,1,1,1,1,1,1,1,4,4,2.5,1,1,1,1,1,1,4,7,3,7,1,1,1,1,1,1,1,1,1,1,1,1,1,1,4,4,2.5,1,1,1,1,1,1,4,8,7,I have no idea,I don't know.,56,Female,White,none,"Yes, you may use my data in the research.",NA,1,1,0,1.4809615384615384,0,1,FALSE,TRUE,0,FALSE
16211090,23/06/2026 09:42:46,complete,Threat,SmilePosTen,positive,ten,I agree to participate,16,4,6,7,7,6.666666666666667,2,1,2,1.6666666666666667,1,1,1,1,1,3,3,1,2,1,1,1,1,2,1.2,2,6,4,8,4,1,4,3,1,1,1,1,1,1,1,1,3,3,3,3,3,1,1,1,1,1,1,1,9,2,5,7,4,5,5.333333333333333,1,1,1,1,1,1,1,1,3,3,3,1,2.5,1,1,1,1,1,1,4,7,3,7,7,6,6,6.333333333333333,1,1,1,1,1,1,1,1,3,3,3,3,3,1,1,1,1,2,1.2,4,8,7,How people feel after looking at positive images? How or if their perception of life ( or current situation) changes,"I am not sure, but i am hoping you will tell me, maybe to measure how people can and will follow instructions, also how they attempt to follow instructions when they are told their incentive would be reduced if they do not follow instructions, this one had me a bit nervous, so maybe thats why I messed up for one set.",50,Female,White,"the instructions for the second set had me confused, I tried to make the faces the animals made. Everything else was clear, very interesting.","Yes, you may use my data in the research.",NA,0.26666666666666666,0.6803921568627451,0,0.19488235294117648,0,0.17647058823529416,FALSE,FALSE,0,FALSE
16211093,23/06/2026 09:42:51,complete,Threat,SmileNegTen,negative,ten,I agree to participate,16,4,4,4,4,4,2,1,1,1.3333333333333333,1,1,1,1,4,5,5,2,4,1,1,1,1,1,1,2,6,4,8,5,4,4,4.333333333333333,1,1,1,1,1,1,1,1,5,4,5,2,4,1,1,1,1,1,1,1,9,2,5,2,4,4,3.3333333333333335,1,1,1,1,1,1,1,1,4,4,5,1,3.5,1,1,1,1,1,1,4,7,3,7,4,4,4,4,3,1,1,1.6666666666666667,1,1,1,1,5,4,5,2,4,1,1,1,1,1,1,4,8,7,To see how people react to different stimuli while multitasking.,I am unsure at the time.,39,Female,Black,NA,"Yes, you may use my data in the research.",NA,1,1,0.03169230769230768,9.999999999999998e-4,0.04615384615384617,0,FALSE,FALSE,0,FALSE
16211094,23/06/2026 09:42:54,complete,Threat,SmilePosTen,positive,ten,I agree to participate,16,4,1,1,2,1.3333333333333333,1,1,1,1,3,3,2,2.6666666666666665,2,4,4,2,3,4,4,5,5,3,4.2,2,6,4,8,1,1,2,1.3333333333333333,1,1,1,1,1,1,1,1,3,4,3,3,3.25,5,5,5,5,3,4.6,1,9,2,5,2,1,2,1.6666666666666667,1,4,1,2,4,2,4,3.3333333333333335,3,4,3,3,3.25,4,5,5,5,3,4.4,4,7,3,7,1,1,2,1.3333333333333333,1,1,1,1,1,1,1,1,3,4,3,3,3.25,5,5,5,5,3,4.6,4,8,7,To make us look like silly fools.,"It's like you're asking your little lab rat to squeak out of tune. Dude, I don't know.",39,Female,White,None,"Yes, you may use my data in the research.",NA,1,1,0,3.2939423076923076,0,1,TRUE,TRUE,0,FALSE
16211096,23/06/2026 09:42:26,complete,No threat,NaturaNegTen,negative,ten,I agree to participate,16,4,5,4,6,5,3,1,1,1.6666666666666667,1,1,1,1,5,6,5,2,4.5,4,1,1,1,1,1.6,2,6,4,8,6,1,6,4.333333333333333,6,2,2,3.3333333333333335,2,2,2,2,4,7,7,3,5.25,2,1,1,1,1,1.2,1,9,2,5,3,1,4,2.6666666666666665,1,1,1,1,3,1,1,1.6666666666666667,5,5,5,2,4.25,2,1,1,1,1,1.2,4,7,3,7,3,2,2,2.3333333333333335,5,1,3,3,5,5,3,4.333333333333333,5,6,5,2,4.5,1,1,1,3,1,1.4,4,8,7,"To understand how basic math capacities can dacay when we are exposed to  vandalism, crime and animal cruelty.","That we can change our state of mind with simple motor movements and or by simply smiling even when we are exposed to vadalism, crime, and animal cruelty.",41,Male,Mixed,"Yeah the last pages with the scale of 1 to 7 where displaced and diffcult to know the quetion being asked, but still is possible to figure it out. I think something was wrong when uploading that last part of questions.","Yes, you may use my data in the research.",NA,1,1,0.02919607843137255,2.61866,0.02156862745098038,0.9901960784313726,TRUE,TRUE,0,TRUE
16211101,23/06/2026 07:43:31,complete,No threat,SmilePosOne,positive,one,I agree to participate,16,4,2,1,2,1.6666666666666667,1,1,1,1,1,1,1,1,7,7,7,7,7,3,1,1,1,1,1.4,2,6,4,8,3,4,2,3,1,1,1,1,1,1,1,1,7,7,7,7,7,4,1,1,1,NA,1.75,1,9,2,5,2,2,2,2,1,1,1,1,1,1,1,1,7,7,7,7,7,3,1,1,1,1,1.4,4,7,3,7,2,3,2,2.3333333333333335,1,1,1,1,1,1,1,1,7,7,7,7,7,3,1,1,1,1,1.4,4,8,7,behavior to multitasking,I'm not sure.,50,Female,White,nothing at all,"Yes, you may use my data in the research.",NA,1,1,0.07057692307692308,1.939423076923077,0,0.9807692307692308,TRUE,TRUE,0,FALSE
16211106,23/06/2026 09:43:46,complete,No threat,SmilePosTen,positive,ten,I agree to participate,16,4,4,3,3,3.3333333333333335,2,2,2,2,2,2,3,2.3333333333333335,2,2,2,2,2,5,5,5,5,5,5,2,6,4,8,3,3,3,3,3,2,2,2.3333333333333335,3,3,3,3,2,2,2,2,2,4,4,3,4,4,3.8,1,9,2,5,4,2,4,3.3333333333333335,3,2,2,2.3333333333333335,3,3,3,3,2,2,2,2,2,5,5,5,5,5,5,4,7,3,7,3,4,4,3.6666666666666665,2,2,2,2,2,2,2,2,3,3,3,3,3,4,4,3,4,4,3.8,4,8,7,Im not sure although I do not think it was the reason stated.,The true purpose of the study.,44,Female,White,I did not understand the instructions for the 2nd task where i was shown the pictures of the puppies and kittens.,"Yes, you may use my data in the research.",NA,1,1,0,0,0,0,FALSE,FALSE,0,FALSE
16211109,23/06/2026 09:43:50,complete,Threat,NaturaNegOne,negative,one,I agree to participate,16,4,1,1,1,1,2,2,1,1.6666666666666667,3,3,3,3,5,4,5,1,3.75,6,5,4,7,5,5.4,2,6,4,8,1,1,1,1,1,1,1,1,7,7,7,7,1,3,3,1,2,7,6,6,6,6,6.2,1,9,2,5,1,1,1,1,6,5,5,5.333333333333333,6,5,6,5.666666666666667,3,4,3,1,2.75,7,5,5,6,6,5.8,4,7,3,7,1,1,1,1,4,4,4,4,5,1,2,2.6666666666666665,4,3,5,1,3.25,6,5,4,6,5,5.2,4,8,7,To see if the video tasks caused me frustration and effected my self worth?,"Gee, not sure. Really, no idea. Maybe that the visual things I had to do weren't at all related to the study?",69,Male,White,No technical problems and the quesions and instructions were clear. Good luck with your study. I hope my information contributed.,"Yes, you may use my data in the research.",NA,NA,NA,NA,NA,NA,NA,NA,NA,0,FALSE
16211110,23/06/2026 06:43:53,complete,No threat,NaturaPosTen,positive,ten,I agree to participate,16,4,3,5,5,4.333333333333333,1,1,NA,1,1,1,1,1,6,6,6,7,6.25,4,1,1,1,1,1.6,2,6,4,8,6,6,6,6,2,1,1,1.3333333333333333,1,1,1,1,6,7,6,7,6.5,4,1,1,1,1,1.6,1,9,2,5,5,4,4,4.333333333333333,1,1,1,1,3,1,3,2.3333333333333335,7,6,6,6,6.25,4,1,1,1,1,1.6,4,7,3,7,6,6,7,6.333333333333333,2,1,1,1.3333333333333333,1,1,1,1,6,7,6,6,6.25,4,1,1,1,1,1.6,4,8,7,I believe this study was assessing participant's attitudes towards themselves after engaging in actions that require mental effort.,I believe the movements made can influence our attitudes towards the mathematical problems.,27,Male,Mixed,NA,"Yes, you may use my data in the research.",NA,1,1,1.2919879336349924,2.088864253393665,0.965158371040724,0.958974358974359,FALSE,FALSE,0,FALSE
16211134,23/06/2026 09:46:44,complete,No threat,SmileNegTen,negative,ten,I agree to participate,16,4,1,1,1,1,1,1,1,1,1,1,1,1,2,1,1,1,1.25,5,3,4,2,4,3.6,2,6,4,8,1,1,1,1,1,1,1,1,1,1,1,1,1,2,1,1,1.25,5,3,5,3,3,3.8,1,9,2,5,1,1,1,1,1,1,1,1,5,5,6,5.333333333333333,2,1,2,1,1.5,5,3,3,3,4,3.6,4,7,3,7,1,1,1,1,1,1,1,1,1,1,1,1,2,1,1,1,1.25,5,5,4,3,4,4.2,4,8,7,I am not sure what the purpose of this study was.,I do not have any ideas about what the purpose of the study might have been.,42,Female,White,N/A,"Yes, you may use my data in the research.",NA,1,1,0.2724423076923077,2.927905233501238,0,0.8899570278038648,TRUE,TRUE,0,FALSE
16211159,23/06/2026 09:48:46,complete,No threat,NaturaPosOne,positive,one,I agree to participate,16,4,2,1,2,1.6666666666666667,1,1,1,1,2,1,2,1.6666666666666667,2,4,2,2,2.5,5,5,4,5,6,5,2,6,4,8,2,2,1,1.6666666666666667,1,1,1,1,1,1,1,1,2,4,2,2,2.5,5,5,5,5,5,5,1,9,2,5,2,1,2,1.6666666666666667,1,2,2,1.6666666666666667,3,3,2,2.6666666666666665,2,4,2,2,2.5,5,5,5,5,5,5,4,7,3,7,3,2,3,2.6666666666666665,1,2,2,1.6666666666666667,1,1,1,1,2,4,2,2,2.5,5,5,5,5,5,5,4,8,7,To see how emotional state affects math ability.,That you're testing if small physical changes affect emotion perception.,27,Male,White,No issues!,"Yes, you may use my data in the research.",NA,1,1,0.5494230769230769,2.5132692307692306,0,1,TRUE,TRUE,0,FALSE
16211161,23/06/2026 09:49:26,complete,Threat,NaturaNegTen,negative,ten,I agree to participate,16,4,4,4,4,4,1,1,1,1,1,1,1,1,6,7,7,4,6,1,1,1,1,1,1,2,6,4,8,4,4,3,3.6666666666666665,1,1,1,1,1,1,1,1,6,7,7,4,6,1,1,1,1,1,1,1,9,2,5,2,2,2,2,1,1,1,1,1,1,1,1,6,7,7,4,6,1,1,1,1,1,1,4,7,3,7,3,3,2,2.6666666666666665,1,1,1,1,1,1,1,1,6,7,7,4,6,1,1,1,1,1,1,4,8,7,do not know,facial expression study on pictures and ability to do math - who knows?,61,Male,White,no issues,"Yes, you may use my data in the research.",NA,1,1,0,0.14090384615384616,0,0,FALSE,FALSE,0,FALSE
16211192,23/06/2026 08:51:12,complete,Threat,NaturaNegTen,negative,ten,I agree to participate,16,4,4,4,4,4,1,5,5,3.6666666666666665,1,1,1,1,2,3,3,2,2.5,5,4,6,1,5,4.2,2,6,4,8,1,4,1,2,3,1,1,1.6666666666666667,3,3,1,2.3333333333333335,2,3,3,2,2.5,5,4,6,4,5,4.8,1,9,2,5,1,1,1,1,6,1,1,2.6666666666666665,5,5,5,5,3,3,2,2,2.5,5,4,6,4,5,4.8,4,7,3,7,1,1,1,1,7,1,1,3,5,5,4,4.666666666666667,3,3,2,2,2.5,5,5,6,4,5,5,4,8,7,"To determine if tasks or images that are hard to see, effects peoples ability to think",How negative images that can effect ones mood can change ones ability to think?,29,Female,White,No issues,"Yes, you may use my data in the research.",NA,0.9769230769230768,1,0.03563461538461538,2.430576923076923,0,0.7865384615384615,TRUE,TRUE,0,FALSE
16211213,23/06/2026 09:53:03,complete,No threat,SmileNegOne,negative,one,I agree to participate,16,4,1,1,1,1,1,1,1,1,1,1,1,1,6,6,7,5,6,2,1,1,1,1,1.2,2,6,4,8,1,1,1,1,1,1,1,1,1,1,1,1,6,7,6,5,6,2,1,1,1,1,1.2,1,9,2,5,1,1,1,1,1,1,1,1,1,1,1,1,6,6,7,5,6,2,1,1,1,1,1.2,4,7,3,7,1,1,1,1,1,1,1,1,1,1,1,1,6,7,6,5,6,2,1,1,1,1,1.2,4,8,7,NA,NA,27,Male,White,NA,"Yes, you may use my data in the research.",NA,1,1,0,2.3478846153846153,0,0.8846153846153845,TRUE,TRUE,0,FALSE
16211240,23/06/2026 09:54:58,complete,No threat,NaturaPosOne,positive,one,I agree to participate,16,4,1,1,1,1,1,1,1,1,1,1,1,1,5,5,5,2,4.25,2,1,1,2,1,1.4,2,6,4,8,1,1,NA,1,1,1,1,1,1,1,1,1,5,5,5,3,4.5,2,1,1,1,1,1.2,1,9,2,5,1,1,1,1,1,1,1,1,1,1,1,1,5,5,5,3,4.5,2,1,1,1,1,1.2,4,7,4,7,1,1,1,1,1,1,1,1,1,1,1,1,5,NA,5,3,4.333333333333333,2,1,1,2,1,1.4,4,8,7,factors that can cause stress,how math and movement influence you,44,Male,Mixed,No issues,"Yes, you may use my data in the research.",NA,1,1,0,0,0,0,FALSE,FALSE,1,FALSE
16211284,23/06/2026 09:59:14,complete,Threat,SmilePosOne,positive,one,I agree to participate,16,4,4,4,4,4,1,1,1,1,1,1,1,1,7,7,7,7,7,4,1,1,1,1,1.6,2,6,4,8,4,4,4,4,1,1,1,1,1,1,1,1,7,7,7,7,7,4,1,1,1,1,1.6,1,9,2,5,4,4,4,4,1,1,1,1,1,1,1,1,7,7,7,7,7,4,1,1,1,1,1.6,4,7,3,7,4,4,4,4,1,1,1,1,1,1,1,1,7,7,7,7,7,4,1,1,1,1,1.6,4,8,7,I am not sure what the purpose of this study was.,I am not sure.,29,Female,White,NA,"Yes, you may use my data in the research.",NA,1,1,0.04823529411764705,0.11615384615384612,0,0,FALSE,FALSE,0,FALSE
16212032,23/06/2026 10:41:25,complete,Threat,NaturaPosTen,positive,ten,I agree to participate,16,4,3,1,1,1.6666666666666667,4,4,5,4.333333333333333,1,1,1,1,1,1,1,1,1,6,6,4,5,7,5.6,2,6,4,8,1,4,3,2.6666666666666665,1,1,1,1,3,1,3,2.3333333333333335,1,1,2,1,1.25,5,6,4,1,5,4.2,1,9,2,5,2,1,2,1.6666666666666667,1,1,1,1,4,5,1,3.3333333333333335,1,1,1,1,1,4,5,4,1,5,3.8,4,7,3,7,4,1,2,2.3333333333333335,1,1,1,1,3,1,3,2.3333333333333335,1,1,1,1,1,4,5,4,1,5,3.8,4,8,7,that the tasks could change responses to quality of life questions,I don't know,30,Male,White,NA,"Yes, you may use my data in the research.",NA,1,1,0,0.6247884615384616,0,0.7134615384615385,FALSE,TRUE,0,FALSE
16212770,23/06/2026 11:40:57,complete,No threat,SmilePosTen,positive,ten,I agree to participate,16,4,4,4,4,4,1,1,NA,1,2,3,5,3.3333333333333335,4,4,4,4,4,3,1,1,1,1,1.4,2,6,4,8,4,3,3,3.3333333333333335,1,1,1,1,1,1,1,1,4,4,4,4,4,3,1,1,1,1,1.4,1,9,2,5,4,4,4,4,1,1,1,1,1,1,1,1,4,4,4,4,4,3,1,1,1,1,1.4,4,7,3,7,5,3,5,4.333333333333333,1,1,1,1,1,1,1,1,4,4,4,4,4,4,1,1,1,1,1.6,4,8,7,A person's willingness to follow directions.,N/A,43,Female,White,No issues,"Yes, you may use my data in the research.",NA,1,1,0.8333076923076923,2.3918846153846154,0.02692307692307692,0.971153846153846,TRUE,TRUE,0,FALSE
16212772,23/06/2026 11:41:01,complete,No threat,SmilePosTen,positive,ten,I agree to participate,16,4,4,3,3,3.3333333333333335,1,1,1,1,1,1,1,1,5,6,6,4,5.25,1,1,1,1,1,1,2,6,4,8,4,4,4,4,1,1,1,1,1,1,1,1,6,6,6,4,5.5,1,1,1,1,1,1,1,9,2,5,5,4,4,4.333333333333333,1,1,1,1,1,1,1,1,6,6,6,4,5.5,1,1,1,1,1,1,4,7,3,7,4,3,3,3.3333333333333335,1,1,1,1,1,1,1,1,6,6,6,4,5.5,1,1,1,1,1,1,4,8,7,I have no idea honestly,I have no idea unfortunately,22,Male,Mixed,NA,"Yes, you may use my data in the research.",NA,1,1,0,1.3301538461538462,0,0.9634615384615384,FALSE,TRUE,0,FALSE
16212773,23/06/2026 11:41:04,complete,Threat,SmileNegOne,negative,one,I agree to participate,16,4,4,5,4,4.333333333333333,1,1,1,1,1,1,1,1,5,4,5,3,4.25,2,1,1,2,2,1.6,2,6,4,8,5,4,5,4.666666666666667,1,1,1,1,1,1,1,1,5,5,5,3,4.5,2,1,1,1,2,1.4,1,9,2,5,2,1,2,1.6666666666666667,4,1,1,2,2,2,2,2,5,5,5,3,4.5,2,1,1,2,2,1.6,4,7,3,7,4,4,4,4,1,1,1,1,2,1,1,1.3333333333333333,5,5,5,3,4.5,2,1,1,2,2,1.6,4,8,7,Not sure.,How people follow/interpret directions.,42,Female,Black,NA,"Yes, you may use my data in the research.",NA,1,1,0,0.4309615384615385,0,0.15384615384615374,FALSE,FALSE,0,FALSE
16212776,23/06/2026 08:41:11,complete,Threat,NaturaNegTen,negative,ten,I agree to participate,16,4,1,1,1,1,1,1,1,1,1,1,1,1,2,4,4,1,2.75,7,1,1,1,1,2.2,2,6,4,8,1,1,1,1,1,1,1,1,1,1,1,1,3,3,3,3,3,1,1,1,1,1,1,1,9,2,5,1,1,1,1,1,1,1,1,6,6,6,6,2,2,2,2,2,1,1,1,1,1,1,4,7,3,7,1,1,1,1,1,1,1,1,1,6,5,4,3,2,4,1,2.5,1,1,1,1,1,1,4,8,7,"I'm not sure, to see if people can control their facial reactions to disgusting content?",Not sure.,27,Gender variant / non-conforming,Mixed,NA,"Yes, you may use my data in the research.",NA,1,1,0.00349999999999999,0,0,0,FALSE,FALSE,0,FALSE
16212778,23/06/2026 11:41:22,complete,Threat,SmilePosOne,positive,one,I agree to participate,16,4,7,7,7,7,1,1,1,1,1,1,1,1,6,7,7,7,6.75,1,1,1,1,1,1,2,6,4,8,7,7,6,6.666666666666667,1,1,1,1,1,1,1,1,6,7,7,7,6.75,1,1,1,1,1,1,1,9,2,5,6,6,5,5.666666666666667,1,1,1,1,1,1,1,1,6,7,6,7,6.5,1,1,1,1,1,1,4,7,3,7,6,6,6,6,1,1,1,1,1,1,1,1,6,7,6,6,6.25,1,1,1,1,1,1,4,8,7,it a body postioning/movement study accomp[anied with mathematical calculations,NA,54,Male,Black,NA,"Yes, you may use my data in the research.",NA,1,0.1153846153846154,0.6759615384615385,0.04788461538461539,0.5961538461538461,0,FALSE,FALSE,0,FALSE
16212779,23/06/2026 11:41:15,complete,No threat,SmileNegOne,negative,one,I agree to participate,16,4,2,2,2,2,2,2,2,2,2,2,4,2.6666666666666665,7,6,7,7,6.75,2,1,1,1,1,1.2,2,6,4,8,1,4,1,2,1,1,1,1,1,1,1,1,7,7,7,7,7,2,1,1,1,1,1.2,1,9,2,5,1,1,1,1,1,1,1,1,1,1,1,1,7,7,7,7,7,2,1,1,1,1,1.2,4,7,3,7,1,1,1,1,1,1,1,1,1,1,1,1,7,7,7,7,7,2,1,1,1,1,1.2,4,8,7,not sure,math and movement relation,32,Female,White,none,"Yes, you may use my data in the research.",NA,1,1,0,0,0,0,FALSE,FALSE,0,FALSE
16212780,23/06/2026 10:41:16,complete,Threat,NaturaPosOne,positive,one,I agree to participate,16,NA,2,3,3,2.6666666666666665,3,2,1,2,3,1,2,2,5,2,3,1,2.75,7,2,3,2,4,3.6,2,6,4,8,1,3,1,1.6666666666666667,1,2,2,1.6666666666666667,3,1,3,2.3333333333333335,2,4,3,2,2.75,5,2,2,5,2,3.2,1,9,2,5,5,1,2,2.6666666666666665,5,1,3,3,1,4,2,2.3333333333333335,3,2,1,2,2,6,2,5,3,5,4.2,4,7,3,7,5,4,5,4.666666666666667,1,1,1,1,1,1,2,1.3333333333333333,3,3,4,2,3,6,3,2,2,5,3.6,4,8,7,To gather people facial expressions by testing a repetitive task.,"Im not sure, maybe it has to do with certain facial expressions.",33,Male,Black,The countdown timer was a little too sudden. I was unsure of how quickly the camera test was going to start.,"Yes, you may use my data in the research.",NA,1,1,0.12153846153846154,3.586346153846154,0,1,TRUE,TRUE,1,FALSE
16212783,23/06/2026 09:41:21,complete,Threat,NaturaNegOne,negative,one,I agree to participate,16,4,1,1,1,1,1,1,1,1,2,2,2,2,3,5,5,1,3.5,2,1,1,1,1,1.2,2,6,4,8,1,1,2,1.3333333333333333,1,1,1,1,1,1,1,1,2,3,5,2,3,1,1,1,1,1,1,1,9,2,5,1,1,1,1,3,1,1,1.6666666666666667,4,4,4,4,2,2,3,1,2,1,1,1,1,1,1,4,7,3,7,1,1,1,1,3,2,2,2.3333333333333335,1,1,1,1,3,5,5,1,3.5,2,1,1,1,1,1.2,4,8,7,Making us smile while seeing images that are not pleasant is an interesting study to perform. I would be interested in seeing what peoples faces actually looked like. Even though we know faking a smile can actually release chemicals to make us physically happier I felt just more irritated and annoyed that i had to smile during those images. Not sure what exactly the point is but defintely one of the more interesting studies ive taken part of!,They are defintely not about the math problems. I feel the math problems are to make sure you're paying attention. I think the real part of the study was measuring peoples reactions to images when your inducing a good or bad mood perhaps?,27,Female,White,The first video was just slightly confusing so I wasn't able to blink with the 5 second increments.,"Yes, you may use my data in the research.",NA,1,1,0,2.1453846153846152,0,1,TRUE,TRUE,0,TRUE
16212785,23/06/2026 10:41:23,complete,No threat,SmileNegOne,negative,one,I agree to participate,16,4,4,4,4,4,1,1,1,1,1,1,1,1,5,5,5,5,5,1,1,1,1,1,1,2,6,4,8,4,4,4,4,1,1,1,1,1,1,1,1,5,5,5,5,5,1,1,1,1,1,1,1,9,2,5,4,4,4,4,1,1,1,1,1,1,1,1,5,5,5,5,5,1,1,1,1,1,1,4,7,3,7,3,3,3,3,2,1,1,1.3333333333333333,1,1,1,1,5,5,5,5,5,1,1,1,1,1,1,4,8,7,How different people react to different inputs and instructions.,There will be a follow up study.,35,Male,White,NA,"Yes, you may use my data in the research.",NA,1,1,0.03961538461538462,2.8278846153846153,0,1,TRUE,TRUE,0,FALSE
16212787,23/06/2026 08:41:23,complete,No threat,NaturaNegTen,negative,ten,I agree to participate,16,4,1,1,1,1,2,5,3,3.3333333333333335,3,2,2,2.3333333333333335,1,1,1,1,1,7,7,7,7,7,7,2,6,4,8,1,1,1,1,1,1,1,1,1,1,1,1,1,1,1,1,1,7,7,7,7,7,7,1,9,2,5,1,1,1,1,4,4,4,4,4,4,4,4,1,1,1,1,1,7,7,7,7,7,7,4,7,4,7,1,1,1,1,3,2,3,2.6666666666666665,2,2,2,2,1,1,1,1,1,7,7,7,7,7,7,4,8,7,to be honest i cant tell maybe emotions through different task.,to be honest i dont really know. Reactions toward different scenario?,23,Female,Asian,no issues,"Yes, you may use my data in the research.",NA,0.9980769230769232,0.8884615384615384,0.4715576923076923,0.666,0,0.12307692307692306,FALSE,FALSE,1,FALSE
16212788,23/06/2026 08:41:27,complete,Threat,NaturaPosTen,positive,ten,I agree to participate,16,4,3,3,5,3.6666666666666665,5,3,5,4.333333333333333,3,3,4,3.3333333333333335,5,5,6,5,5.25,5,3,3,3,3,3.4,2,6,4,8,1,1,1,1,1,1,1,1,1,1,1,1,5,6,6,5,5.5,5,2,2,2,3,2.8,1,9,2,5,2,2,2,2,2,2,2,2,2,2,4,2.6666666666666665,5,6,6,5,5.5,5,2,2,2,3,2.8,4,7,3,7,4,5,5,4.666666666666667,2,2,1,1.6666666666666667,2,2,2,2,6,5,6,5,5.5,5,3,2,3,3,3.2,4,8,7,Do test how well people pay attention and take information in,I honestly do not know.,36,Female,Other,NA,"Yes, you may use my data in the research.",NA,1,1,0.5664056603773585,2.711285921625544,0.0170899854862119,0.9230769230769232,TRUE,TRUE,0,FALSE
16212789,23/06/2026 11:41:28,complete,No threat,SmileNegTen,negative,ten,I agree to participate,16,4,2,2,2,2,1,1,1,1,1,1,1,1,5,5,6,6,5.5,4,2,2,2,2,2.4,2,6,4,8,2,3,3,2.6666666666666665,1,1,1,1,1,1,1,1,5,6,6,6,5.75,4,1,1,1,1,1.6,1,9,2,5,1,1,1,1,3,4,1,2.6666666666666665,2,1,2,1.6666666666666667,5,6,6,6,5.75,4,1,1,1,1,1.6,4,7,3,7,1,3,1,1.6666666666666667,1,1,2,1.3333333333333333,1,1,1,1,5,6,6,6,5.75,4,1,1,1,1,1.6,4,8,7,how images affect facial movement,im not sure,20,Female,Black,NA,"Yes, you may use my data in the research.",NA,1,0.9882352941176472,0.00719230769230769,1.1293374811463046,0,0.53710407239819,FALSE,TRUE,0,FALSE
16212790,23/06/2026 11:41:28,complete,Threat,SmileNegTen,negative,ten,I agree to participate,16,4,5,6,5,5.333333333333333,1,1,2,1.3333333333333333,1,1,1,1,6,6,6,3,5.25,1,1,1,1,1,1,2,6,4,8,1,1,1,1,1,1,1,1,2,2,2,2,6,6,6,4,5.5,1,1,1,1,1,1,1,9,2,5,1,1,1,1,1,1,3,1.6666666666666667,2,2,3,2.3333333333333335,6,6,6,4,5.5,2,1,1,1,1,1.2,4,7,3,7,1,1,1,1,1,1,1,1,2,2,2,2,5,6,6,4,5.25,2,1,1,1,1,1.2,2,8,7,It was to see how people respond to sad images and if it makes them perform worse at math questions.,Im not sure maybe that the images had hidden meanings or something like that.,23,Male,Mixed,NA,"Yes, you may use my data in the research.",NA,1,0.9961538461538462,0.07698039215686274,1.2962145550527904,0,0.5931372549019608,FALSE,TRUE,1,FALSE
16212791,23/06/2026 11:41:30,complete,No threat,SmileNegTen,negative,ten,I agree to participate,16,4,4,5,4,4.333333333333333,1,1,2,1.3333333333333333,2,1,2,1.6666666666666667,4,3,4,2,3.25,6,5,2,5,5,4.6,2,6,4,8,3,2,3,2.6666666666666665,1,5,5,3.6666666666666665,5,2,2,3,4,4,3,3,3.5,6,5,4,4,5,4.8,1,9,2,5,1,1,1,1,7,7,7,7,7,7,7,7,4,3,3,3,3.25,6,6,3,5,6,5.2,4,7,3,7,1,1,1,1,7,7,7,7,7,7,7,7,3,3,3,3,3,6,5,3,6,6,5.2,4,8,7,To be able to maintain and finish tasks under stress.,How one feels about their life and feelings may change after being shown distressing images.,46,Female,White,NA,"Yes, you may use my data in the research.",NA,1,1,1.5337307692307691,1.2329144326816357,0.9865384615384616,0.9884615384615384,FALSE,FALSE,0,FALSE
16212793,23/06/2026 11:41:29,complete,No threat,NaturaPosOne,positive,one,I agree to participate,16,4,1,1,3,1.6666666666666667,1,1,1,1,5,1,4,3.3333333333333335,1,3,1,2,1.75,7,5,5,5,6,5.6,2,6,4,8,4,4,5,4.333333333333333,1,1,1,1,1,1,1,1,2,2,1,1,1.5,7,4,4,3,5,4.6,1,9,2,5,5,4,5,4.666666666666667,1,1,1,1,1,1,3,1.6666666666666667,2,2,2,1,1.75,7,4,5,3,5,4.8,4,7,3,7,4,5,7,5.333333333333333,1,1,1,1,1,1,1,1,1,2,2,1,1.5,7,6,5,6,6,6,4,8,7,Changes in additude and feelings in self-reflection after minimal tasks,No,35,Male,White,NA,"Yes, you may use my data in the research.",NA,1,1,0,0.6567307692307692,0,0.8653846153846155,FALSE,TRUE,0,FALSE
16212794,23/06/2026 11:41:31,complete,No threat,NaturaNegTen,negative,ten,I agree to participate,16,4,1,1,1,1,1,1,1,1,1,1,3,1.6666666666666667,1,2,2,2,1.75,6,5,2,7,5,5,2,6,4,8,1,1,1,1,1,1,1,1,1,1,1,1,1,2,2,2,1.75,6,5,2,7,5,5,1,9,2,5,1,1,1,1,1,1,1,1,7,6,7,6.666666666666667,1,2,2,2,1.75,6,5,2,7,5,5,4,7,3,7,1,1,1,1,5,1,1,2.3333333333333335,6,6,3,5,1,2,2,2,1.75,6,5,2,7,5,5,4,8,7,"I believe the purpose of this study was to see how mathematical skills are impacted when distracted by other factors (e.g., emotional reactions, being interrupted by body movements, etc.).","I think it may pertain to some independent variable / assigned state regarding the impact of different emotional states (e.g., being shown photos of dogs being abused vs. being shown photos of happy dogs and how these different conditions impact people's ability to focus on mathematical reasoning).",24,Female,White,N/A,"Yes, you may use my data in the research.",NA,1,1,0.06117307692307693,2.815346153846154,0,1,TRUE,TRUE,0,FALSE
16212795,23/06/2026 08:41:32,complete,Threat,NaturaPosTen,positive,ten,I agree to participate,16,4,3,1,3,2.3333333333333335,1,1,1,1,1,1,1,1,7,7,7,7,7,5,1,1,1,1,1.8,2,6,4,8,3,1,3,2.3333333333333335,1,1,1,1,1,1,1,1,7,7,7,7,7,5,1,1,1,1,1.8,1,9,2,5,3,1,3,2.3333333333333335,1,1,1,1,1,1,1,1,7,7,7,7,7,5,1,1,1,1,1.8,4,7,3,7,3,1,3,2.3333333333333335,1,1,1,1,1,1,1,1,7,7,7,7,7,5,1,1,1,1,1.8,4,8,7,how images may affect our mood,im not sure but id like to know!,38,Female,Asian,none,"Yes, you may use my data in the research.",NA,1,1,0.07301923076923075,0.5708962264150944,0.048076923076923087,0.30613207547169813,FALSE,FALSE,0,FALSE
16212797,23/06/2026 10:41:36,complete,Threat,NaturaPosOne,positive,one,I agree to participate,16,4,1,1,1,1,1,1,1,1,5,3,7,5,5,6,5,6,5.5,1,1,1,1,1,1,2,6,4,8,1,1,1,1,1,1,1,1,5,3,7,5,5,6,5,6,5.5,1,1,1,1,1,1,1,9,2,5,2,1,2,1.6666666666666667,1,1,1,1,1,1,1,1,5,6,5,6,5.5,1,1,1,1,1,1,4,7,3,7,1,1,1,1,1,1,1,1,2,2,3,2.3333333333333335,5,6,5,6,5.5,1,1,1,1,1,1,4,8,7,data collection,"it's probably not a study, just some discreet form of data collection",45,Male,White,NA,"Yes, you may use my data in the research.",NA,1,1,0,0.07254901960784312,0,0.09803921568627448,FALSE,FALSE,0,FALSE
16212799,23/06/2026 11:41:38,complete,No threat,NaturaNegOne,negative,one,I agree to participate,16,4,5,6,5,5.333333333333333,5,3,3,3.6666666666666665,4,5,5,4.666666666666667,4,5,5,5,4.75,3,2,2,2,2,2.2,2,6,4,8,2,3,4,3,3,2,2,2.3333333333333335,3,2,3,2.6666666666666665,5,6,6,4,5.25,3,2,2,2,2,2.2,1,9,2,5,3,4,3,3.3333333333333335,4,4,3,3.6666666666666665,3,4,3,3.3333333333333335,4,6,6,4,5,3,2,2,2,2,2.2,4,7,3,7,5,4,5,4.666666666666667,4,3,3,3.3333333333333335,4,3,NA,3.5,5,6,6,5,5.5,3,2,2,2,2,2.2,4,8,7,About patience and repetition.,It wasn't about math.,41,Male,White,None,"Yes, you may use my data in the research.",NA,0.8846153846153846,0.03846153846153846,0.4169230769230769,0,0,0,FALSE,FALSE,0,FALSE
16212801,23/06/2026 09:41:42,complete,No threat,SmilePosTen,positive,ten,I agree to participate,16,4,4,4,4,4,1,1,1,1,1,1,1,1,6,5,6,6,5.75,2,1,1,1,1,1.2,2,6,4,8,4,4,3,3.6666666666666665,1,1,1,1,1,1,1,1,6,6,6,6,6,2,1,1,1,1,1.2,1,9,2,5,5,4,5,4.666666666666667,1,1,1,1,1,1,1,1,6,6,6,6,6,2,1,1,1,1,1.2,4,7,3,7,4,4,5,4.333333333333333,1,1,1,1,1,1,1,1,6,6,6,6,6,2,1,1,1,1,1.2,4,8,7,"To see how different movements impact emotions, and if smiling while looking at happy images has a different impact on emotions that looking at the same type of images without a smile/with a neutral expression",The math was irrelevant,29,Female,White,None,"Yes, you may use my data in the research.",NA,1,1,0.1169423076923077,2.371365384615385,0.00961538461538461,0.9788461538461538,TRUE,TRUE,0,TRUE
16212802,23/06/2026 08:41:43,complete,No threat,SmilePosOne,positive,one,I agree to participate,16,4,2,1,2,1.6666666666666667,1,1,1,1,1,1,1,1,6,6,6,6,6,2,1,1,1,1,1.2,2,6,4,8,1,1,1,1,1,1,1,1,2,1,1,1.3333333333333333,6,6,6,6,6,2,1,1,1,1,1.2,1,9,2,5,1,1,1,1,1,2,1,1.3333333333333333,2,1,2,1.6666666666666667,6,6,6,6,6,2,1,1,1,1,1.2,4,7,3,7,4,3,4,3.6666666666666665,1,1,1,1,1,1,1,1,6,6,6,6,6,2,1,1,1,1,1.2,4,8,7,I think it had something to do with facial position relating to feelings of happiness/annoyance ect. but I'm not sure,I think it might be that the math was actually irrelevant and it was about the facial positions,30,Male,White,NA,"Yes, you may use my data in the research.",NA,1,1,0.5821153846153846,3.4436538461538464,0,1,TRUE,TRUE,0,TRUE
16212804,23/06/2026 08:41:46,complete,No threat,NaturaNegTen,negative,ten,I agree to participate,16,4,4,2,3,3,2,1,1,1.3333333333333333,1,1,2,1.3333333333333333,1,2,2,1,1.5,6,1,1,3,2,2.6,2,6,4,8,3,3,2,2.6666666666666665,1,1,1,1,1,1,2,1.3333333333333333,1,2,2,1,1.5,5,1,1,4,3,2.8,1,9,2,5,1,1,1,1,3,3,2,2.6666666666666665,1,2,2,1.6666666666666667,1,2,2,1,1.5,5,1,1,3,2,2.4,4,7,3,7,2,1,1,1.3333333333333333,4,3,3,3.3333333333333335,2,2,2,2,1,2,2,1,1.5,5,1,1,2,2,2.2,4,8,7,Unsure!!,I don't know. maybe about focus,25,Female,Black,No issues! But some of the images may trigger disturbance. maybe add it in the description before the study?,"Yes, you may use my data in the research.",NA,1,1,0.01032692307692307,0.13539555052790347,0.00384615384615384,0,FALSE,FALSE,0,FALSE
16212806,23/06/2026 09:41:49,complete,Threat,SmilePosTen,positive,ten,I agree to participate,16,4,1,2,1,1.3333333333333333,2,1,4,2.3333333333333335,1,1,1,1,2,3,2,2,2.25,7,3,3,6,4,4.6,2,6,4,8,1,3,1,1.6666666666666667,2,5,5,4,1,1,1,1,2,2,2,3,2.25,7,4,3,5,3,4.4,1,9,2,5,1,1,1,1,3,2,4,3,2,2,2,2,2,2,2,2,2,7,5,5,5,5,5.4,4,7,3,7,4,2,2,2.6666666666666665,5,6,6,5.666666666666667,1,2,3,2,2,2,2,3,2.25,7,4,3,5,5,4.8,4,8,7,To discern how subjects respond cognitively based on certain factors including instructions that may be misleading and/or threats regarding compensation and to assess how particular types of situations impact self-perceptions of circumstances,That the compensation isn't what was described initially including the deduction for not following instructions,61,Female,White,I had no issues: thank you for asking.,"Yes, you may use my data in the research.",NA,0.9769230769230768,1,2.3076923076923068e-4,0.05861538461538462,0.00576923076923076,0.09038461538461535,FALSE,FALSE,0,FALSE
16212807,23/06/2026 11:41:48,complete,No threat,NaturaNegOne,negative,one,I agree to participate,16,4,2,2,2,2,2,2,2,2,2,2,3,2.3333333333333335,6,6,6,6,6,5,2,2,2,2,2.6,2,6,4,8,2,2,2,2,2,2,2,2,2,2,2,2,6,6,6,6,6,1,1,1,1,1,1,1,9,2,5,2,2,1,1.6666666666666667,3,3,4,3.3333333333333335,4,4,4,4,6,6,6,6,6,3,2,2,2,2,2.2,4,7,3,7,1,1,2,1.3333333333333333,3,3,3,3,4,5,4,4.333333333333333,6,6,6,6,6,3,2,2,2,2,2.2,4,8,7,NA,I think it has something to do with peoples reactions with negative images,23,Female,Mixed,NA,"Yes, you may use my data in the research.",NA,1,1,0.1376923076923077,0.05461538461538462,0,0,FALSE,FALSE,0,FALSE
16212809,23/06/2026 10:41:57,complete,Threat,SmileNegOne,negative,one,I agree to participate,16,4,3,3,3,3,1,1,1,1,1,1,1,1,6,6,6,3,5.25,6,1,1,1,1,2,2,6,4,8,1,1,1,1,1,1,1,1,1,1,4,2,6,6,6,6,6,6,1,1,1,1,2,1,9,2,5,1,1,1,1,1,1,1,1,1,1,1,1,6,6,6,6,6,6,1,1,1,1,2,4,7,3,7,1,1,1,1,1,1,1,1,1,1,1,1,6,6,6,6,6,6,1,1,1,1,2,4,8,7,I think it was to see how people respond to instruction when viewing certain images that can be emotional.,The images might be AI and not real..,31,Female,Other,NA,"Yes, you may use my data in the research.",NA,1,1,0,2.0151923076923075,0,1,TRUE,TRUE,0,FALSE
16212810,23/06/2026 08:41:58,complete,Threat,NaturaPosTen,positive,ten,I agree to participate,16,4,2,3,2,2.3333333333333335,7,6,6,6.333333333333333,6,6,7,6.333333333333333,2,2,2,2,2,5,5,5,5,5,5,2,6,4,8,4,5,5,4.666666666666667,2,2,2,2,2,2,3,2.3333333333333335,2,2,4,2,2.5,6,4,3,4,4,4.2,1,9,2,5,2,2,2,2,4,2,2,2.6666666666666665,5,3,5,4.333333333333333,3,3,3,3,3,5,4,4,5,4,4.4,4,7,3,7,7,7,7,7,1,1,1,1,1,1,1,1,3,3,4,3,3.25,3,3,3,3,3,3,4,8,7,to see how we feel after different tasks,idk,33,Male,White,"the very first movement caught me off guard that it started immediately so for the first couple seconds i wasn't blinking, but besides that I think i got all the tasks correct, it was interesting! thank you","Yes, you may use my data in the research.",NA,1,1,1.6060384615384615,2.311596153846154,0.948076923076923,1,FALSE,FALSE,0,FALSE
16212812,23/06/2026 11:41:56,complete,No threat,NaturaPosOne,positive,one,I agree to participate,16,4,3,2,2,2.3333333333333335,1,3,2,2,3,4,4,3.6666666666666665,1,2,3,1,1.75,3,7,7,7,7,6.2,2,6,4,8,1,2,1,1.3333333333333333,1,1,1,1,4,3,1,2.6666666666666665,1,1,1,3,1.5,3,7,7,7,7,6.2,1,9,2,5,2,3,1,2,1,1,1,1,4,4,5,4.333333333333333,1,1,1,3,1.5,3,7,7,7,7,6.2,4,7,3,7,2,3,2,2.3333333333333335,2,2,1,1.6666666666666667,1,5,2,2.6666666666666665,1,1,2,3,1.75,3,7,7,7,7,6.2,4,8,7,No clue really,God only knows,43,Male,White,All good,"Yes, you may use my data in the research.",NA,1,1,0,0.4246153846153846,0,0.9423076923076924,FALSE,TRUE,0,FALSE
16212813,23/06/2026 11:41:55,complete,No threat,NaturaNegTen,negative,ten,I agree to participate,16,4,5,5,5,5,1,1,1,1,1,1,1,1,6,5,5,2,4.5,2,1,1,2,2,1.6,2,6,4,8,4,5,4,4.333333333333333,1,1,1,1,1,1,1,1,5,5,6,2,4.5,2,1,1,2,2,1.6,1,9,2,5,1,1,1,1,7,2,3,4,6,6,6,6,5,5,5,2,4.25,2,1,1,2,2,1.6,4,7,3,7,1,1,1,1,6,2,2,3.3333333333333335,6,6,6,6,5,5,6,2,4.5,2,1,1,2,2,1.6,4,8,7,The purpose of this study was to gauge how we see ourselves overall as well as looking at pictures of distressing situations and gauge our thoughts on what we saw.,I am not sure.,56,Male,White,NA,"Yes, you may use my data in the research.",NA,1,1,0.1295708898944193,0.02484615384615385,0,0,FALSE,FALSE,0,FALSE
16212815,23/06/2026 11:41:57,complete,Threat,NaturaNegOne,negative,one,I agree to participate,16,4,1,NA,1,1,1,1,3,1.6666666666666667,2,1,1,1.3333333333333333,5,4,6,4,4.75,5,2,2,2,2,2.6,2,6,4,8,1,1,1,1,1,1,1,1,1,1,1,1,4,4,5,4,4.25,5,1,1,1,1,1.8,1,9,2,5,1,1,1,1,1,1,1,1,1,1,1,1,5,4,4,4,4.25,1,1,1,1,1,1,4,7,3,7,NA,1,1,1,2,1,1,1.3333333333333333,1,1,1,1,4,4,5,4,4.25,5,2,2,2,2,2.6,4,8,7,See the effects of my emotional state after viewing the images.,Images influence moods and cognitive function.,35,Male,White,No issues.,"Yes, you may use my data in the research.",NA,1,1,0.325,2.4707692307692306,0,1,TRUE,TRUE,0,FALSE
16212816,23/06/2026 10:41:59,complete,Threat,SmileNegOne,negative,one,I agree to participate,16,4,1,1,1,1,1,1,1,1,4,3,4,3.6666666666666665,1,1,1,1,1,7,2,2,4,5,4,3,6,4,8,1,1,1,1,2,1,1,1.3333333333333333,4,2,3,3,1,1,1,1,1,7,3,2,6,4,4.4,1,9,2,5,1,1,1,1,6,1,1,2.6666666666666665,3,2,4,3,1,1,1,1,1,7,5,4,7,4,5.4,4,7,3,7,1,1,1,1,6,4,3,4.333333333333333,4,3,3,3.3333333333333335,1,1,1,1,1,7,4,3,6,4,4.8,4,8,7,Maybe to see how people react to very different styles of tasks like the movements and the math questions and the sad photos.,Maybe it would be what the connection is between negative visual stimuli and having to problem solve,30,Female,Mixed,I was a second behind I think in the first task (the blinking task) but I did still get all 5 blinks in.,"Yes, you may use my data in the research.",NA,1,1,0,1.6286538461538462,0,1,TRUE,TRUE,1,FALSE
16212817,23/06/2026 10:42:05,complete,Threat,NaturaPosOne,positive,one,I agree to participate,16,4,1,3,1,1.6666666666666667,1,1,1,1,1,1,1,1,7,7,7,6,6.75,5,1,1,1,1,1.8,2,6,4,8,1,1,1,1,1,1,1,1,1,1,1,1,7,7,7,7,7,2,1,1,1,1,1.2,1,9,2,5,2,1,1,1.3333333333333333,1,1,1,1,1,1,1,1,7,7,7,7,7,2,1,1,1,1,1.2,4,7,3,7,1,1,4,2,1,1,1,1,1,1,1,1,7,7,7,7,7,3,1,1,1,1,1.4,4,8,7,I honestly do not have any clue. I found it odd to do movements then answer math questions then emotions - so I can't figure out how they all corallate.,other people might be seeing my moevments to judge them in future studies?,39,Female,White,NA,"Yes, you may use my data in the research.",NA,1,1,0.8428846153846153,3.039807692307692,0.01923076923076921,1,TRUE,TRUE,0,FALSE
16212819,23/06/2026 10:42:06,complete,Threat,SmileNegOne,negative,one,I agree to participate,16,4,6,6,5,5.666666666666667,6,1,1,2.6666666666666665,1,1,1,1,7,7,7,7,7,1,1,1,1,1,1,2,6,4,8,5,5,3,4.333333333333333,5,1,1,2.3333333333333335,1,1,1,1,7,7,7,7,7,1,1,1,1,1,1,1,9,2,5,1,3,3,2.3333333333333335,5,1,2,2.6666666666666665,2,5,2,3,7,7,7,7,7,1,1,1,1,1,1,4,7,3,7,1,1,1,1,6,6,5,5.666666666666667,6,6,5,5.666666666666667,7,7,7,7,7,1,1,1,1,1,1,4,8,7,To provide my opinion on the given situation.,To give my opinion on the given situation.,35,Male,Asian,I didn't faced any issues.,"Yes, you may use my data in the research.",NA,1,1,2.2253846153846153,1.301153846153846,1,0.8461538461538463,FALSE,FALSE,0,FALSE
16212825,23/06/2026 10:42:18,complete,Threat,NaturaPosTen,positive,ten,I agree to participate,16,4,7,NA,7,7,7,1,1,3,1,1,1,1,7,7,7,7,7,1,1,1,2,1,1.2,2,6,4,8,7,7,7,7,7,1,1,3,1,1,1,1,7,7,7,7,7,1,1,1,1,1,1,1,9,2,5,7,7,7,7,7,1,1,3,1,1,1,1,7,7,7,7,7,1,1,1,1,1,1,4,7,3,7,7,7,7,7,7,1,1,3,1,1,1,1,7,7,7,7,7,1,1,1,1,1,1,4,8,7,To give the intrustions and to see if they are followed.,To see the reaction of the other part.,26,Female,Black,"I had no issue, the study was clear, thank you.","Yes, you may use my data in the research.",NA,0.969375907111756,0.7076923076923077,0.8886338896952104,0.9094103773584906,0.00573294629898403,0.27216981132075474,FALSE,FALSE,0,FALSE
16212827,23/06/2026 11:42:18,complete,No threat,SmilePosOne,positive,one,I agree to participate,16,4,1,2,1,1.3333333333333333,1,1,1,1,1,1,2,1.3333333333333333,6,6,6,6,6,2,1,1,2,1,1.4,2,6,4,8,4,4,4,4,1,1,1,1,1,1,1,1,6,6,6,6,6,2,1,1,2,1,1.4,1,9,2,5,6,6,6,6,1,1,1,1,1,1,1,1,6,6,6,6,6,2,1,1,2,1,1.4,4,7,3,7,5,4,5,4.666666666666667,1,1,1,1,1,1,1,1,6,6,NA,6,6,2,1,1,2,1,1.4,4,8,7,gauging how emotions alter cognition or abilities to perform simple tasks,NA,54,Female,NA,NA,"Yes, you may use my data in the research.",NA,1,1,3.122692307692308,3.1296153846153847,1,1,FALSE,FALSE,0,FALSE
16212829,23/06/2026 11:42:25,complete,No threat,NaturaNegTen,negative,ten,I agree to participate,16,4,5,4,5,4.666666666666667,6,1,2,3,1,2,2,1.6666666666666667,5,6,5,5,5.25,1,2,1,2,2,1.6,2,6,4,8,3,4,3,3.3333333333333335,1,1,1,1,1,1,1,1,5,5,5,5,5,1,1,1,1,1,1,1,9,2,5,2,2,2,2,4,1,2,2.3333333333333335,1,1,1,1,5,5,5,5,5,1,2,1,1,1,1.2,4,7,3,7,3,6,4,4.333333333333333,1,1,1,1,2,1,1,1.3333333333333333,6,5,5,5,5.25,1,1,1,2,1,1.2,4,8,7,The affects of physical movements,studying facial movements,40,Male,Black,great study no issues,"Yes, you may use my data in the research.",NA,1,1,0,0,0,0,FALSE,FALSE,0,FALSE
16212832,23/06/2026 11:42:38,complete,No threat,SmileNegTen,negative,ten,I agree to participate,16,4,1,1,1,1,1,1,1,1,5,6,6,5.666666666666667,6,4,6,6,5.5,7,7,7,7,7,7,2,6,4,8,1,1,1,1,2,1,1,1.3333333333333333,5,5,4,4.666666666666667,6,5,6,7,6,7,7,7,7,7,7,1,9,2,5,1,1,1,1,2,1,1,1.3333333333333333,6,6,5,5.666666666666667,6,5,5,7,5.75,7,7,7,7,7,7,4,7,3,7,1,1,1,1,3,1,1,1.6666666666666667,6,5,4,5,6,5,6,7,6,7,7,7,7,7,7,4,8,7,Seeing how we feel with the photos.,feelings,31,Female,Other,NA,"Yes, you may use my data in the research.",NA,1,0.7876734693877551,0.09995673469387756,0.11083795918367348,0.01800000000000001,0.0163265306122449,FALSE,FALSE,0,FALSE
16212833,23/06/2026 10:42:37,complete,Threat,SmileNegTen,negative,ten,I agree to participate,16,4,2,2,2,2,2,1,1,1.3333333333333333,1,1,1,1,6,5,5,5,5.25,5,1,1,1,2,2,2,6,4,8,2,3,3,2.6666666666666665,1,1,1,1,1,1,1,1,5,5,6,5,5.25,5,1,1,1,2,2,1,9,2,5,1,1,1,1,2,1,1,1.3333333333333333,3,2,3,2.6666666666666665,5,6,5,5,5.25,5,1,1,1,3,2.2,4,7,3,7,1,1,1,1,2,1,1,1.3333333333333333,3,2,3,2.6666666666666665,6,5,5,5,5.25,5,1,1,1,3,2.2,4,8,7,To determine how the images affected your feelings and math performance,It had more to do with the photos than the math,26,Female,White,I had no issues! :),"Yes, you may use my data in the research.",NA,1,1,2.8670961538461537,3.150326923076923,0.9961538461538462,1,FALSE,FALSE,0,FALSE
16212834,23/06/2026 11:42:40,complete,No threat,NaturaNegOne,negative,one,I agree to participate,16,4,1,4,3,2.6666666666666665,1,1,1,1,1,1,1,1,6,6,6,4,5.5,1,1,1,1,1,1,2,6,4,8,5,5,5,5,1,1,1,1,1,1,1,1,6,6,6,4,5.5,1,1,1,1,1,1,1,9,2,5,1,1,1,1,2,1,1,1.3333333333333333,4,1,3,2.6666666666666665,6,6,6,4,5.5,1,1,1,1,1,1,4,7,3,7,1,1,1,1,1,1,1,1,2,1,NA,1.5,6,6,6,4,5.5,1,1,1,1,1,1,4,8,7,I haven't a clue,Hey Cortana,70,Female,White,none,"Yes, you may use my data in the research.",NA,1,1,2.110566037735849,3.0384615384615383,1,1,FALSE,FALSE,0,FALSE
16212836,23/06/2026 11:43:08,complete,No threat,SmileNegOne,negative,one,I agree to participate,16,4,3,2,4,3,1,1,1,1,1,1,1,1,7,7,6,6,6.5,2,1,1,1,1,1.2,2,6,4,8,2,2,3,2.3333333333333335,1,1,1,1,1,1,1,1,7,7,6,6,6.5,1,1,1,1,1,1,1,9,2,5,3,2,3,2.6666666666666665,2,1,1,1.3333333333333333,1,1,1,1,7,7,6,6,6.5,2,1,1,1,1,1.2,4,7,3,7,2,2,2,2,1,1,1,1,1,1,1,1,7,7,6,6,6.5,2,1,1,1,1,1.2,4,8,7,Understanding how certain tasks like math and movement affect emotions.,I think that maybe the accuracy of the math problems was irrelevant.,34,Female,Mixed,NA,"Yes, you may use my data in the research.",NA,1,1,0.5426923076923077,2.941153846153846,0,1,TRUE,TRUE,0,FALSE
16212837,23/06/2026 10:43:04,complete,Threat,SmilePosTen,positive,ten,I agree to participate,16,4,1,1,1,1,1,1,1,1,2,2,2,2,3,4,3,3,3.25,5,2,2,5,5,3.8,2,6,4,8,1,1,1,1,1,1,1,1,1,1,1,1,3,4,3,3,3.25,5,2,1,4,5,3.4,1,9,2,5,2,1,4,2.3333333333333335,1,1,1,1,2,1,4,2.3333333333333335,3,4,3,3,3.25,5,2,2,4,5,3.6,4,7,3,7,1,2,2,1.6666666666666667,1,1,1,1,1,1,1,1,3,4,3,3,3.25,5,2,1,4,4,3.2,4,8,7,"I have no idea, maybe how images of nature and animals affect us.",I don't know.,48,Female,Mixed,I wasn't prepared to begin immediately on the first set - instructions could use a little clarification because the timer struck me as possibly a countdown at first.,"Yes, you may use my data in the research.",NA,1,1,0.4005927601809955,1.2363427601809955,0.04423076923076922,0.5188159879336349,FALSE,TRUE,0,FALSE
16212839,23/06/2026 11:43:10,complete,Threat,NaturaPosTen,positive,ten,I agree to participate,16,4,2,3,3,2.6666666666666665,3,3,3,3,2,1,3,2,6,5,6,6,5.75,4,3,4,4,3,3.6,2,6,4,8,3,3,3,3,2,2,2,2,2,2,2,2,6,6,5,6,5.75,3,4,4,4,2,3.4,1,9,2,5,3,3,2,2.6666666666666665,2,2,2,2,4,3,4,3.6666666666666665,6,6,5,6,5.75,2,3,4,4,2,3,4,7,3,7,4,3,4,3.6666666666666665,2,2,2,2,2,1,3,2,6,6,5,6,5.75,3,3,4,4,2,3.2,4,8,7,How facial expressions changes mood,I am not sure,23,Female,White,"I was confused on the first facial activity one, I thought each set would be an actor not that I was supposed to just do the actors on the pratice page.","Yes, you may use my data in the research.",NA,1,1,0,2.3274423076923076,0,1,TRUE,TRUE,0,TRUE
16212841,23/06/2026 11:43:36,complete,No threat,SmilePosTen,positive,ten,I agree to participate,16,4,2,2,2,2,1,1,1,1,1,1,1,1,6,6,6,6,6,1,1,1,1,1,1,2,6,4,8,2,2,2,2,1,1,1,1,1,1,1,1,6,6,6,6,6,1,1,1,1,1,1,1,9,2,5,6,6,6,6,1,1,1,1,1,1,1,1,6,6,6,6,6,1,1,1,1,1,1,4,7,3,7,5,5,5,5,1,1,1,1,1,1,1,1,6,6,6,6,6,1,1,1,1,1,1,4,8,7,investigate how body movements and pictures affect people's attitudes toward life,our attitudes toward life might be affected by physical movement?,37,Female,Asian,none,"Yes, you may use my data in the research.",NA,0.9980392156862744,1,1.373078431372549,2.1030245098039217,0.9549019607843136,1,FALSE,FALSE,0,FALSE
16212845,23/06/2026 11:44:12,complete,No threat,SmilePosTen,positive,ten,I agree to participate,16,4,2,3,5,3.3333333333333335,4,1,1,2,2,2,3,2.3333333333333335,4,3,5,1,3.25,6,1,1,6,3,3.4,2,6,4,8,3,3,3,3,4,1,1,2,1,1,1,1,3,4,4,1,3,6,1,1,5,3,3.2,1,9,2,5,6,5,6,5.666666666666667,4,1,1,2,1,1,1,1,3,3,5,1,3,NA,1,1,5,3,2.5,4,7,3,7,6,5,6,5.666666666666667,4,1,1,2,1,1,1,1,3,4,4,1,3,6,1,1,5,3,3.2,4,8,7,no idea,no idea,60,Male,White,NA,"Yes, you may use my data in the research.",NA,0.7384615384615385,0.36092162554426704,0.7258269230769231,0.07374020319303339,0.12307692307692313,0,FALSE,FALSE,0,FALSE
16212847,23/06/2026 10:44:15,complete,Threat,NaturaNegOne,negative,one,I agree to participate,16,4,1,4,2,2.3333333333333335,6,1,5,4,1,1,1,1,4,3,4,3,3.5,7,5,6,5,6,5.8,2,6,4,8,3,4,4,3.6666666666666665,1,1,1,1,1,1,1,1,4,2,3,3,3,6,5,4,5,5,5,1,9,2,5,1,3,1,1.6666666666666667,4,2,2,2.6666666666666665,3,2,4,3,3,2,3,3,2.75,7,5,5,4,5,5.2,4,7,3,7,1,1,1,1,4,4,4,4,1,1,1,1,4,2,3,3,3,7,5,6,5,6,5.8,4,8,7,To see how our mood and perception of life quality changed over the course of performing different tasks,"How the physical task, mental math, and questionaires work together to provide insight into our life satisfaction",25,Female,White,N/A,"Yes, you may use my data in the research.",NA,1,1,0.01392156862745098,2.8041176470588236,0,1,TRUE,TRUE,0,FALSE
16212848,23/06/2026 11:44:24,complete,Threat,SmilePosOne,positive,one,I agree to participate,16,4,4,3,2,3,5,2,2,3,6,6,6,6,2,1,1,6,2.5,5,4,5,5,6,5,2,6,4,8,3,3,2,2.6666666666666665,3,3,3,3,5,5,3,4.333333333333333,1,1,1,1,1,6,5,6,6,6,5.8,1,9,2,5,3,4,3,3.3333333333333335,2,2,2,2,5,4,5,4.666666666666667,1,1,1,7,2.5,5,4,5,5,5,4.8,4,7,3,7,3,2,2,2.3333333333333335,2,2,NA,2,5,5,5,5,1,1,1,1,1,6,5,6,6,6,5.8,4,8,7,How positive imagery can help with math skills.,I'm not sure,27,Female,White,NA,"Yes, you may use my data in the research.",NA,1,1,0,0.00117647058823529,0,0,FALSE,FALSE,0,FALSE
16212850,23/06/2026 11:44:59,complete,No threat,SmileNegTen,negative,ten,I agree to participate,16,4,1,3,3,2.3333333333333335,1,1,1,1,2,1,2,1.6666666666666667,3,3,5,3,3.5,3,1,1,2,1,1.6,2,6,4,8,1,3,2,2,1,1,1,1,1,1,1,1,3,3,3,3,3,2,1,1,2,1,1.4,1,9,2,5,2,2,2,2,1,1,1,1,1,1,1,1,3,3,3,3,3,2,1,1,2,1,1.4,4,7,3,7,1,1,1,1,2,1,1,1.3333333333333333,2,1,1,1.3333333333333333,3,3,3,3,3,2,1,1,2,1,1.4,4,8,7,people's real reactions/how they felt when presented with negative images,not sure,48,Female,White,none,"Yes, you may use my data in the research.",NA,1,1,0,2.1664328808446456,0,0.9686274509803922,TRUE,TRUE,0,FALSE
16212854,23/06/2026 11:45:40,complete,No threat,NaturaNegOne,negative,one,I agree to participate,16,4,4,3,4,3.6666666666666665,5,1,1,2.3333333333333335,3,4,1,2.6666666666666665,5,6,2,3,4,2,3,5,3,4,3.4,2,6,4,8,2,3,2,2.3333333333333335,4,3,3,3.3333333333333335,2,3,3,2.6666666666666665,4,3,3,3,3.25,3,2,1,2,2,2,1,9,2,5,1,3,1,1.6666666666666667,6,4,4,4.666666666666667,5,3,2,3.3333333333333335,3,4,4,5,4,3,1,1,4,2,2.2,4,6,3,7,2,4,1,2.3333333333333335,5,2,5,4,3,3,2,2.6666666666666665,4,4,2,6,4,4,1,3,1,2,2.2,4,8,7,Physicam movernment and measure thing caacity of the human being.,No,37,Female,Black,I did not encounter any iussue during the study.,"Yes, you may use my data in the research.",NA,1,0.16981132075471697,0.02192307692307692,0.0809433962264151,0,0,FALSE,FALSE,1,FALSE
16212898,23/06/2026 08:50:57,complete,Threat,SmilePosOne,positive,one,I agree to participate,16,4,3,3,3,3,4,4,4,4,5,4,3,4,5,5,4,5,4.75,4,3,3,4,2,3.2,2,6,4,8,4,4,3,3.6666666666666665,4,2,2,2.6666666666666665,2,3,NA,2.5,5,5,6,6,5.5,2,2,2,2,3,2.2,1,9,2,5,3,4,3,3.3333333333333335,4,2,3,3,2,2,3,2.3333333333333335,5,5,4,3,4.25,3,2,3,3,3,2.8,4,7,3,7,2,2,2,2,3,2,3,2.6666666666666665,2,3,3,2.6666666666666665,5,3,4,2,3.5,3,3,2,2,3,2.6,4,8,7,test facial and emotional expression,emotional stage related to object and environment,41,Female,Asian,none,"Yes, you may use my data in the research.",NA,1,1,0,0.2626923076923077,0,0.6346153846153845,FALSE,TRUE,0,FALSE
16213809,23/06/2026 09:55:45,complete,Threat,NaturaPosOne,positive,one,I agree to participate,16,4,1,1,1,1,2,1,1,1.3333333333333333,1,1,1,1,3,4,3,2,3,2,2,3,2,1,2,2,6,4,8,2,1,1,1.3333333333333333,2,2,1,1.6666666666666667,3,3,4,3.3333333333333335,5,5,4,4,4.5,2,1,1,2,2,1.6,1,9,2,5,3,3,3,3,2,2,2,2,1,1,1,1,3,3,3,3,3,3,2,2,2,2,2.2,4,7,3,7,3,1,3,2.3333333333333335,1,2,2,1.6666666666666667,2,2,2,2,3,3,3,3,3,2,3,2,3,2,2.4,4,8,7,To test our feelings,personality,30,Male,White,none,"Yes, you may use my data in the research.",NA,1,1,0.22942307692307692,0.7807692307692308,0,0.3461538461538461,FALSE,FALSE,0,FALSE
16220035,24/06/2026 09:12:25,complete,No threat,NaturaPosOne,positive,one,I agree to participate,16,4,3,NA,5,4,1,1,1,1,1,1,1,1,5,5,7,3,5,1,1,1,1,1,1,2,6,4,8,3,3,2,2.6666666666666665,1,1,1,1,2,1,2,1.6666666666666667,3,6,5,5,4.75,1,1,1,1,1,1,1,9,2,5,3,2,2,2.3333333333333335,1,1,1,1,2,1,2,1.6666666666666667,5,5,5,3,4.5,1,1,1,1,1,1,4,7,3,7,4,3,3,3.3333333333333335,1,1,1,1,1,1,1,1,5,5,5,3,4.5,1,1,1,1,1,1,4,8,7,I think the purpose of this study was to see how doing seemingly meaningless tasks effects a person's mood,I don't know,40,Male,Black,None,"Yes, you may use my data in the research.",NA,1,1,0.18807692307692309,3.224423076923077,0.21153846153846148,1,TRUE,TRUE,0,FALSE
16220036,24/06/2026 08:12:36,complete,No threat,SmileNegTen,negative,ten,I agree to participate,16,4,4,4,4,4,1,1,1,1,1,1,1,1,2,2,2,5,2.75,1,3,4,4,4,3.2,2,6,NA,8,3,3,3,3,1,1,1,1,1,1,1,1,4,4,4,3,3.75,1,1,1,5,1,1.8,1,9,2,5,2,1,1,1.3333333333333333,1,1,1,1,1,1,2,1.3333333333333333,4,4,4,3,3.75,1,1,3,1,1,1.4,4,7,3,7,1,1,1,1,1,1,1,1,1,1,4,2,3,4,4,4,3.75,1,1,4,6,5,3.4,4,8,7,"To see if disturbing images changed your outlook, the math problemd were more of a ""palate cleanser"".",no idea other what I just said,65,Male,White,No issues at all,"Yes, you may use my data in the research.",NA,0.2248185776487663,0.1,0,0.24690384615384617,0,0.1,FALSE,FALSE,1,FALSE
16220037,24/06/2026 09:12:35,complete,No threat,NaturaNegOne,negative,one,I agree to participate,16,4,1,1,1,1,1,1,1,1,1,1,2,1.3333333333333333,1,1,2,1,1.25,6,3,5,4,5,4.6,2,6,4,8,2,1,2,1.6666666666666667,1,1,1,1,4,4,4,4,1,1,4,1,1.75,7,3,3,3,3,3.8,1,9,2,5,1,1,1,1,1,1,1,1,5,3,6,4.666666666666667,1,1,3,1,1.5,7,5,4,3,3,4.4,4,7,3,7,1,1,1,1,1,1,1,1,1,1,2,1.3333333333333333,1,1,2,1,1.25,6,4,4,5,5,4.8,4,8,7,Maybe to see how the actions change our mood.,"That the math has nothing to do with the study except serve as a ""palette cleanser"" for our minds before the real questions about our mood maybe.",28,Male,Mixed,There were no issues.,"Yes, you may use my data in the research.",NA,1,1,0,2.430576923076923,0,1,TRUE,TRUE,0,FALSE
16220039,24/06/2026 09:12:39,complete,Threat,SmileNegOne,negative,one,I agree to participate,16,4,2,2,2,2,1,1,NA,1,1,1,1,1,6,6,6,1,4.75,5,1,1,1,1,1.8,2,6,4,8,2,2,1,1.6666666666666667,1,1,1,1,1,1,1,1,6,6,6,1,4.75,3,1,1,1,1,1.4,1,9,2,5,1,1,1,1,4,2,1,2.3333333333333335,1,1,1,1,6,6,6,1,4.75,3,1,1,1,1,1.4,4,7,3,7,1,1,1,1,4,1,1,2,1,1,1,1,6,6,6,1,4.75,3,1,1,1,1,1.4,4,8,7,To see how quickly we can switch between tasks and if any of the photos were upsetting,Maybe that you weren't really recording me,59,Female,White,None,"Yes, you may use my data in the research.",NA,1,1,0.1721153846153846,0.06134615384615381,0,0,FALSE,FALSE,0,FALSE
16220040,24/06/2026 09:12:40,complete,Threat,SmilePosTen,positive,ten,I agree to participate,16,4,1,1,1,1,1,1,1,1,1,1,1,1,2,2,2,2,2,4,3,4,4,4,3.8,2,6,4,8,2,4,4,3.3333333333333335,1,1,1,1,1,2,1,1.3333333333333333,4,4,4,4,4,2,2,2,2,2,2,1,9,2,5,4,1,4,3,3,1,1,1.6666666666666667,4,4,4,4,2,2,2,2,2,2,2,3,3,3,2.6,4,7,3,7,3,2,1,2,2,1,1,1.3333333333333333,4,2,3,3,4,4,4,4,4,2,2,2,2,2,2,4,8,7,I have no idea maybe see if people can do math problems after performing specific tasks,I have no idea,22,Male,Asian,NA,"Yes, you may use my data in the research.",NA,0.9653846153846154,1,0.6053653846153846,2.7650267722473605,0.2326923076923077,1,TRUE,TRUE,0,FALSE
16220041,24/06/2026 09:12:44,complete,No threat,SmilePosTen,positive,ten,I agree to participate,16,4,1,1,2,1.3333333333333333,1,1,1,1,1,1,1,1,5,5,6,5,5.25,4,2,4,2,2,2.8,2,6,4,8,1,1,1,1,1,1,1,1,2,1,2,1.6666666666666667,5,5,5,6,5.25,2,2,2,2,2,2,1,9,2,5,2,1,1,1.3333333333333333,1,1,1,1,2,2,2,2,6,5,5,5,5.25,2,1,1,1,2,1.4,4,7,3,7,1,1,1,1,1,2,2,1.6666666666666667,1,1,1,1,6,5,5,5,5.25,3,1,2,2,2,2,4,8,7,to see if distraction can impact our emotions,the math content was a distraction,48,Female,White,"none, just wasn't sure about ""am I feeling""? Were you asking how I felt in that moment or in life at this time?","Yes, you may use my data in the research.",NA,1,0.9846153846153848,0.14176923076923076,2.9985576923076924,0.00769230769230769,0.9519230769230768,TRUE,TRUE,0,FALSE
16220042,24/06/2026 08:12:42,complete,Threat,SmileNegTen,negative,ten,I agree to participate,16,4,2,3,2,2.3333333333333335,1,1,1,1,NA,NA,2,2,6,6,6,5,5.75,2,1,1,1,1,1.2,2,6,4,8,2,2,1,1.6666666666666667,1,1,1,1,2,1,2,1.6666666666666667,6,6,6,5,5.75,2,1,NA,2,1,1.5,1,9,2,5,1,1,1,1,5,1,3,3,1,5,1,2.3333333333333335,6,6,6,5,5.75,2,1,1,4,1,1.8,4,7,3,7,1,1,1,1,4,1,1,2,4,3,1,2.6666666666666665,6,6,6,5,5.75,2,1,1,5,2,2.2,4,8,7,not really sure - testing to see if the depressing pictures impact our emotions,Some type of deception was used,64,Male,White,no issues,"Yes, you may use my data in the research.",NA,1,1,0.11203846153846152,0.03230769230769231,0,0,FALSE,FALSE,0,FALSE
16220043,24/06/2026 09:12:46,complete,Threat,NaturaNegTen,negative,ten,I agree to participate,16,4,2,2,2,2,1,1,1,1,1,1,1,1,3,5,3,3,3.5,3,2,2,1,2,2,2,6,4,8,2,2,2,2,1,1,1,1,1,1,1,1,2,2,2,3,2.25,2,2,2,1,2,1.8,1,9,2,5,1,1,1,1,2,3,3,2.6666666666666665,3,4,4,3.6666666666666665,2,2,2,3,2.25,1,2,2,2,2,1.8,4,7,3,7,1,1,1,1,7,5,6,6,3,7,6,5.333333333333333,3,3,4,3,3.25,1,2,1,5,2,2.2,4,8,7,See my body movements,I am unsure,26,Female,White,none,"Yes, you may use my data in the research.",NA,0.9961538461538462,1,0.01134615384615384,2.9836346153846156,0,1,TRUE,TRUE,0,FALSE
16220044,24/06/2026 08:12:47,complete,Threat,NaturaPosTen,positive,ten,I agree to participate,16,4,3,4,3,3.3333333333333335,1,1,1,1,1,1,1,1,2,2,2,2,2,2,5,6,4,3,4,2,6,4,8,2,2,1,1.6666666666666667,1,1,1,1,1,1,1,1,2,2,2,2,2,2,3,5,2,2,2.8,1,9,2,5,2,2,1,1.6666666666666667,1,1,1,1,1,1,1,1,2,2,2,2,2,3,3,5,2,2,3,4,7,3,7,2,2,1,1.6666666666666667,1,1,1,1,1,1,1,1,2,2,2,2,2,2,4,5,2,2,3,4,8,7,I never know,No clue,46,Female,White,NA,"Yes, you may use my data in the research.",NA,0.9590120663650076,0.9980392156862744,0.42321229260935145,3.0858785822021115,0.05776772247360481,1,TRUE,TRUE,0,FALSE
16220045,24/06/2026 09:12:44,complete,No threat,SmilePosOne,positive,one,I agree to participate,16,4,4,4,4,4,NA,1,NA,1,1,1,1,1,6,6,6,2,5,1,1,1,1,1,1,2,6,4,8,4,4,4,4,1,1,1,1,1,1,1,1,6,6,6,2,5,1,1,1,1,1,1,1,9,2,5,4,4,4,4,1,1,1,1,1,1,1,1,6,6,NA,2,4.666666666666667,1,1,1,1,1,1,4,7,3,7,4,4,4,4,1,1,1,1,1,1,1,1,6,6,6,2,5,1,1,1,1,1,1,4,8,7,attitudes,How much chuck?,NA,Male,White,"all clear, no issues, thank you","Yes, you may use my data in the research.",NA,1,1,0,0,0,0,FALSE,FALSE,0,FALSE
16220047,24/06/2026 08:12:52,complete,No threat,SmileNegTen,negative,ten,I agree to participate,16,4,3,5,NA,4,1,1,1,1,2,1,2,1.6666666666666667,3,3,5,3,3.5,4,3,2,5,2,3.2,2,6,4,8,3,4,3,3.3333333333333335,1,1,1,1,1,3,1,1.6666666666666667,4,3,3,3,3.25,5,2,1,2,2,2.4,1,9,2,5,1,1,1,1,3,1,1,1.6666666666666667,5,6,6,5.666666666666667,4,3,3,3,3.25,5,3,2,4,4,3.6,4,7,3,7,1,1,1,1,5,1,1,2.3333333333333335,6,6,6,6,4,3,4,3,3.5,4,2,NA,2,2,2.5,4,8,7,To see if we can get distracted from our tasks and it effects our work.,It wasn't about the math problems but how we changed emotionally,47,Female,White,NA,"Yes, you may use my data in the research.",NA,1,0.8058823529411765,5.882352941176473e-5,1.747392156862745,0,0.7941176470588235,TRUE,TRUE,0,FALSE
16220048,24/06/2026 09:12:54,complete,No threat,SmilePosTen,positive,ten,I agree to participate,16,4,5,4,4,4.333333333333333,4,5,5,4.666666666666667,3,5,6,4.666666666666667,5,6,7,6,6,5,4,4,3,6,4.4,2,6,4,8,5,5,6,5.333333333333333,2,1,2,1.6666666666666667,1,1,2,1.3333333333333333,7,5,5,6,5.75,2,1,3,2,1,1.8,1,9,2,5,5,6,5,5.333333333333333,4,3,2,3,2,1,3,2,4,3,6,4,4.25,2,4,4,2,3,3,4,7,3,7,6,5,6,5.666666666666667,2,2,3,2.3333333333333335,1,NA,2,1.5,5,4,5,5,4.75,2,1,3,2,2,2,4,8,7,foucs,none,43,Male,White,NA,"Yes, you may use my data in the research.",NA,0,0,0,0,0,0,FALSE,FALSE,0,FALSE
16220049,24/06/2026 09:12:57,complete,No threat,NaturaNegOne,negative,one,I agree to participate,16,4,3,3,3,3,1,1,1,1,1,1,1,1,5,5,5,3,4.5,5,3,1,3,4,3.2,2,6,4,8,2,2,2,2,1,1,1,1,1,1,1,1,5,3,5,3,4,5,2,1,2,2,2.4,1,9,2,5,2,2,1,1.6666666666666667,1,1,1,1,1,1,1,1,5,3,5,3,4,5,2,1,2,2,2.4,4,7,3,7,1,1,1,1,2,1,1,1.3333333333333333,1,1,1,1,5,3,5,3,4,5,2,1,2,2,2.4,4,8,7,To determine whether emotions change after specific physical movements/actions,Maybe seeing how people's reactions or feelings change after seeing certain images meant to evoke a certain response,33,Female,Black,NA,"Yes, you may use my data in the research.",NA,1,1,0.00959183673469387,1.9792156862745096,0,0.9411764705882352,TRUE,TRUE,0,FALSE
16220050,24/06/2026 09:12:59,complete,Threat,SmilePosOne,positive,one,I agree to participate,16,4,1,1,1,1,1,1,1,1,1,1,1,1,5,5,6,2,4.5,7,3,2,2,6,4,2,6,4,8,1,1,1,1,1,1,1,1,1,1,1,1,5,5,5,1,4,7,1,1,1,5,3,1,9,2,5,1,1,1,1,1,1,1,1,1,1,1,1,5,5,6,1,4.25,7,1,1,1,6,3.2,4,7,3,7,3,1,3,2.3333333333333335,1,1,1,1,1,1,1,1,5,5,5,2,4.25,7,1,1,1,6,3.2,4,8,7,No idea. Train AI?,No idea.,21,Gender variant / non-conforming,White,NA,"Yes, you may use my data in the research.",NA,NA,NA,NA,NA,NA,NA,NA,NA,0,FALSE
16220052,24/06/2026 09:13:03,complete,Threat,SmileNegOne,negative,one,I agree to participate,16,4,1,2,1,1.3333333333333333,1,1,1,1,2,1,2,1.6666666666666667,3,3,4,3,3.25,2,1,3,5,3,2.8,2,6,4,8,1,5,4,3.3333333333333335,1,1,1,1,1,1,1,1,3,3,3,2,2.75,1,1,1,5,2,2,1,9,2,5,1,1,1,1,2,1,1,1.3333333333333333,1,1,1,1,3,2,3,3,2.75,1,1,2,5,3,2.4,4,7,3,7,1,1,1,1,1,1,1,1,1,1,1,1,3,3,4,2,3,1,1,1,5,2,2,4,8,7,"hand to brain connection, nervouse system response or left and right side brain observation",A correlation on how people's analytical ability relates to life satisfaction?,55,Female,Black,no issues,"Yes, you may use my data in the research.",NA,1,1,0.39884615384615385,2.9223076923076925,0,1,TRUE,TRUE,0,FALSE
16220053,24/06/2026 09:13:05,complete,No threat,NaturaNegTen,negative,ten,I agree to participate,16,4,2,2,1,1.6666666666666667,2,2,2,2,3,3,3,3,2,2,2,2,2,6,5,4,4,5,4.8,2,6,4,8,2,4,4,3.3333333333333335,4,1,1,2,2,3,2,2.3333333333333335,2,2,2,2,2,6,4,5,4,5,4.8,1,9,2,5,2,2,2,2,3,2,3,2.6666666666666665,4,2,5,3.6666666666666665,2,2,2,2,2,6,4,4,4,6,4.8,4,7,3,7,2,2,1,1.6666666666666667,2,2,3,2.3333333333333335,4,3,4,3.6666666666666665,2,2,2,2,2,6,4,3,4,6,4.6,4,8,7,not sure,why we were doing math problems,37,Male,White,none,"Yes, you may use my data in the research.",NA,1,1,0.40862368024132734,1.7850961538461538,0,0.7153846153846154,FALSE,TRUE,0,FALSE
16220054,24/06/2026 09:13:07,complete,No threat,NaturaNegOne,negative,one,I agree to participate,16,4,4,1,3,2.6666666666666665,3,1,1,1.6666666666666667,1,1,2,1.3333333333333333,4,5,4,3,4,4,2,3,3,1,2.6,2,6,4,8,2,1,3,2,1,1,1,1,1,1,1,1,4,5,5,3,4.25,3,1,1,1,1,1.4,1,9,2,5,1,1,1,1,5,1,2,2.6666666666666665,2,1,2,1.6666666666666667,4,5,5,3,4.25,4,1,1,1,1,1.6,4,7,3,7,1,1,1,1,5,2,2,3,1,2,1,1.3333333333333333,4,5,5,3,4.25,4,1,1,1,1,1.6,4,8,7,To understand how physical movement tasks affected people's math performance.,I don't know.,24,Male,Asian,no issues,"Yes, you may use my data in the research.",NA,1,1,0,3.3203846153846155,0,1,TRUE,TRUE,0,FALSE
16220055,24/06/2026 08:13:12,complete,Threat,NaturaPosTen,positive,ten,I agree to participate,16,4,1,NA,1,1,1,1,1,1,1,1,1,1,7,6,6,6,6.25,2,1,1,1,1,1.2,2,6,4,8,1,2,1,1.3333333333333333,1,1,1,1,1,1,1,1,7,6,NA,7,6.666666666666667,2,1,1,1,1,1.2,1,9,2,5,2,4,2,2.6666666666666665,1,1,1,1,1,1,1,1,7,6,6,6,6.25,1,1,1,1,1,1,4,7,3,7,6,6,6,6,1,1,1,1,1,1,1,1,7,6,6,6,6.25,1,1,1,1,1,1,4,8,7,"The study said something about doing math, but it seemed like it was about emotions",i honestly do not know,39,Female,White,NA,"Yes, you may use my data in the research.",NA,1,1,1.0015769230769231,1.7479807692307692,0.5615384615384615,1,FALSE,FALSE,0,FALSE
16220056,24/06/2026 09:13:11,complete,Threat,SmileNegOne,negative,one,I agree to participate,16,4,1,1,1,1,1,1,1,1,1,2,3,2,5,5,6,5,5.25,3,1,1,1,1,1.4,2,6,4,8,1,1,1,1,1,1,1,1,1,2,3,2,5,5,5,5,5,3,1,1,1,1,1.4,1,9,2,5,1,1,1,1,1,1,1,1,2,2,3,2.3333333333333335,5,5,5,5,5,3,1,1,1,1,1.4,4,7,3,7,1,1,1,1,1,1,1,1,1,1,1,1,5,5,6,5,5.25,3,1,1,1,1,1.4,4,8,7,"To see how our facial expressions change when we see sad images of things like sad animals, stealing, or car accidents.",That the math problems were a distraction.,40,Male,White,There were no issues.,"Yes, you may use my data in the research.",NA,1,1,0,2.371923076923077,0,1,TRUE,TRUE,0,FALSE
16220057,24/06/2026 09:13:05,complete,Threat,SmilePosTen,positive,ten,I agree to participate,16,4,2,2,2,2,1,1,1,1,1,2,1,1.3333333333333333,3,5,5,2,3.75,6,4,4,4,5,4.6,2,6,4,8,2,2,2,2,1,1,1,1,1,1,1,1,3,3,3,3,3,6,4,4,4,4,4.4,1,9,2,5,5,5,5,5,2,1,1,1.3333333333333333,2,1,3,2,3,4,5,3,3.75,6,4,3,5,5,4.6,4,7,3,7,4,4,4,4,1,1,1,1,1,1,1,1,3,3,3,3,3,6,4,4,5,4,4.6,4,8,7,How well we relate to movement and math,I really have no idea.  Maybe how movement and math affect your overall well being.,59,Female,White,I my have read the directions wrong during the first set of the images of the 4 people smiling.,"Yes, you may use my data in the research.",NA,1,1,0.27684615384615385,2.1477115384615386,0.02692307692307692,0.7711538461538462,TRUE,TRUE,0,FALSE
16220058,24/06/2026 09:13:11,complete,Threat,SmileNegTen,negative,ten,I agree to participate,16,4,3,3,3,3,1,1,1,1,1,1,1,1,5,6,7,5,5.75,5,1,1,1,3,2.2,2,6,4,8,1,1,1,1,1,1,1,1,1,1,1,1,6,6,7,6,6.25,6,1,1,NA,2,2.5,1,9,2,5,1,1,2,1.3333333333333333,4,1,2,2.3333333333333335,1,1,1,1,5,5,7,5,5.5,6,1,1,1,2,2.2,4,7,3,7,1,1,1,1,NA,1,1,1,3,2,3,2.6666666666666665,5,6,7,6,6,7,1,1,1,2,2.4,4,8,7,To see people's natural reactions to negative experiences,I am not sure.,36,Female,White,"At the beginning I thought for a second that it was counting to the start so I only did it for a few seconds. Also, I was confused about what face I was supposed to be copying.","Yes, you may use my data in the research.",NA,1,0.9392156862745098,0,0.0066078431372549,0,0,FALSE,FALSE,0,FALSE
16220059,24/06/2026 09:13:22,complete,Threat,SmileNegTen,negative,ten,I agree to participate,16,4,3,2,3,2.6666666666666665,1,1,1,1,1,1,1,1,5,5,6,3,4.75,1,1,1,1,1,1,2,6,4,8,3,3,3,3,1,1,1,1,1,1,1,1,5,5,6,5,5.25,1,1,1,1,1,1,1,9,2,5,1,5,1,2.3333333333333335,1,1,1,1,3,1,5,3,5,6,6,4,5.25,1,1,1,1,1,1,4,7,3,7,1,1,1,1,6,4,2,4,6,6,6,6,5,6,6,5,5.5,1,1,1,1,1,1,4,8,7,I'm not really sure,the real reason for the study,55,Female,White,NA,"Yes, you may use my data in the research.",NA,0.9788461538461538,0.7323152337858221,0.42778129713423835,0.5306425339366516,0.00961538461538461,0.1346153846153846,FALSE,FALSE,0,FALSE
16220060,24/06/2026 09:13:16,complete,No threat,NaturaNegTen,negative,ten,I agree to participate,16,4,5,5,4,4.666666666666667,3,1,1,1.6666666666666667,1,2,1,1.3333333333333333,4,4,5,2,3.75,1,1,1,1,1,1,2,6,4,8,5,5,5,5,1,2,2,1.6666666666666667,2,1,1,1.3333333333333333,5,5,5,4,4.75,4,1,1,1,1,1.6,1,9,2,5,6,5,5,5.333333333333333,1,1,1,1,2,1,1,1.3333333333333333,5,4,4,4,4.25,2,1,1,2,1,1.4,4,7,3,7,4,3,4,3.6666666666666665,2,2,2,2,3,2,2,2.3333333333333335,4,4,4,5,4.25,1,1,1,1,1,1,4,8,7,i have no idea,following instructions,49,Male,Black,none,"Yes, you may use my data in the research.",NA,1,1,0,2.081325187114033,0,0.7443581206067332,TRUE,TRUE,0,FALSE
16220063,24/06/2026 09:13:33,complete,No threat,SmilePosOne,positive,one,I agree to participate,16,4,2,2,3,2.3333333333333335,1,1,1,1,1,1,1,1,2,4,4,2,3,3,2,2,3,2,2.4,2,6,4,8,2,3,3,2.6666666666666665,1,1,1,1,1,1,1,1,2,3,3,2,2.5,3,1,1,2,2,1.8,1,9,2,5,2,2,2,2,1,1,1,1,1,1,1,1,2,3,4,2,2.75,3,1,1,3,1,1.8,4,7,3,7,2,3,3,2.6666666666666665,1,1,1,1,1,1,1,1,2,3,3,3,2.75,3,1,1,2,1,1.6,4,8,7,To study how interactions with ones self can change the opinions of one's position in life.,You are recording and studying involuntary movements.,42,Male,White,NA,"Yes, you may use my data in the research.",NA,1,1,0.20384615384615384,0.9657692307692308,0.7115384615384615,1,FALSE,FALSE,0,FALSE
16220064,24/06/2026 09:13:37,complete,No threat,NaturaPosTen,positive,ten,I agree to participate,16,4,2,3,3,2.6666666666666665,2,2,2,2,3,2,4,3,5,5,6,4,5,3,3,2,6,3,3.4,2,6,4,8,2,2,2,2,2,2,1,1.6666666666666667,3,2,3,2.6666666666666665,4,3,4,4,3.75,3,2,4,4,4,3.4,1,9,2,5,3,2,2,2.3333333333333335,2,2,2,2,4,4,4,4,5,4,4,4,4.25,2,3,4,4,4,3.4,4,7,3,7,NA,2,2,2,NA,2,2,2,5,4,4,4.333333333333333,5,4,4,4,4.25,3,3,3,4,4,3.4,4,8,7,To see how people's attitudes change in response to an applied stimulus.,"How people's attitudes change in response to stimulation, and in particular, the nature of the relationship of what is shown to mood.",46,Male,Prefer not to say,NA,"Yes, you may use my data in the research.",NA,1,1,0.00138461538461538,1.4769807692307693,0,0.9846153846153848,FALSE,TRUE,0,FALSE
16220065,24/06/2026 08:13:23,complete,Threat,NaturaPosOne,positive,one,I agree to participate,16,4,3,1,4,2.6666666666666665,1,1,1,1,1,1,2,1.3333333333333333,2,4,2,4,3,1,1,1,1,1,1,2,6,4,8,3,1,3,2.3333333333333335,1,1,1,1,1,1,1,1,4,4,4,4,4,1,1,1,1,1,1,1,9,2,5,1,1,1,1,1,1,1,1,1,1,1,1,1,1,1,1,1,1,1,1,1,1,1,4,7,3,7,1,1,1,1,1,1,1,1,1,1,1,1,4,4,4,4,4,1,1,1,1,1,1,4,8,7,To see if i could follow simple instuctions,Whats the point of the study,30,Female,Black,NA,"Yes, you may use my data in the research.",NA,1,1,0,0.00634615384615385,0,0,FALSE,FALSE,0,FALSE
16220066,24/06/2026 09:13:27,complete,No threat,NaturaNegOne,negative,one,I agree to participate,16,4,1,1,1,1,1,1,1,1,1,1,1,1,3,3,4,3,3.25,4,6,6,4,4,4.8,2,6,4,8,1,1,1,1,1,1,1,1,1,1,1,1,3,2,3,2,2.5,6,6,6,6,6,6,1,9,2,5,2,1,2,1.6666666666666667,1,1,1,1,1,1,1,1,3,3,3,2,2.75,6,5,6,4,5,5.2,4,7,3,7,1,1,1,1,4,1,1,2,1,1,1,1,3,3,3,3,3,6,5,6,4,6,5.4,4,8,7,To see how activities affect mood and thinking,The real meaning and purpose behind this study are something we cant think of,43,Male,Asian,"No issues, but on the first physical task, I started slightly late, sorry","Yes, you may use my data in the research.",NA,1,1,0.7290384615384615,3.0955769230769232,0,1,TRUE,TRUE,0,FALSE
16220067,24/06/2026 08:13:28,complete,No threat,NaturaNegTen,negative,ten,I agree to participate,16,4,1,1,1,1,1,1,1,1,1,1,1,1,3,4,2,3,3,2,1,1,2,2,1.6,2,6,4,8,2,2,1,1.6666666666666667,1,1,1,1,1,1,1,1,2,2,2,3,2.25,2,2,1,2,2,1.8,1,9,2,5,1,1,1,1,3,2,2,2.3333333333333335,7,7,7,7,2,3,2,3,2.5,2,1,1,2,2,1.6,4,7,3,7,1,1,1,1,7,3,3,4.333333333333333,7,7,7,7,2,3,3,3,2.75,2,1,1,2,2,1.6,4,8,7,facial reactions to evil things,how people's view points of life chnage after seeing cruel things.,21,Male,White,NA,"Yes, you may use my data in the research.",NA,1,1,0.2661153846153846,0.23884615384615385,0.00961538461538461,0,FALSE,FALSE,0,FALSE
16220068,24/06/2026 08:13:30,complete,No threat,NaturaPosOne,positive,one,I agree to participate,16,4,1,1,1,1,1,1,1,1,1,1,1,1,5,5,6,6,5.5,3,1,1,1,1,1.4,2,6,4,8,1,1,1,1,1,1,1,1,1,1,1,1,6,6,5,5,5.5,3,1,1,1,1,1.4,1,9,2,5,5,5,5,5,1,1,1,1,1,1,1,1,5,5,6,6,5.5,3,1,1,1,1,1.4,4,7,3,7,5,3,5,4.333333333333333,1,1,1,1,1,1,1,1,5,5,6,6,5.5,4,1,1,1,1,1.6,4,8,7,To see how instructions change peoples expressions and feelings,I'm not sure,23,Female,White,None,"Yes, you may use my data in the research.",NA,1,1,0,1.678653846153846,0,1,TRUE,TRUE,0,FALSE
16220069,24/06/2026 09:13:33,complete,Threat,NaturaPosOne,positive,one,I agree to participate,16,4,5,7,6,6,5,1,1,2.3333333333333335,1,2,2,1.6666666666666667,5,6,6,7,6,5,1,1,1,2,2,2,6,4,8,7,6,6,6.333333333333333,2,1,1,1.3333333333333333,1,2,2,1.6666666666666667,6,6,5,7,6,3,1,1,2,1,1.6,1,9,2,5,7,6,6,6.333333333333333,3,1,2,2,2,2,1,1.6666666666666667,6,5,7,6,6,3,1,1,2,1,1.6,4,7,3,7,7,6,7,6.666666666666667,2,1,1,1.3333333333333333,NA,2,1,1.5,6,6,5,7,6,4,1,1,1,2,1.8,4,8,7,I believe the purpose of this study was to examine perceptions of and emotional responses to mathematical performance and its impact of physical reactions.,It might be how the study was actually investigating the effects of physical responses of performance anxiety and how this relates to emotional reactions.,32,Male,Black,I did not encounter any issues within the study. All parts of the study were completed with care and no issues arose.,"Yes, you may use my data in the research.",NA,1,1,0.3031372549019608,1.940980392156863,0,1,TRUE,TRUE,0,FALSE
16220070,24/06/2026 08:13:35,complete,Threat,NaturaPosTen,positive,ten,I agree to participate,16,4,1,1,1,1,1,1,1,1,1,1,1,1,4,4,3,3,3.5,NA,5,6,5,5,5.25,2,6,4,8,1,1,1,1,1,1,1,1,1,1,1,1,4,4,4,3,3.75,7,6,6,6,6,6.2,1,9,2,5,7,7,7,7,1,1,1,1,1,1,1,1,4,4,4,3,3.75,7,6,6,6,6,6.2,4,7,3,7,7,7,7,7,1,1,1,1,1,1,1,1,4,4,4,4,4,7,6,6,5,6,6,4,8,7,body movements emotions and life satisfaction,idk,29,Female,Mixed,none,"Yes, you may use my data in the research.",NA,0.992156862745098,1,0.322538838612368,0.8003141025641025,0.2156862745098039,0.661236802413273,FALSE,TRUE,0,FALSE
16220071,24/06/2026 09:13:32,complete,No threat,SmileNegOne,negative,one,I agree to participate,16,4,1,4,4,3,1,1,1,1,1,1,1,1,7,6,7,7,6.75,1,1,1,1,1,1,2,6,4,8,3,2,3,2.6666666666666665,1,1,1,1,1,1,1,1,7,6,7,7,6.75,1,1,1,1,1,1,1,9,2,5,1,1,3,1.6666666666666667,3,1,1,1.6666666666666667,1,1,1,1,7,6,7,7,6.75,1,1,1,1,1,1,4,7,3,7,1,1,1,1,3,1,1,1.6666666666666667,1,1,1,1,7,6,7,7,6.75,1,1,1,1,1,1,4,8,7,Test tasks on math performance?,Facial expression vs. unsettling images and their influence on mood,26,Gender variant / non-conforming,White,I don't think any but I thought the timer was counting me in to start the task in the very first task so I was a little delayed in starting,"Yes, you may use my data in the research.",NA,1,1,0.2573076923076923,3.750566037735849,0,1,TRUE,TRUE,0,TRUE
16220076,24/06/2026 08:14:06,complete,Threat,NaturaNegOne,negative,one,I agree to participate,16,4,4,4,3,3.6666666666666665,2,2,2,2,3,2,5,3.3333333333333335,5,5,5,4,4.75,4,3,2,4,2,3,2,6,4,8,2,2,2,2,2,2,2,2,2,2,2,2,5,5,5,5,5,5,2,2,5,2,3.2,1,9,2,5,3,3,3,3,3,3,3,3,3,3,3,3,5,5,5,4,4.75,6,2,2,5,2,3.4,4,7,3,7,3,3,3,3,3,3,3,3,3,3,4,3.3333333333333335,5,5,5,4,4.75,5,3,2,3,2,3,4,8,7,movement on mood,mood regarding movement,20,Female,White,NA,"Yes, you may use my data in the research.",NA,1,1,0,2.193653846153846,0,1,TRUE,TRUE,0,FALSE
16220078,24/06/2026 09:14:00,complete,No threat,SmileNegOne,negative,one,I agree to participate,16,4,7,6,6,6.333333333333333,2,2,1,1.6666666666666667,2,2,2,2,7,7,7,7,7,2,2,2,2,2,2,6,6,6,8,6,6,6,6,2,2,2,2,2,2,2,2,6,6,6,6,6,2,2,2,2,2,2,1,9,2,5,6,6,6,6,2,4,2,2.6666666666666665,2,2,4,2.6666666666666665,6,6,6,6,6,2,2,2,2,2,2,4,7,3,7,6,6,6,6,2,2,2,2,2,2,2,2,7,7,7,7,7,2,2,2,2,2,2,4,8,7,How we can react facing ourselves on the morrow or screen being watched,You intend tickling us,63,Female,Black,I think in the second video I was not expecting it to come so quickly but I still made it.,"Yes, you may use my data in the research.",NA,1,1,0.29,0.37711538461538463,0,0,FALSE,FALSE,2,FALSE
16220079,24/06/2026 08:13:58,complete,No threat,SmileNegTen,negative,ten,I agree to participate,16,4,5,5,5,5,1,1,1,1,1,1,1,1,6,6,6,6,6,1,1,1,1,1,1,2,6,4,8,3,4,4,3.6666666666666665,1,1,1,1,1,1,1,1,6,6,6,6,6,1,1,1,1,1,1,1,9,2,5,2,2,2,2,5,3,2,3.3333333333333335,3,3,5,3.6666666666666665,6,6,6,6,6,1,1,1,2,2,1.4,4,7,3,7,1,1,1,1,6,3,3,4,3,4,4,3.6666666666666665,6,6,6,6,6,2,1,1,2,2,1.6,4,8,7,to see how distress can shift our pattern of thinking and our overall wellness and contentment with our life,Maybe that you are tracking our eye movements to see which of the pictures distress us the most?  I know for me it was the animals and the threat of human life.,61,Female,White,none,"Yes, you may use my data in the research.",NA,1,1,0,1.8968239064856711,0,0.9807692307692308,TRUE,TRUE,0,FALSE
16220080,24/06/2026 08:14:02,complete,No threat,NaturaNegTen,negative,ten,I agree to participate,16,4,3,5,3,3.6666666666666665,2,1,1,1.3333333333333333,1,2,2,1.6666666666666667,3,6,5,3,4.25,5,3,2,2,1,2.6,2,6,4,8,5,6,7,6,2,1,2,1.6666666666666667,2,1,1,1.3333333333333333,5,5,6,6,5.5,3,2,1,2,1,1.8,1,9,3,5,2,2,1,1.6666666666666667,2,1,1,1.3333333333333333,6,6,7,6.333333333333333,7,6,6,5,6,5,3,1,2,3,2.8,4,7,3,7,1,3,1,1.6666666666666667,3,2,1,2,5,6,7,6,6,6,5,2,4.75,3,3,1,2,2,2.2,4,8,7,how we feel by doing tasks we don't like,"use human expressions to ""adopt"" to. All you used was sad abused dogs",35,Female,White,"there was the 1 that said ""adopt"" the facial expressions you see, but there wasn't any expressions to copy. You used dogs, and they all looked sad and abused. You need to use human faces for a human to copy an expression","Yes, you may use my data in the research.",NA,1,0.9730769230769232,0.08201923076923076,0.00738461538461538,0.0596153846153846,0,FALSE,FALSE,1,FALSE
16220081,24/06/2026 09:11:46,complete,Threat,SmilePosOne,positive,one,I agree to participate,16,4,2,3,2,2.3333333333333335,2,2,2,2,3,3,4,3.3333333333333335,3,4,3,NA,3.3333333333333335,5,4,4,4,4,4.2,2,6,4,8,2,3,2,2.3333333333333335,1,1,1,1,3,2,3,2.6666666666666665,3,3,3,2,2.75,5,3,3,4,4,3.8,1,9,2,5,2,4,2,2.6666666666666665,2,1,2,1.6666666666666667,2,2,3,2.3333333333333335,3,3,4,2,3,5,3,3,4,4,3.8,4,7,3,7,2,3,2,2.3333333333333335,1,1,1,1,2,2,2,2,3,3,3,2,2.75,5,3,3,4,4,3.8,4,8,7,To see if one's mood can be altered through simple tasks.,Details about the purpose of the study,29,Male,White,N/A,"Yes, you may use my data in the research.",NA,1,1,0.00346153846153846,2.8409615384615385,0,1,TRUE,TRUE,0,FALSE
16220087,24/06/2026 06:16:58,complete,Threat,SmilePosOne,positive,one,I agree to participate,16,4,4,4,4,4,4,4,4,4,4,4,4,4,4,4,4,4,4,4,4,4,4,4,4,2,6,4,8,4,4,4,4,4,4,4,4,4,4,4,4,4,4,4,4,4,4,4,4,4,4,4,1,9,2,5,4,4,4,4,4,4,4,4,4,4,4,4,4,4,4,4,4,4,4,4,4,4,4,4,7,3,7,4,4,4,4,4,4,4,4,4,4,4,4,4,4,4,4,4,4,4,4,4,4,4,4,8,7,hmhmhmhm b bmhmhmhmb  bmbmmbh,"nknmnmm, m  nmmm,,m mn,m,m,,m m  m,,m",55,Male,NA,"jljklk;k;;;;k;;kjhkhgb  hhhhkjjbm bmmhh,,","Yes, you may use my data in the research.",NA,0,0,0,0,0,0,FALSE,FALSE,0,FALSE
16220090,24/06/2026 09:14:48,complete,Threat,SmilePosTen,positive,ten,I agree to participate,16,4,1,4,1,2,1,1,1,1,1,1,1,1,3,4,5,4,4,4,2,1,1,1,1.8,2,6,4,8,3,3,3,3,1,1,1,1,1,1,2,1.3333333333333333,3,4,5,5,4.25,3,1,1,1,1,1.4,1,9,2,5,1,2,1,1.3333333333333333,1,1,1,1,3,2,3,2.6666666666666665,3,4,5,5,4.25,4,1,1,1,1,1.6,4,7,3,7,5,6,5,5.333333333333333,1,1,1,1,1,1,1,1,3,4,5,5,4.25,3,1,1,1,1,1.4,4,8,7,Something to do with how the physical actions affect mood and cognitive effo rt?,"How mood/physical actions are connected?
",20,Female,White,NA,"Yes, you may use my data in the research.",NA,1,1,0.11237518853695325,1.3060128205128203,0.01730769230769229,1,FALSE,TRUE,0,FALSE
16220103,24/06/2026 08:16:00,complete,Threat,SmilePosTen,positive,ten,I agree to participate,16,4,4,5,6,5,1,1,1,1,1,1,1,1,5,4,5,6,5,5,2,2,1,2,2.4,2,6,4,8,1,1,3,1.6666666666666667,1,1,1,1,1,1,1,1,5,4,6,6,5.25,4,2,1,1,1,1.8,1,9,2,5,1,1,1,1,1,1,1,1,1,1,2,1.3333333333333333,5,4,5,5,4.75,4,2,2,1,2,2.2,4,7,3,7,5,5,5,5,1,1,1,1,1,1,1,1,6,3,6,6,5.25,4,1,1,1,1,1.6,4,8,7,i could not tell you,Honestly this was a very vague study for me,33,__other,White,n/a,"Yes, you may use my data in the research.",NA,1,1,0.00946153846153846,1.7237307692307693,0,0.9384615384615383,TRUE,TRUE,0,FALSE
16220111,24/06/2026 06:16:40,complete,No threat,NaturaNegOne,negative,one,I agree to participate,16,4,1,1,1,1,1,1,1,1,2,2,3,2.3333333333333335,5,5,5,3,4.5,2,2,1,2,3,2,2,6,4,8,1,1,1,1,1,1,1,1,2,1,2,1.6666666666666667,5,5,5,3,4.5,2,2,1,1,2,1.6,1,9,2,5,2,1,2,1.6666666666666667,1,1,1,1,1,1,1,1,5,3,5,5,4.5,2,2,1,2,2,1.8,4,7,3,7,1,1,1,1,1,1,1,1,1,1,1,1,5,3,5,5,4.5,2,2,1,2,2,1.8,4,8,7,No idea,That I was not really recorded,47,Female,White,No issues,"Yes, you may use my data in the research.",NA,1,1,0,1.9092307692307693,0,1,TRUE,TRUE,0,FALSE
16220113,24/06/2026 06:16:50,complete,Threat,NaturaNegTen,negative,ten,I agree to participate,16,4,6,5,6,5.666666666666667,1,1,1,1,1,1,1,1,5,6,7,5,5.75,2,1,1,1,1,1.2,2,6,4,8,4,4,5,4.333333333333333,1,1,1,1,4,1,1,2,4,4,4,4,4,1,1,1,5,1,1.8,1,9,2,5,1,1,1,1,5,1,1,2.3333333333333335,NA,3,7,5,4,4,4,4,4,1,1,1,4,1,1.6,4,7,3,7,1,1,1,1,7,1,1,3,7,4,7,6,4,4,4,4,4,1,1,1,3,1,1.4,4,8,7,collect face data for some comparation or ai training propuses.,"not sure, maybe that this experiment was based on other things besides the obvius images and math?",24,Male,White,n/a,"Yes, you may use my data in the research.",NA,1,1,5.7692307692307664e-5,0,0,0.00384615384615384,FALSE,FALSE,0,FALSE
16220114,24/06/2026 09:16:18,complete,Threat,NaturaPosOne,positive,one,I agree to participate,16,4,4,1,2,2.3333333333333335,3,1,1,1.6666666666666667,1,1,1,1,5,4,5,1,3.75,5,1,2,2,1,2.2,2,6,4,8,4,1,3,2.6666666666666665,1,1,1,1,1,1,1,1,5,5,6,1,4.25,3,1,1,1,1,1.4,1,9,2,5,7,5,6,6,1,1,1,1,1,1,1,1,5,5,5,1,4,4,1,1,1,1,1.6,4,7,3,7,5,4,5,4.666666666666667,1,1,1,1,1,1,1,1,5,5,5,1,4,5,1,1,2,1,2,4,8,7,To see if our emotions change based on what we see or gestures,Probably that the math problems were only an obstacle and serve zero relevance?,28,Male,Asian,No issues. Thank you for the invite,"Yes, you may use my data in the research.",NA,1,1,0.00288461538461538,5.769230769230767e-4,0,0,FALSE,FALSE,0,FALSE
16220118,24/06/2026 09:17:27,complete,No threat,SmileNegOne,negative,one,I agree to participate,16,4,6,6,6,6,1,1,1,1,1,1,1,1,3,3,4,4,3.5,1,6,1,1,1,2,2,6,4,8,6,6,7,6.333333333333333,1,1,1,1,1,1,1,1,3,3,2,2,2.5,1,1,1,1,1,1,1,9,2,5,7,7,7,7,1,1,1,1,1,1,1,1,2,3,6,2,3.25,1,1,1,1,1,1,4,7,3,7,7,7,7,7,1,1,1,1,1,1,1,1,2,3,2,3,2.5,1,1,1,1,1,1,4,8,7,to see my expressions,im not sure,42,Female,White,quality  was very good no issues,"Yes, you may use my data in the research.",NA,0.9423076923076924,1,2.9261538461538463,3.223269230769231,0.9615384615384616,1,FALSE,FALSE,0,FALSE
16220130,24/06/2026 08:18:27,complete,Threat,NaturaPosOne,positive,one,I agree to participate,16,4,1,2,1,1.3333333333333333,1,1,2,1.3333333333333333,1,1,2,1.3333333333333333,5,5,6,5,5.25,1,1,1,1,1,1,2,6,4,8,1,2,2,1.6666666666666667,1,1,1,1,1,1,1,1,5,5,6,5,5.25,1,1,1,1,1,1,1,9,2,5,2,2,2,2,1,1,1,1,1,1,2,1.3333333333333333,5,5,6,5,5.25,1,1,1,1,1,1,4,7,3,7,3,2,3,2.6666666666666665,1,1,1,1,1,1,1,1,5,5,6,5,5.25,1,1,1,1,1,1,4,8,7,Do see if doing math problems and simple tasks impacted someone's emotions and had an effect on how they feel about themselves.,That there would not be a decrease in compensation if we failed to do the tasks correctly.,59,Male,White,NA,"Yes, you may use my data in the research.",NA,1,1,0.28846153846153844,1.1598076923076923,0,0.9615384615384616,FALSE,TRUE,0,FALSE
16220139,24/06/2026 08:19:29,complete,No threat,NaturaPosTen,positive,ten,I agree to participate,16,4,2,2,2,2,2,1,1,1.3333333333333333,2,1,2,1.6666666666666667,2,3,1,2,2,4,2,2,3,2,2.6,2,6,4,8,2,1,1,1.3333333333333333,1,1,1,1,2,1,2,1.6666666666666667,3,5,5,1,3.5,4,2,2,2,2,2.4,1,9,2,5,3,2,2,2.3333333333333335,1,1,1,1,2,1,2,1.6666666666666667,2,4,5,2,3.25,4,2,1,2,2,2.2,4,7,3,7,4,3,4,3.6666666666666665,1,2,1,1.3333333333333333,1,1,1,1,5,5,5,3,4.5,3,1,2,2,2,2,4,8,7,To measure feedback on feelings while being exposed to certain imagery.,What is the actual purpose of the study?,31,Male,White,NA,"Yes, you may use my data in the research.",NA,1,1,1.3136153846153846,0.6277692307692307,0.7980769230769231,0.15384615384615383,FALSE,FALSE,0,FALSE
16220142,24/06/2026 09:20:12,complete,No threat,SmileNegOne,negative,one,I agree to participate,16,4,2,2,2,2,1,1,1,1,2,1,2,1.6666666666666667,3,3,4,2,3,1,1,1,2,2,1.4,2,6,4,8,2,2,2,2,1,1,1,1,1,1,1,1,3,3,4,2,3,1,1,1,2,2,1.4,1,9,2,5,3,3,3,3,2,1,1,1.3333333333333333,1,1,1,1,4,2,3,3,3,1,1,1,2,2,1.4,4,7,3,7,2,2,1,1.6666666666666667,1,1,1,1,2,1,2,1.6666666666666667,3,3,4,2,3,1,1,1,2,2,1.4,4,8,7,"to determine if my personality and attitude affected my ability to perform math problems accurately
",If my movements were being evaluated for consistency,32,Male,White,NA,"Yes, you may use my data in the research.",NA,1,1,0,2.4086538461538463,0,1,TRUE,TRUE,0,FALSE
16220148,24/06/2026 09:20:45,complete,Threat,SmilePosOne,positive,one,I agree to participate,16,4,1,1,1,1,1,1,1,1,1,1,2,1.3333333333333333,5,5,5,3,4.5,2,1,1,2,2,1.6,2,6,4,8,1,1,1,1,1,1,1,1,1,1,1,1,5,5,5,3,4.5,2,1,1,1,2,1.4,1,9,2,5,2,1,1,1.3333333333333333,1,1,1,1,1,1,1,1,5,5,5,3,4.5,2,1,1,1,2,1.4,4,7,3,7,1,1,1,1,1,1,1,1,1,1,1,1,5,5,5,3,4.5,2,1,1,1,2,1.4,4,8,7,To see if physical actions and what I am shown changed my responses in term of feelings or affected math performance,There's a measurement of how fast I can complete the math equations as well.,27,Male,Other,No issues,"Yes, you may use my data in the research.",NA,1,1,1.2103846153846154,1.5942307692307691,0,0.17307692307692296,FALSE,FALSE,0,FALSE
16220192,24/06/2026 09:26:11,complete,No threat,SmileNegTen,negative,ten,I agree to participate,16,4,3,2,4,3,1,1,1,1,1,1,1,1,5,5,5,2,4.25,1,1,1,1,1,1,2,6,4,8,1,1,2,1.3333333333333333,1,1,1,1,1,1,1,1,5,5,5,2,4.25,1,1,1,1,1,1,1,9,2,5,1,1,1,1,3,1,1,1.6666666666666667,5,4,4,4.333333333333333,5,5,5,2,4.25,1,1,1,1,1,1,4,7,3,7,1,1,1,1,2,1,1,1.3333333333333333,4,3,4,3.6666666666666665,5,5,5,2,4.25,1,1,1,1,1,1,4,8,7,To see how poeple reacted to the pictures shown.,That the math problems were not the main reason for the study.,37,Male,White,I had no issues,"Yes, you may use my data in the research.",NA,0.9980769230769232,1,0.20728846153846153,2.946173076923077,0,0.8153846153846154,TRUE,TRUE,0,FALSE
16220313,24/06/2026 09:43:43,complete,No threat,SmilePosOne,positive,one,I agree to participate,16,4,3,5,2,3.3333333333333335,1,1,1,1,1,1,1,1,7,6,4,3,5,5,3,4,3,1,3.2,2,6,4,8,2,5,2,3,1,1,1,1,1,1,3,1.6666666666666667,7,7,6,3,5.75,4,1,1,1,1,1.6,1,9,2,5,6,5,5,5.333333333333333,1,1,1,1,1,1,1,1,6,7,6,3,5.5,5,2,2,3,1,2.6,4,7,3,7,4,3,4,3.6666666666666665,1,1,1,1,1,1,1,1,7,NA,4,3,4.666666666666667,3,2,1,1,1,1.6,4,8,7,To see how differing pictures and facial reactions can affect your mood and outlook on life.,How the math component can affect how a person thinks in between each round.,21,Male,White,NA,"Yes, you may use my data in the research.",NA,1,1,0.10730769230769233,1.9638461538461536,0,1,TRUE,TRUE,0,TRUE
16220314,24/06/2026 09:43:48,complete,Threat,NaturaNegTen,negative,ten,I agree to participate,16,4,1,1,1,1,1,1,1,1,1,1,2,1.3333333333333333,6,6,6,5,5.75,1,2,1,1,3,1.6,2,6,4,8,1,2,1,1.3333333333333333,1,1,1,1,2,1,3,2,6,6,6,5,5.75,1,1,1,2,2,1.4,1,9,2,5,1,1,1,1,3,2,2,2.3333333333333335,3,3,3,3,6,6,6,6,6,2,3,2,2,3,2.4,4,7,3,7,1,1,1,1,6,2,5,4.333333333333333,2,4,5,3.6666666666666665,6,6,6,5,5.75,2,3,2,2,4,2.6,4,8,7,seeing how emotional state affects the way you do math,maybe that you werent ever going to show me facial expressions,29,Gender variant / non-conforming,White,"it said to mimic facial expressions but there wasnt any, it was just more of the bad parking job and dog abuse and crime photos","Yes, you may use my data in the research.",NA,1,1,0.07125,0.20657764876632803,0,0.01923076923076922,FALSE,FALSE,0,FALSE
16220316,24/06/2026 09:43:57,complete,Threat,NaturaNegOne,negative,one,I agree to participate,16,4,1,1,1,1,1,1,1,1,2,2,3,2.3333333333333335,7,6,7,5,6.25,3,1,1,1,1,1.4,2,6,4,8,1,1,1,1,1,1,1,1,1,1,1,1,7,6,7,5,6.25,3,1,1,1,1,1.4,1,9,2,5,1,1,1,1,4,4,4,4,3,3,3,3,5,6,7,7,6.25,3,1,1,1,1,1.4,4,7,3,7,1,1,1,1,5,3,3,3.6666666666666665,3,3,3,3,7,6,7,5,6.25,3,1,1,1,1,1.4,4,8,7,reactions?,how bad pictures affect how we see ourselves,29,Female,White,NA,"Yes, you may use my data in the research.",NA,1,1,0,2.5753846153846154,0,1,TRUE,TRUE,0,FALSE
16220321,24/06/2026 09:44:19,complete,No threat,NaturaNegTen,negative,ten,I agree to participate,16,4,1,1,1,1,1,1,1,1,1,1,1,1,3,3,4,3,3.25,5,1,1,2,2,2.2,2,6,4,8,1,1,1,1,1,1,1,1,1,1,1,1,3,3,3,3,3,2,1,1,1,1,1.2,1,9,2,5,1,1,1,1,1,1,1,1,1,1,1,1,3,3,3,3,3,3,1,1,1,1,1.4,4,7,3,7,1,1,1,1,2,1,1,1.3333333333333333,3,2,2,2.3333333333333335,3,3,3,3,3,2,1,1,1,2,1.4,4,8,7,Don't Know,No Idea.,66,Male,White,None,"Yes, you may use my data in the research.",NA,1,1,0.00644593613933236,2.061684766214178,0.00566037735849056,0.975,TRUE,TRUE,0,FALSE
16220322,24/06/2026 09:44:19,complete,Threat,NaturaPosTen,positive,ten,I agree to participate,16,4,1,1,1,1,1,1,1,1,1,1,1,1,5,6,6,2,4.75,1,1,1,1,1,1,2,6,4,8,1,1,2,1.3333333333333333,1,1,1,1,1,1,1,1,5,5,6,2,4.5,1,1,1,1,1,1,1,9,2,5,5,1,5,3.6666666666666665,1,1,1,1,1,1,1,1,5,5,6,2,4.5,1,1,1,1,1,1,4,7,3,7,5,1,5,3.6666666666666665,1,1,1,1,1,1,1,1,5,5,6,2,4.5,1,1,1,1,1,1,4,8,7,To see how getting people involved in various activities might affect current mood or life outlook.,Not sure,44,Female,White,None,"Yes, you may use my data in the research.",NA,1,1,5.769230769230768e-5,0,0,0,FALSE,FALSE,0,FALSE
16220324,24/06/2026 09:44:21,complete,No threat,SmilePosTen,positive,ten,I agree to participate,16,4,1,1,1,1,1,1,1,1,NA,3,6,4.5,5,4,6,2,4.25,6,3,2,3,1,3,2,6,4,8,1,2,1,1.3333333333333333,1,1,1,1,5,4,5,4.666666666666667,2,3,3,1,2.25,7,3,2,2,1,3,1,9,2,5,1,1,1,1,3,1,1,1.6666666666666667,7,7,7,7,3,3,4,1,2.75,6,1,2,3,1,2.6,4,7,3,7,1,1,1,1,2,1,1,1.3333333333333333,7,7,7,7,2,NA,3,1,2,6,2,2,3,1,2.8,4,8,7,No clue. Prolly using my reactions for AI training,AI training,26,Male,Other,NA,"Yes, you may use my data in the research.",NA,1,1,0,1.6455384615384616,0,1,TRUE,TRUE,0,FALSE
16220327,24/06/2026 08:44:35,complete,Threat,SmileNegOne,negative,one,I agree to participate,16,4,4,4,4,4,2,1,1,1.3333333333333333,5,4,4,4.333333333333333,5,5,5,5,5,1,1,1,1,1,1,2,6,4,8,2,4,4,3.3333333333333335,1,1,1,1,3,3,3,3,5,5,5,5,5,1,1,1,1,1,1,1,9,2,5,2,2,1,1.6666666666666667,1,1,1,1,2,4,2,2.6666666666666665,5,5,5,5,5,1,1,1,1,1,1,4,7,3,7,1,1,2,1.3333333333333333,1,1,1,1,4,3,3,3.3333333333333335,5,5,5,5,5,1,1,1,1,1,1,4,8,7,NA,NA,69,Male,White,NA,"Yes, you may use my data in the research.",NA,1,1,0,0.04557692307692303,0,0,FALSE,FALSE,0,FALSE
16220328,24/06/2026 06:44:37,complete,Threat,SmilePosOne,positive,one,I agree to participate,16,4,4,5,5,4.666666666666667,3,2,2,2.3333333333333335,2,3,3,2.6666666666666665,6,4,5,5,5,3,2,1,2,1,1.8,2,6,4,8,6,5,5,5.333333333333333,2,1,1,1.3333333333333333,1,2,1,1.3333333333333333,5,5,6,5,5.25,4,2,1,1,1,1.8,1,9,2,5,5,6,5,5.333333333333333,2,1,1,1.3333333333333333,2,1,2,1.6666666666666667,5,5,6,5,5.25,3,1,1,1,2,1.6,4,7,3,7,4,4,5,4.333333333333333,2,2,2,2,2,1,2,1.6666666666666667,5,6,5,5,5.25,4,1,1,2,1,1.8,4,8,7,I believe it was to see how our physical movements effect our mental processing,"Unsure, maybe these certain tasks are meant to produce anticipated outcomes",45,Female,Other,N/A,"Yes, you may use my data in the research.",NA,1,1,0,2.1509615384615386,0,1,TRUE,TRUE,0,FALSE
16220329,24/06/2026 06:44:38,complete,No threat,NaturaNegTen,negative,ten,I agree to participate,16,4,3,2,2,2.3333333333333335,1,1,1,1,1,1,1,1,6,6,7,5,6,3,1,1,2,2,1.8,2,6,4,8,2,2,2,2,1,1,1,1,1,1,1,1,6,6,7,5,6,3,1,1,2,1,1.6,1,9,2,5,NA,2,2,2,1,1,1,1,1,1,1,1,6,6,7,5,6,3,1,1,2,2,1.8,4,7,3,7,2,2,1,1.6666666666666667,1,1,1,1,1,1,1,1,6,6,7,5,6,3,1,1,2,2,1.8,4,8,7,how well people follow instructions,the camera was not recording,66,Male,White,none,"Yes, you may use my data in the research.",NA,1,1,0.5266153846153846,1.9227307692307691,0.00192307692307692,0.8826923076923077,FALSE,TRUE,0,FALSE
16220335,24/06/2026 09:44:48,complete,Threat,SmileNegOne,negative,one,I agree to participate,16,4,1,3,3,2.3333333333333335,1,2,5,2.6666666666666665,3,2,3,2.6666666666666665,3,4,4,2,3.25,6,6,5,6,4,5.4,2,6,4,8,1,1,1,1,4,1,3,2.6666666666666665,3,2,5,3.3333333333333335,2,2,3,1,2,6,5,5,5,4,5,1,9,2,5,1,1,1,1,1,2,3,2,5,4,5,4.666666666666667,4,3,3,2,3,6,5,5,6,5,5.4,4,7,3,7,2,1,1,1.3333333333333333,2,1,2,1.6666666666666667,1,1,1,1,4,3,3,2,3,6,5,5,6,4,5.2,4,8,7,i dont know,NA,41,Female,White,NA,"Yes, you may use my data in the research.",NA,1,1,0.12903846153846152,2.855192307692308,0,1,TRUE,TRUE,0,FALSE
16220343,24/06/2026 09:45:05,complete,No threat,NaturaPosOne,positive,one,I agree to participate,16,4,2,2,1,1.6666666666666667,1,1,1,1,1,1,2,1.3333333333333333,6,6,6,5,5.75,1,1,1,2,1,1.2,2,6,4,8,1,1,1,1,1,1,1,1,1,1,1,1,6,6,6,5,5.75,1,1,1,1,1,1,1,9,2,5,3,3,3,3,1,1,1,1,2,1,1,1.3333333333333333,6,6,6,6,6,1,1,1,1,1,1,4,7,3,7,1,1,1,1,1,1,1,1,1,1,1,1,6,6,6,5,5.75,2,1,1,2,1,1.4,4,8,7,Impact of smiling on emotions,I think the math wasn't important - it was more about smiling,30,Male,White,NA,"Yes, you may use my data in the research.",NA,1,1,0.03692307692307692,2.745,0,1,TRUE,TRUE,0,TRUE
16220345,24/06/2026 08:45:07,complete,Threat,SmilePosTen,positive,ten,I agree to participate,16,4,1,1,1,1,1,1,1,1,1,1,3,1.6666666666666667,2,2,2,1,1.75,7,4,5,5,5,5.2,2,6,4,8,1,1,1,1,1,1,1,1,1,2,2,1.6666666666666667,2,1,1,1,1.25,7,5,6,4,6,5.6,1,9,2,5,1,1,1,1,1,1,1,1,4,3,5,4,1,1,2,1,1.25,7,4,6,5,6,5.6,4,7,3,7,1,1,1,1,1,1,1,1,2,2,3,2.3333333333333335,1,2,2,1,1.5,7,5,5,7,7,6.2,4,8,7,Seeing how people react to required movements?,"It might be about general mental health, given the questions after each section.",36,Male,White,"I can't think of anything, it seemed to work properly.","Yes, you may use my data in the research.",NA,1,1,0.4559615384615385,0.5864890648567119,0,0.1180995475113122,FALSE,FALSE,0,FALSE
16220348,24/06/2026 09:44:52,complete,Threat,SmileNegOne,negative,one,I agree to participate,16,4,6,6,7,6.333333333333333,6,4,2,4,5,2,1,2.6666666666666665,7,7,7,7,7,1,1,1,1,2,1.2,2,6,4,8,7,6,7,6.666666666666667,1,2,2,1.6666666666666667,1,2,1,1.3333333333333333,7,7,7,7,7,1,1,1,1,2,1.2,1,9,2,5,7,7,7,7,1,1,2,1.3333333333333333,1,1,1,1,7,7,7,7,7,1,1,1,1,2,1.2,4,7,3,7,1,7,7,5,4,2,2,2.6666666666666665,5,2,2,3,7,7,7,7,7,1,1,1,1,2,1.2,4,8,7,to explore the effect of physical movement tasks on people’s math performance,how i feel at the moment,26,Male,White,"everything was clear,no issues.","Yes, you may use my data in the research.",NA,1,1,1.7182692307692309,1.564230769230769,1,1,FALSE,FALSE,0,FALSE
16220349,24/06/2026 08:45:20,complete,No threat,NaturaPosTen,positive,ten,I agree to participate,16,4,6,6,6,6,1,1,1,1,1,1,1,1,4,6,6,4,5,3,1,1,2,1,1.6,2,6,4,8,6,6,6,6,1,1,1,1,1,1,1,1,5,6,6,2,4.75,2,NA,1,1,1,1.25,1,9,2,5,6,7,6,6.333333333333333,1,1,1,1,1,1,1,1,5,6,6,2,4.75,2,1,1,1,1,1.2,4,7,3,7,7,7,7,7,1,1,1,1,1,1,1,1,5,6,6,2,4.75,2,1,1,1,1,1.2,4,8,7,how physical movements change the cognitive ability and how they feel,The human expressions to see if when asked to do something how my micro expressions change and affect the mood,52,Female,Asian,i had no issues,"Yes, you may use my data in the research.",NA,1,1,1.174590874811463,0.00434803921568627,0.953846153846154,0,FALSE,FALSE,0,TRUE
16220353,24/06/2026 08:45:27,complete,No threat,SmileNegOne,negative,one,I agree to participate,16,4,1,1,1,1,1,1,1,1,1,1,1,1,5,5,5,5,5,2,1,1,1,2,1.4,2,6,4,8,1,1,1,1,1,1,1,1,1,1,1,1,5,5,5,5,5,2,1,1,1,2,1.4,1,9,2,5,1,1,1,1,1,1,1,1,1,1,1,1,5,5,5,5,5,2,1,1,1,2,1.4,4,7,3,7,1,1,1,1,1,1,1,1,1,1,1,1,5,5,5,5,5,2,1,1,1,2,1.4,4,8,7,Testing how well we can follow directions,How fast we can follow instructions?,27,Female,White,N/A,"Yes, you may use my data in the research.",NA,1,1,0.3682692307692308,3.185,0,1,TRUE,TRUE,0,FALSE
16220355,24/06/2026 09:45:30,complete,No threat,SmileNegTen,negative,ten,I agree to participate,16,4,1,1,1,1,1,1,1,1,1,1,1,1,2,3,5,1,2.75,4,2,4,2,3,3,2,6,4,8,1,1,1,1,1,1,1,1,1,1,1,1,4,4,4,2,3.5,3,1,1,2,2,1.8,1,9,2,5,2,1,2,1.6666666666666667,5,2,2,3,3,4,4,3.6666666666666665,2,3,5,1,2.75,4,2,2,2,2,2.4,4,7,3,7,1,1,1,1,4,1,1,2,3,2,3,2.6666666666666665,4,3,3,2,3,NA,NA,NA,NA,NA,NA,4,8,7,To test how stressful images change your life perception.,Not sure,56,Female,White,NA,"Yes, you may use my data in the research.",NA,1,1,0.35394117647058826,2.780607843137255,0.02352941176470588,0.976470588235294,TRUE,TRUE,0,FALSE
16220356,24/06/2026 08:45:45,complete,Threat,NaturaPosTen,positive,ten,I agree to participate,16,4,1,7,1,3,6,NA,1,3.5,7,2,1,3.3333333333333335,5,5,6,6,5.5,7,1,1,3,1,2.6,2,6,4,8,5,5,5,5,2,4,3,3,2,2,3,2.3333333333333335,6,6,6,6,6,6,1,1,4,1,2.6,1,9,2,5,5,4,5,4.666666666666667,3,2,4,3,2,2,6,3.3333333333333335,6,6,6,6,6,6,1,1,5,1,2.8,4,7,3,7,7,7,6,6.666666666666667,3,2,2,2.3333333333333335,2,3,3,2.6666666666666665,7,5,6,6,6,7,NA,1,5,1,3.5,4,8,7,Emotions.,They way people feel in different occassions.,28,Female,Black,There was a  lot of repetition in the questions of they  way I feel.,"Yes, you may use my data in the research.",NA,0.16153846153846155,0.6653846153846154,0,0.2011730769230769,0,0.00384615384615384,FALSE,FALSE,0,FALSE
16220359,24/06/2026 09:45:45,complete,Threat,SmilePosOne,positive,one,I agree to participate,16,4,1,1,1,1,1,1,1,1,1,1,1,1,2,3,4,1,2.5,1,1,1,1,1,1,2,6,4,8,1,1,1,1,1,1,1,1,1,1,1,1,3,3,4,1,2.75,1,1,1,1,1,1,1,9,2,5,1,1,NA,1,1,1,1,1,1,1,1,1,3,3,4,1,2.75,1,NA,1,NA,1,1,4,7,3,7,1,1,1,1,1,1,1,1,1,1,1,1,3,3,4,1,2.75,NA,1,1,1,1,1,4,8,7,I have no idea,No idea,68,Male,White,No issues,"Yes, you may use my data in the research.",NA,1,1,1.8834615384615383,1.8417307692307692,1,1,FALSE,FALSE,0,FALSE
16220360,24/06/2026 09:45:51,complete,Threat,SmileNegOne,negative,one,I agree to participate,16,4,1,1,1,1,1,2,5,2.6666666666666665,3,3,4,3.3333333333333335,2,5,2,1,2.5,5,3,4,5,3,4,2,6,4,8,2,2,2,2,1,1,2,1.3333333333333333,2,2,2,2,2,5,2,1,2.5,4,1,2,1,2,2,1,9,2,5,2,1,2,1.6666666666666667,1,2,2,1.6666666666666667,3,3,3,3,2,5,2,1,2.5,5,3,4,4,3,3.8,4,7,3,7,1,3,3,2.3333333333333335,1,1,1,1,1,1,1,1,2,5,2,1,2.5,4,2,4,1,1,2.4,4,8,7,I've heard before that smiling can actually make you feel happy. Maybe this study has to do with how different movements and facial expressions affect mood.,Maybe that the study has more to do with mood questions than the math questions.,42,Male,Other,"No issues. Thanks!
","Yes, you may use my data in the research.",NA,1,1,0,2.7521153846153847,0,1,TRUE,TRUE,0,TRUE
16220367,24/06/2026 09:45:59,complete,No threat,SmileNegTen,negative,ten,I agree to participate,16,4,2,2,2,2,5,2,2,3,4,2,5,3.6666666666666665,3,5,2,1,2.75,5,5,7,7,4,5.6,2,6,4,8,1,1,1,1,6,1,1,2.6666666666666665,6,5,5,5.333333333333333,3,5,3,1,3,6,6,6,6,6,6,1,9,2,5,1,1,1,1,7,1,1,3,7,7,7,7,3,5,NA,1,3,6,7,7,5,5,6,4,7,3,7,1,1,1,1,6,1,1,2.6666666666666665,6,6,6,6,3,5,2,1,2.75,6,6,7,6,6,6.2,4,8,7,If multi tasking affected how people feel about themselves and their situation,"Probably, how much the answers vary during each set are monitored",31,Female,Asian,NA,"Yes, you may use my data in the research.",NA,1,1,1.182423076923077,3.1187692307692307,0,1,TRUE,TRUE,0,FALSE
16220368,24/06/2026 09:46:03,complete,No threat,NaturaPosOne,positive,one,I agree to participate,16,4,1,1,1,1,1,1,1,1,1,1,1,1,3,3,4,3,3.25,6,4,4,3,3,4,2,6,4,8,2,1,2,1.6666666666666667,1,1,1,1,1,1,1,1,3,3,3,2,2.75,6,5,4,4,3,4.4,1,9,2,5,2,2,2,2,1,1,1,1,1,1,1,1,3,3,3,2,2.75,6,4,4,3,2,3.8,4,7,3,7,2,3,3,2.6666666666666665,1,1,1,1,1,1,1,1,3,3,3,2,2.75,6,4,4,4,3,4.2,4,8,7,To see how facial expressions such as smiling change our outlook and mood.,I am not sure.,39,Female,White,none,"Yes, you may use my data in the research.",NA,1,1,0,1.225283018867925,0,0.5471698113207546,FALSE,TRUE,0,TRUE
16220369,24/06/2026 09:46:11,complete,No threat,NaturaPosOne,positive,one,I agree to participate,16,4,1,1,1,1,1,2,2,1.6666666666666667,2,1,1,1.3333333333333333,2,4,4,6,4,1,2,2,3,2,2,2,6,4,8,2,2,2,2,1,1,1,1,1,1,1,1,1,1,2,2,1.5,1,2,1,2,1,1.4,1,9,2,5,2,4,3,3,1,1,1,1,1,1,1,1,1,2,2,NA,1.6666666666666667,1,2,2,3,2,2,4,7,3,7,2,2,2,2,1,1,1,1,1,1,1,1,3,1,2,3,2.25,1,2,1,5,2,2.2,4,8,7,To see how different images project different feelings of well being,That it is a test,44,Female,White,None,"Yes, you may use my data in the research.",NA,1,1,1.52,0.20096153846153844,0.9807692307692308,0.1346153846153845,FALSE,FALSE,0,FALSE
16220370,24/06/2026 09:46:14,complete,Threat,NaturaPosTen,positive,ten,I agree to participate,16,4,1,4,2,2.3333333333333335,1,1,1,1,3,2,4,3,5,4,5,1,3.75,2,2,1,5,1,2.2,2,6,4,8,1,2,1,1.3333333333333333,1,1,1,1,2,2,4,2.6666666666666665,2,2,5,1,2.5,4,1,1,5,1,2.4,1,9,2,5,2,4,2,2.6666666666666665,1,1,1,1,4,2,3,3,4,3,4,1,3,5,1,1,5,1,2.6,4,7,3,7,4,4,5,4.333333333333333,1,1,1,1,2,2,2,2,4,4,5,1,3.5,4,1,1,5,1,2.4,4,8,7,To see if I can make a fool of myself for a dollar.,To find out if people get annoyed.,62,Female,White,I appreciate the dark font.,"Yes, you may use my data in the research.",NA,1,1,0.6083076923076923,0.46513461538461537,0,0.00961538461538461,FALSE,FALSE,0,FALSE
16220371,24/06/2026 09:46:19,complete,No threat,NaturaPosOne,positive,one,I agree to participate,16,4,6,6,2,4.666666666666667,5,5,2,4,6,4,4,4.666666666666667,5,3,6,6,5,3,4,6,5,5,4.6,2,6,4,8,4,6,6,5.333333333333333,3,7,5,5,5,5,3,4.333333333333333,5,2,5,2,3.5,3,5,5,4,5,4.4,1,9,2,5,3,4,3,3.3333333333333335,5,6,4,5,4,6,5,5,3,4,6,5,4.5,2,2,3,3,5,3,4,7,3,7,1,5,6,4,2,6,2,3.3333333333333335,3,2,5,3.3333333333333335,4,6,6,3,4.75,4,5,3,6,6,4.8,4,8,7,to test my math skills,math,21,Female,Black,none,"Yes, you may use my data in the research.",NA,0.01282051282051282,0.11594202898550723,0,0.12144927536231884,0,0.01449275362318842,FALSE,FALSE,0,FALSE
16220372,24/06/2026 09:46:16,complete,Threat,SmilePosTen,positive,ten,I agree to participate,16,4,2,2,2,2,1,1,1,1,1,1,1,1,6,5,5,4,5,3,1,2,2,1,1.8,2,6,4,8,2,2,2,2,1,1,1,1,1,1,1,1,6,6,5,4,5.25,3,1,2,2,1,1.8,1,9,2,5,2,2,2,2,1,1,1,1,3,3,3,3,5,6,6,4,5.25,3,1,2,1,1,1.6,4,7,3,7,2,2,2,2,1,1,1,1,1,1,1,1,5,6,5,4,5,3,1,2,2,1,1.8,48,NA,7,Im not sure,Maybe some response to the images,44,Female,White,NA,"Yes, you may use my data in the research.",NA,1,1,0,0.4339389140271493,0,0.29581447963800905,FALSE,FALSE,2,FALSE
16220374,24/06/2026 08:47:58,complete,No threat,NaturaPosTen,positive,ten,I agree to participate,16,4,1,1,1,1,1,1,1,1,1,1,1,1,5,5,5,5,5,6,1,1,1,1,2,2,6,4,8,4,4,1,3,1,1,1,1,1,1,1,1,5,5,5,5,5,1,1,1,1,1,1,1,9,2,5,5,5,5,5,1,1,1,1,1,1,1,1,5,5,5,5,5,5,1,1,1,1,1.8,4,7,3,7,5,6,5,5.333333333333333,1,1,1,1,1,1,1,1,5,5,5,5,5,5,1,1,1,1,1.8,4,8,7,i'm not sure,I'm not really sure,68,Female,White,I had no issues,"Yes, you may use my data in the research.",NA,1,1,0.31009615384615385,0.29951923076923076,0.01923076923076922,0.05192307692307693,FALSE,FALSE,0,FALSE
16220375,24/06/2026 08:46:23,complete,No threat,NaturaNegTen,negative,ten,I agree to participate,16,4,1,6,6,4.333333333333333,1,1,1,1,1,1,1,1,3,4,4,1,3,5,2,4,4,4,3.8,2,6,4,8,1,1,1,1,1,1,1,1,1,1,4,2,4,4,4,1,3.25,5,2,1,1,4,2.6,1,9,2,5,1,1,1,1,5,3,5,4.333333333333333,7,7,6,6.666666666666667,4,4,3,1,3,5,3,3,2,4,3.4,4,7,3,7,1,1,1,1,7,3,4,4.666666666666667,7,7,7,7,4,4,4,1,3.25,5,3,4,2,3,3.4,4,8,7,not really sure. maybe to see how responses change when seeing certain things that are harmful?,not sure,43,Male,White,none.,"Yes, you may use my data in the research.",NA,1,1,0,1.7260192307692308,0,0.9442307692307692,TRUE,TRUE,0,FALSE
16220380,24/06/2026 08:46:37,complete,Threat,SmilePosOne,positive,one,I agree to participate,16,4,2,2,2,2,2,2,2,2,2,2,2,2,6,6,6,2,5,2,2,2,2,2,2,2,6,4,8,2,2,2,2,2,1,1,1.3333333333333333,2,2,2,2,6,6,6,3,5.25,2,2,2,2,2,2,1,9,2,5,2,2,2,2,2,2,2,2,2,2,2,2,6,6,6,3,5.25,2,2,2,2,2,2,4,7,3,7,2,2,2,2,2,2,2,2,2,2,2,2,6,6,6,2,5,2,2,2,2,2,2,4,8,7,see if people emotions change,not sure,31,Female,White,no,"Yes, you may use my data in the research.",NA,NA,NA,NA,NA,NA,NA,NA,NA,0,FALSE
16220381,24/06/2026 09:46:34,complete,No threat,SmilePosTen,positive,ten,I agree to participate,16,4,1,1,1,1,2,2,2,2,4,1,3,2.6666666666666665,6,6,5,5,5.5,1,1,1,1,3,1.4,2,6,4,8,2,1,2,1.6666666666666667,1,1,1,1,1,1,1,1,6,6,6,6,6,1,1,1,1,1,1,1,9,2,5,4,2,3,3,1,1,1,1,1,1,2,1.3333333333333333,6,6,6,6,6,3,1,1,1,1,1.4,4,7,3,7,3,3,3,3,1,1,1,1,1,1,1,1,6,6,6,6,6,1,1,1,1,1,1,4,8,7,To guage the impact of positive movements (like smiling) with mood and outlook on life,That it was actually focused on how movement can impact mood,29,Female,White,N/a,"Yes, you may use my data in the research.",NA,1,1,0.12363461538461538,2.5006346153846155,0.07884615384615386,0.9365384615384617,TRUE,TRUE,0,TRUE
16220382,24/06/2026 09:46:38,complete,Threat,NaturaNegTen,negative,ten,I agree to participate,16,4,1,1,1,1,3,1,1,1.6666666666666667,1,1,1,1,2,2,2,1,1.75,5,1,3,2,2,2.6,2,6,4,8,1,1,1,1,1,1,1,1,1,1,2,1.3333333333333333,2,2,2,1,1.75,4,1,2,1,2,2,1,9,2,5,1,1,1,1,3,6,6,5,2,1,1,1.3333333333333333,2,2,2,1,1.75,5,2,3,5,3,3.6,4,7,3,7,1,1,1,1,6,5,6,5.666666666666667,2,1,1,1.3333333333333333,2,2,2,1,1.75,5,2,3,6,3,3.8,4,8,7,I think the purpose was to see how frightening images affect a person's cognitive abilities.,I think that the details have something to do with the disturbing images and the questioning of my emotional state after each task.,35,Female,Black,NA,"Yes, you may use my data in the research.",NA,1,1,0.3134785067873303,0.3882213423831071,0,0,FALSE,FALSE,0,FALSE
16220384,24/06/2026 09:46:39,complete,No threat,NaturaNegOne,negative,one,I agree to participate,16,4,4,6,4,4.666666666666667,1,1,1,1,1,1,1,1,6,5,6,2,4.75,2,1,1,1,1,1.2,2,6,4,8,4,5,4,4.333333333333333,1,1,1,1,1,1,1,1,5,5,5,2,4.25,2,1,1,1,1,1.2,1,9,2,5,4,5,4,4.333333333333333,1,1,1,1,1,1,1,1,5,4,6,2,4.25,2,1,1,1,1,1.2,4,7,3,7,4,5,4,4.333333333333333,1,1,1,1,1,1,1,1,5,5,6,2,4.5,2,1,1,1,1,1.2,4,8,7,To study facial movements during testing,The true purpose of the study,73,Male,White,NA,"Yes, you may use my data in the research.",NA,1,0.9423076923076924,0.0096078431372549,0.08519230769230768,0,0.01923076923076921,FALSE,FALSE,0,FALSE
16220386,24/06/2026 06:46:42,complete,No threat,SmileNegTen,negative,ten,I agree to participate,16,4,2,2,2,2,2,1,1,1.3333333333333333,1,1,1,1,7,7,7,7,7,1,1,1,1,1,1,2,6,4,8,1,1,1,1,1,1,1,1,1,1,1,1,7,7,7,7,7,1,1,1,1,1,1,1,9,2,5,1,1,1,1,4,1,1,2,4,4,6,4.666666666666667,7,7,7,7,7,1,1,1,1,1,1,4,7,3,7,1,1,1,1,2,3,1,2,3,3,4,3.3333333333333335,7,7,7,7,7,1,1,1,1,1,1,4,8,7,to gauge someones sensitivity,psychological test,35,Male,Mixed,No issues. Thank you!,"Yes, you may use my data in the research.",NA,1,1,0.11485897435897433,0.643315987933635,0.04509803921568625,0.8027526395173454,FALSE,TRUE,0,FALSE
16220392,24/06/2026 07:47:18,complete,Threat,NaturaNegOne,negative,one,I agree to participate,16,4,7,6,7,6.666666666666667,6,2,4,4,6,4,6,5.333333333333333,7,7,4,7,6.25,1,2,3,2,1,1.8,2,6,4,8,7,7,7,7,4,1,1,2,5,4,7,5.333333333333333,7,7,7,7,7,1,3,2,1,1,1.6,1,9,2,5,7,7,7,7,2,1,1,1.3333333333333333,5,4,3,4,7,7,7,7,7,1,2,3,2,1,1.8,4,7,3,7,7,7,7,7,4,1,2,2.3333333333333335,5,4,3,4,7,7,7,7,7,2,1,3,2,1,1.8,4,8,7,I really dont know,have no idea,36,Prefer not to answer,Black,NA,"Yes, you may use my data in the research.",NA,1,1,0.09823529411764707,1.1447058823529412,0.13725490196078424,0.8039215686274511,FALSE,TRUE,0,FALSE
16220396,24/06/2026 09:47:00,complete,Threat,SmileNegTen,negative,ten,I agree to participate,16,4,4,4,4,4,6,2,2,3.3333333333333335,2,2,2,2,2,1,1,2,1.5,7,7,6,5,6,6.2,2,6,4,8,2,1,2,1.6666666666666667,5,1,1,2.3333333333333335,1,1,1,1,2,1,2,1,1.5,7,6,6,6,7,6.4,1,9,2,5,1,2,1,1.3333333333333333,4,2,2,2.6666666666666665,5,5,5,5,2,2,2,2,2,7,6,6,5,7,6.2,4,7,3,7,1,1,1,1,2,1,1,1.3333333333333333,2,2,2,2,2,1,2,1,1.5,7,6,6,6,7,6.4,4,8,7,for ai to lean to pick up suddel facel expresions?,about ai,34,Female,White,"i smile funny when showing teeth but i tried, and when i was told to put my hand behind my head and blink i got a little mixxed up in my head and just started counting out loud completly forgetting what i was sopposed to do, but i thank i did better when it came to tapping my nose but i got nurvious and starting tatting too fast","Yes, you may use my data in the research.",NA,1,1,1.8076153846153848,1.3933597285067874,1,0.9903846153846154,FALSE,FALSE,0,FALSE
16220399,24/06/2026 09:47:02,complete,No threat,NaturaNegTen,negative,ten,I agree to participate,16,4,2,4,5,3.6666666666666665,1,1,1,1,1,1,1,1,2,4,2,2,2.5,5,3,1,3,1,2.6,2,6,4,8,1,1,1,1,2,1,1,1.3333333333333333,1,1,1,1,1,2,2,1,1.5,4,3,2,3,1,2.6,1,9,2,5,1,1,1,1,2,1,2,1.6666666666666667,1,1,5,2.3333333333333335,3,3,1,1,2,5,2,1,3,1,2.4,4,7,3,7,1,1,1,1,3,1,1,1.6666666666666667,1,1,4,2,4,3,3,1,2.75,5,1,2,2,1,2.2,4,9,7,how we multitask,that..im not sure,25,Female,NA,NA,"Yes, you may use my data in the research.",NA,1,1,0.00473076923076923,2.894322021116139,0,0.9846153846153848,TRUE,TRUE,1,FALSE
16220404,24/06/2026 08:47:20,complete,No threat,SmilePosTen,positive,ten,I agree to participate,16,4,4,6,4,4.666666666666667,1,1,1,1,1,1,1,1,5,5,6,7,5.75,2,1,1,1,1,1.2,2,6,4,8,5,6,5,5.333333333333333,1,1,1,1,1,1,1,1,6,5,6,7,6,2,1,1,1,1,1.2,1,9,2,5,5,6,5,5.333333333333333,1,1,1,1,1,1,1,1,5,5,6,7,5.75,2,1,1,1,1,1.2,4,7,3,7,6,6,6,6,1,1,1,1,1,1,1,1,5,6,5,7,5.75,2,1,1,1,1,1.2,4,8,7,How does engaging different pasrts of the brain affect other areas?,not sure,58,Male,White,NA,"Yes, you may use my data in the research.",NA,1,0.9980392156862744,0.06966742081447963,0.34227413273001506,0.13872549019607838,0.6700226244343891,FALSE,TRUE,0,FALSE
16220415,24/06/2026 09:48:04,complete,Threat,NaturaNegOne,negative,one,I agree to participate,16,4,2,2,3,2.3333333333333335,1,2,1,1.3333333333333333,1,1,1,1,4,5,4,6,4.75,3,3,3,3,3,3,2,6,4,8,2,1,2,1.6666666666666667,1,1,1,1,1,1,1,1,3,3,3,2,2.75,2,3,3,3,3,2.8,1,9,2,5,1,2,3,2,4,2,1,2.3333333333333335,1,1,2,1.3333333333333333,3,3,3,1,2.5,2,3,3,3,3,2.8,5,7,3,7,2,2,3,2.3333333333333335,3,2,1,2,1,1,1,1,3,3,3,6,3.75,3,3,3,3,3,3,4,8,7,To see facial expressions whilst someone looks at 3 disturbing images. And to gauge how they feel after. I think the rest were decoy tasks,"Refer to my answer to the last question. I think its how images affect mood, facial expressions, and possibly math questions, or the math questions were just decoys.",18,Male,White,"For the first question, it wasnt clear to me that I would immediatley wouldl be following a timer. I thought it was some sort of timer at first, until I realized","Yes, you may use my data in the research.",NA,1,1,0,0,0,0,FALSE,FALSE,1,TRUE
16220421,24/06/2026 09:49:34,complete,Threat,NaturaPosOne,positive,one,I agree to participate,16,4,1,2,2,1.6666666666666667,1,1,1,1,1,1,1,1,4,5,5,3,4.25,1,1,1,1,1,1,2,6,4,8,1,3,2,2,1,1,1,1,1,1,1,1,4,4,5,3,4,1,1,1,1,1,1,1,9,2,5,2,2,2,2,3,1,1,1.6666666666666667,3,2,3,2.6666666666666665,4,5,4,3,4,1,1,1,1,1,1,4,7,3,7,5,5,5,5,1,1,1,1,1,1,1,1,4,5,5,3,4.25,1,1,1,1,1,1,4,8,7,"Not math testing, maybe pictures or tasks on the way it affects mood",What the recording is for beyond verifiaction,35,Male,White,The third prompt matching the face to animals and flowers was funny.,"Yes, you may use my data in the research.",NA,1,1,0.5713461538461538,0.5038461538461538,1,1,FALSE,FALSE,0,FALSE
16220441,24/06/2026 09:49:43,complete,No threat,SmilePosOne,positive,one,I agree to participate,16,4,6,6,6,6,2,2,2,2,2,2,2,2,5,5,5,3,4.5,2,2,2,2,2,2,2,6,4,8,5,5,5,5,1,1,1,1,1,1,1,1,5,5,5,3,4.5,2,2,2,2,2,2,1,9,2,5,6,5,5,5.333333333333333,1,1,1,1,2,1,2,1.6666666666666667,5,5,5,5,5,2,2,2,2,2,2,4,7,3,7,6,6,6,6,1,1,1,1,1,1,2,1.3333333333333333,5,5,5,3,4.5,2,2,2,2,2,2,4,8,7,Understand the impact of movement on mood,Whats the study for,29,Male,Black,none,"Yes, you may use my data in the research.",NA,1,1,0.5998076923076923,0.01211538461538461,0,0,FALSE,FALSE,0,FALSE
16220446,24/06/2026 09:49:58,complete,No threat,SmilePosOne,positive,one,I agree to participate,16,4,1,1,1,1,1,1,1,1,1,1,1,1,4,4,4,2,3.5,3,2,1,3,4,2.6,2,6,4,8,1,1,1,1,1,1,1,1,1,1,1,1,4,4,4,2,3.5,3,1,1,2,3,2,1,9,2,5,1,1,1,1,1,1,1,1,1,1,1,1,4,4,4,2,3.5,3,1,1,3,3,2.2,4,7,3,7,1,1,1,1,1,1,1,1,1,1,1,1,4,4,4,2,3.5,3,1,1,2,3,2,4,8,7,no idea,haven't a clue,24,Male,Other,none,"Yes, you may use my data in the research.",NA,1,1,0,2.1066666666666665,0,1,TRUE,TRUE,0,FALSE
16220466,24/06/2026 09:50:58,complete,Threat,NaturaPosTen,positive,ten,I agree to participate,16,4,1,1,1,1,1,1,1,1,1,1,1,1,3,3,3,3,3,3,2,1,2,2,2,2,6,4,8,1,1,1,1,1,1,1,1,1,1,1,1,3,3,3,3,3,4,2,2,3,2,2.6,1,9,2,5,3,2,2,2.3333333333333335,1,1,1,1,1,1,1,1,3,3,3,3,3,4,2,2,3,2,2.6,4,7,3,7,4,4,4,4,1,1,1,1,1,1,1,1,3,3,3,3,3,3,3,2,2,2,2.4,4,8,7,Seemed like a mental health study,I am not sure,28,Male,White,NA,"Yes, you may use my data in the research.",NA,0.976470588235294,0.9901960784313726,0.989529411764706,2.697370588235294,0.0980392156862745,0.9352941176470588,TRUE,TRUE,0,FALSE
16220481,24/06/2026 08:52:32,complete,No threat,NaturaPosOne,positive,one,I agree to participate,16,4,4,4,5,4.333333333333333,1,NA,1,1,1,1,1,1,3,3,3,3,3,3,2,2,5,2,2.8,2,6,4,8,5,6,6,5.666666666666667,1,1,1,1,1,1,1,1,3,3,3,3,3,3,1,1,3,1,1.8,1,9,2,5,6,5,6,5.666666666666667,1,1,NA,1,1,1,1,1,3,3,3,3,3,3,1,2,1,1,1.6,4,7,3,7,5,5,5,5,1,1,1,1,1,1,NA,1,3,3,3,3,3,2,1,1,3,2,1.8,4,8,7,The purposebofmthw study was to test if movement activily affected people thinking,What the main study is about.,40,Female,Black,I didn't have any issues.,"Yes, you may use my data in the research.",NA,0.9807692307692308,1,1.1990384615384615,2.6732692307692307,0.8461538461538463,1,FALSE,FALSE,0,FALSE
16220512,24/06/2026 09:55:25,complete,Threat,SmileNegTen,negative,ten,I agree to participate,16,4,1,1,1,1,1,1,1,1,1,1,1,1,1,1,1,1,1,5,4,3,4,5,4.2,2,6,4,8,1,1,1,1,1,1,1,1,1,1,1,1,1,1,1,1,1,6,4,3,5,5,4.6,1,9,2,5,1,1,1,1,1,1,1,1,4,1,1,2,1,1,1,1,1,5,4,4,3,5,4.2,4,7,3,7,1,1,1,1,1,1,1,1,5,1,1,2.3333333333333335,1,1,1,1,1,5,4,4,4,4,4.2,4,8,7,To see if seeing certain images impacted a persons mood,That the images were shown with a specific purpose,22,Female,White,No issues,"Yes, you may use my data in the research.",NA,1,1,0,1.8571074660633484,0,0.9903846153846154,TRUE,TRUE,0,FALSE
16220532,24/06/2026 09:56:49,complete,No threat,NaturaNegOne,negative,one,I agree to participate,16,4,4,4,5,4.333333333333333,1,1,1,1,1,1,1,1,6,6,7,5,6,1,1,1,1,1,1,2,6,4,8,4,3,5,4,1,1,1,1,1,1,1,1,6,6,7,6,6.25,1,1,1,1,1,1,1,9,2,5,1,1,1,1,1,1,1,1,2,1,1,1.3333333333333333,5,5,7,5,5.5,1,1,1,1,1,1,4,7,3,7,2,3,1,2,1,1,1,1,1,1,1,1,6,5,7,5,5.75,1,1,1,1,1,1,4,8,7,To see what people look like performing different tasks??,That they looked at us to see if we would react differently to the photos?,44,Female,White,none,"Yes, you may use my data in the research.",NA,1,1,0,2.0615384615384613,0,1,TRUE,TRUE,0,FALSE
16220541,24/06/2026 06:57:11,complete,Threat,NaturaNegOne,negative,one,I agree to participate,16,4,4,3,5,4,2,1,1,1.3333333333333333,3,1,3,2.3333333333333335,3,4,5,2,3.5,6,7,5,5,5,5.6,2,6,4,8,2,4,3,3,1,1,1,1,4,1,6,3.6666666666666665,1,2,1,3,1.75,6,5,7,6,7,6.2,1,9,2,5,2,4,2,2.6666666666666665,1,1,1,1,3,1,5,3,2,2,4,1,2.25,6,7,7,7,6,6.6,4,7,3,7,5,4,5,4.666666666666667,1,1,1,1,1,1,2,1.3333333333333333,2,3,3,2,2.5,6,7,5,7,6,6.2,4,8,7,see if u could follow instructions,focus and mental switching from thinking to doing,35,Male,White,the tasks asked for in the videos need to be a little more bolded or shown,"Yes, you may use my data in the research.",NA,1,1,0.0668,0.7035294117647058,0,0,FALSE,FALSE,0,FALSE
16220752,24/06/2026 10:20:09,complete,No threat,NaturaNegTen,negative,ten,I agree to participate,16,4,1,2,1,1.3333333333333333,1,1,1,1,1,1,1,1,5,3,5,4,4.25,1,1,1,1,1,1,2,6,NA,8,1,1,1,1,1,1,1,1,2,2,2,2,6,5,5,6,5.5,1,1,1,1,1,1,1,9,2,5,1,1,1,1,1,1,1,1,3,3,3,3,5,6,5,4,5,1,1,1,1,1,1,4,7,3,7,1,1,1,1,2,1,1,1.3333333333333333,2,3,3,2.6666666666666665,5,3,4,5,4.25,1,1,1,1,1,1,4,8,NA,To see how people's mood changed based on the tasks they were asked to perform.,The purpose of this research was to see if people reported lower or higher scores on their mood and life conditions.,20,Male,White,N/A.,"Yes, you may use my data in the research.",NA,1,1,0,0.3831730769230769,0,0.3634615384615385,FALSE,FALSE,2,FALSE
16221004,24/06/2026 10:42:28,complete,Threat,SmilePosOne,positive,one,I agree to participate,16,4,1,1,1,1,1,1,1,1,1,1,1,1,6,6,6,3,5.25,2,1,1,1,1,1.2,2,6,4,8,1,1,1,1,1,1,1,1,1,1,1,1,6,6,6,3,5.25,2,1,1,1,1,1.2,1,9,2,5,1,1,1,1,1,1,1,1,1,1,1,1,6,6,6,2,5,2,1,1,1,1,1.2,4,7,3,7,2,1,2,1.6666666666666667,1,1,1,1,1,1,1,1,6,6,6,3,5.25,2,1,1,1,1,1.2,4,8,7,NA,im wondering if this study was to see how different tasks change emotions,24,Female,White,NA,"Yes, you may use my data in the research.",NA,1,1,0.5153846153846154,3.3649019607843136,0.09615384615384612,1,TRUE,TRUE,0,FALSE
16221118,24/06/2026 10:54:20,complete,No threat,SmileNegOne,negative,one,I agree to participate,16,4,4,5,4,4.333333333333333,1,1,1,1,1,1,1,1,5,4,5,3,4.25,2,1,1,2,1,1.4,2,6,4,8,5,5,4,4.666666666666667,1,1,1,1,1,1,1,1,5,5,5,4,4.75,2,1,1,1,1,1.2,1,9,2,5,1,1,1,1,7,4,3,4.666666666666667,7,7,5,6.333333333333333,5,5,5,4,4.75,2,1,1,1,1,1.2,4,7,3,7,1,1,1,1,7,5,5,5.666666666666667,7,7,6,6.666666666666667,5,5,5,4,4.75,2,1,1,1,1,1.2,4,8,7,"How focus, brain activity, and emotions perform when performing different tasks and looking at different images.",How we react while doing different tasks. How it changes our emotions.,27,Male,White,I did not have any issues. Interesting study to participate in.,"Yes, you may use my data in the research.",NA,1,1,0.03096153846153846,3.252692307692308,0,1,TRUE,TRUE,0,FALSE
16222596,24/06/2026 13:03:20,complete,Threat,NaturaNegTen,negative,ten,I agree to participate,16,4,2,2,1,1.6666666666666667,3,1,1,1.6666666666666667,1,1,1,1,1,1,5,1,2,4,1,1,1,1,1.6,2,6,4,8,1,2,1,1.3333333333333333,1,1,1,1,4,4,4,4,1,1,4,1,1.75,5,3,2,5,3,3.6,1,9,2,5,1,1,1,1,1,1,1,1,5,5,5,5,1,1,3,1,1.5,5,3,1,4,5,3.6,4,7,3,7,1,1,1,1,2,1,1,1.3333333333333333,2,2,1,1.6666666666666667,1,1,5,1,2,6,1,1,2,4,2.8,4,8,7,"How viewing distressing images impacts emotions, especially depending on what someone does during that, maybe?",That it was less about the movement tasks and math and more the distressing images?,29,Gender variant / non-conforming,Mixed,NA,"Yes, you may use my data in the research.",NA,1,1,0,1.5010631349782293,0,0.7396226415094339,TRUE,TRUE,0,FALSE
16222597,24/06/2026 13:03:22,complete,No threat,SmilePosTen,positive,ten,I agree to participate,16,4,3,4,1,2.6666666666666665,2,2,2,2,1,2,2,1.6666666666666667,2,1,2,1,1.5,3,3,5,6,4,4.2,2,6,4,8,5,3,2,3.3333333333333335,1,1,1,1,1,1,1,1,2,1,1,1,1.25,4,5,5,5,4,4.6,1,9,2,5,2,2,1,1.6666666666666667,3,3,3,3,5,5,5,5,2,1,2,1,1.5,3,5,4,5,4,4.2,4,7,3,7,7,6,7,6.666666666666667,1,1,1,1,1,1,1,1,2,1,2,1,1.5,4,5,4,5,4,4.4,4,8,7,not sure. How do we react to certain stimuli even when we are depressed or anxious?,do not know,55,Female,White,no issues,"Yes, you may use my data in the research.",NA,1,1,0.05359615384615385,1.738923076923077,0,1,TRUE,TRUE,0,FALSE
16222598,24/06/2026 14:03:23,complete,Threat,NaturaNegOne,negative,one,I agree to participate,16,4,4,4,1,3,1,1,1,1,1,1,1,1,5,5,6,7,5.75,2,5,2,2,5,3.2,2,6,4,8,4,4,4,4,1,1,1,1,2,2,2,2,5,5,6,7,5.75,1,3,2,2,5,2.6,1,9,2,5,4,4,4,4,1,1,1,1,1,1,1,1,5,5,6,7,5.75,1,5,2,5,5,3.6,4,7,3,7,4,4,4,4,3,2,1,2,1,1,1,1,5,5,6,7,5.75,1,5,2,2,5,3,4,8,7,not sure at all,i really don't know,32,Female,White,none,"Yes, you may use my data in the research.",NA,1,1,9.803921568627462e-4,2.734313725490196,0,1,TRUE,TRUE,0,FALSE
16222599,24/06/2026 14:03:27,complete,No threat,SmileNegTen,negative,ten,I agree to participate,16,4,1,1,2,1.3333333333333333,1,1,1,1,1,1,1,1,4,5,6,4,4.75,1,1,1,1,1,1,2,6,4,8,1,2,1,1.3333333333333333,1,1,1,1,2,1,1,1.3333333333333333,4,6,5,4,4.75,1,1,1,1,1,1,1,9,2,5,1,1,1,1,1,1,1,1,1,1,2,1.3333333333333333,5,5,6,4,5,1,1,1,1,1,1,4,7,1,7,1,1,1,1,1,1,1,1,2,1,2,1.6666666666666667,5,6,5,4,5,1,1,1,1,1,1,4,8,7,The correlation between distress and self analysis of life satisfaction.  It had nothing to do with math,The math was not a factor,38,Male,White,Tiny bit distracted,"Yes, you may use my data in the research.",NA,0.7784313725490196,0.5935143288084465,0.05609803921568627,0.8414739819004524,0.00588235294117646,0.4485294117647059,FALSE,FALSE,1,FALSE
16222600,24/06/2026 14:03:26,complete,No threat,SmilePosTen,positive,ten,I agree to participate,16,4,5,6,5,5.333333333333333,1,1,1,1,1,1,1,1,6,5,6,5,5.5,1,1,1,1,1,1,2,6,4,8,5,5,5,5,1,1,1,1,1,1,1,1,5,5,6,6,5.5,1,1,1,1,1,1,1,9,2,5,5,5,5,5,1,1,1,1,1,2,2,1.6666666666666667,5,5,6,6,5.5,1,1,1,1,1,1,4,7,3,7,5,5,5,5,1,1,1,1,1,1,1,1,5,6,6,5,5.5,1,1,1,1,1,1,4,8,7,To see if focus could be split between physical tasks and mental (math-based) tasks,Maybe training AI,35,Male,Black,None,"Yes, you may use my data in the research.",NA,0.9961538461538462,0.9923076923076924,0.35942307692307696,3.5305961538461537,0.03653846153846152,0.9634615384615384,TRUE,TRUE,0,FALSE
16222601,24/06/2026 11:03:36,complete,Threat,SmileNegTen,negative,ten,I agree to participate,16,4,1,2,1,1.3333333333333333,1,1,1,1,1,1,1,1,1,2,1,1,1.25,3,1,1,1,1,1.4,2,6,4,8,1,2,2,1.6666666666666667,1,1,1,1,1,1,1,1,1,2,1,1,1.25,3,1,1,3,1,1.8,1,9,2,5,1,1,1,1,1,1,1,1,4,3,5,4,1,2,1,1,1.25,3,2,1,5,2,2.6,4,7,3,7,1,1,1,1,1,1,1,1,1,1,1,1,1,2,1,1,1.25,3,2,1,4,2,2.4,4,8,7,"Whether negative images would cause a change in our emotions. The only one I truly felt was sadness due to the animal images, but sadness wasnt in the list.",I dont know,45,Female,White,NA,"Yes, you may use my data in the research.",NA,1,1,0,1.025207911164466,0,0.4911142918705943,FALSE,FALSE,0,FALSE
16222602,24/06/2026 11:03:35,complete,Threat,NaturaNegOne,negative,one,I agree to participate,16,4,1,1,1,1,3,1,1,1.6666666666666667,5,4,4,4.333333333333333,7,7,7,7,7,5,1,1,1,3,2.2,2,6,4,8,1,1,1,1,1,1,1,1,2,3,2,2.3333333333333335,7,7,7,7,7,5,1,1,1,3,2.2,1,9,2,5,1,1,1,1,2,1,1,1.3333333333333333,1,1,1,1,7,7,7,7,7,5,1,1,1,3,2.2,4,7,3,7,1,1,1,1,1,1,1,1,1,1,1,1,7,7,7,7,7,5,1,1,1,3,2.2,4,8,7,If actions relating to inner thoughts had any bearing on mathmatical reasoning,If distracted individuals are affacted by stimuli that would either improve or worsen thier mood and outlooks,29,Male,White,NA,"Yes, you may use my data in the research.",NA,1,1,0,3.121538461538462,0,1,TRUE,TRUE,0,FALSE
16222604,24/06/2026 13:03:37,complete,Threat,NaturaPosTen,positive,ten,I agree to participate,16,4,4,4,4,4,3,1,1,1.6666666666666667,1,1,4,2,6,6,6,7,6.25,3,1,1,2,2,1.8,2,6,4,8,5,5,4,4.666666666666667,1,1,1,1,1,1,1,1,6,6,6,6,6,2,6,1,1,1,2.2,1,9,2,5,5,5,5,5,2,1,4,2.3333333333333335,1,1,1,1,6,6,6,6,6,2,1,1,1,1,1.2,4,7,3,7,6,6,6,6,1,1,1,1,1,1,1,1,6,6,6,6,6,3,2,1,1,1,1.6,4,8,7,Seeing how looking at positive impacts influences your self-worth and mood.,I think some details would be about how using math distracts your brain from the previous influence of the pictures possibly.,26,Female,White,NA,"Yes, you may use my data in the research.",NA,1,1,0.2808710407239819,2.1971089743589745,0,0.9980769230769232,TRUE,TRUE,0,FALSE
16222605,24/06/2026 13:03:36,complete,No threat,SmilePosTen,positive,ten,I agree to participate,16,4,1,1,1,1,1,1,1,1,1,1,2,1.3333333333333333,5,5,5,2,4.25,3,1,1,1,3,1.8,2,6,4,8,1,1,1,1,1,1,1,1,1,1,1,1,5,4,5,2,4,2,1,1,1,2,1.4,1,9,2,5,1,1,1,1,5,1,1,2.3333333333333335,1,1,1,1,5,4,5,2,4,3,1,1,1,3,1.8,4,7,3,7,1,2,1,1.3333333333333333,1,1,1,1,1,1,1,1,5,4,5,2,4,2,1,1,1,2,1.4,4,8,7,to view how we react to certain images,"im not sure, but possibly something to do with eye contact",25,Female,Mixed,NA,"Yes, you may use my data in the research.",NA,1,0.9769230769230768,0.4904423076923077,0.7203269230769231,0.01153846153846153,0.00961538461538461,FALSE,FALSE,0,FALSE
16222606,24/06/2026 13:03:39,complete,No threat,NaturaNegTen,negative,ten,I agree to participate,16,4,1,1,1,1,5,1,1,2.3333333333333335,1,1,1,1,1,1,4,1,1.75,2,2,2,5,2,2.6,2,6,4,8,1,1,1,1,1,1,1,1,1,1,1,1,2,2,2,2,2,1,1,1,5,1,1.8,1,9,2,5,1,1,1,1,1,1,1,1,1,1,1,1,2,1,2,4,2.25,2,2,2,5,2,2.6,4,7,3,7,1,1,1,1,7,1,1,3,1,1,1,1,1,2,2,1,1.5,1,1,1,5,3,2.2,4,8,7,Stagnate human emotions,I'm not sure. Maybe how the world is becoming desensitized.,51,Male,Black,None,"Yes, you may use my data in the research.",NA,1,1,0.33227224736048266,1.423538838612368,0.00196078431372548,0.8978506787330316,FALSE,TRUE,0,FALSE
16222607,24/06/2026 13:03:42,complete,No threat,SmilePosOne,positive,one,I agree to participate,16,4,1,1,1,1,1,1,1,1,1,1,2,1.3333333333333333,7,6,7,7,6.75,4,1,1,1,1,1.6,2,6,4,8,2,2,1,1.6666666666666667,1,1,1,1,1,1,1,1,6,7,7,7,6.75,3,1,1,1,1,1.4,1,9,2,5,1,1,1,1,1,1,1,1,1,1,1,1,6,7,7,7,6.75,4,1,1,1,1,1.6,4,7,3,7,3,1,3,2.3333333333333335,1,1,1,1,1,1,1,1,6,7,7,7,6.75,5,1,1,1,1,1.8,4,8,7,I am not sure,maybe some people saw positive pictures and some people saw negative ones,28,Female,White,n/a,"Yes, you may use my data in the research.",NA,1,1,0.03254901960784313,3.4465384615384616,0,1,TRUE,TRUE,0,FALSE
16222609,24/06/2026 11:03:47,complete,No threat,SmilePosOne,positive,one,I agree to participate,16,4,3,3,4,3.3333333333333335,3,4,4,3.6666666666666665,3,1,3,2.3333333333333335,1,1,1,1,1,7,7,7,7,7,7,2,6,4,8,3,4,3,3.3333333333333335,2,3,3,2.6666666666666665,3,2,2,2.3333333333333335,1,2,1,1,1.25,7,7,7,7,7,7,1,9,2,5,6,6,6,6,1,1,1,1,1,1,1,1,1,2,1,1,1.25,7,7,7,7,7,7,4,7,3,7,5,7,5,5.666666666666667,1,1,1,1,1,1,1,1,1,2,1,1,1.25,7,7,7,7,7,7,4,8,7,"You guys said there would be scary images. So I braced myself everytime, and was pleasantly met with images of kittens and flowers. I don't know, but I tended to be more scared doing the timed exercises.","There is mention of disturbing imagery, yet I see none. Perhaps something to do with that?",20,Male,White,I may have tapped my nose 6 times. Sorry.,"Yes, you may use my data in the research.",NA,1,1,0.01788461538461538,1.2861538461538462,0,0.75,FALSE,TRUE,0,FALSE
16222611,24/06/2026 11:03:56,complete,Threat,SmilePosTen,positive,ten,I agree to participate,16,4,1,1,1,1,1,1,1,1,2,1,2,1.6666666666666667,3,2,4,2,2.75,3,1,NA,2,1,1.75,2,6,4,8,2,3,2,2.3333333333333335,1,1,1,1,1,1,1,1,2,2,2,2,2,3,NA,1,1,1,1.5,1,9,2,5,4,1,2,2.3333333333333335,1,1,1,1,1,1,2,1.3333333333333333,2,2,2,2,2,3,1,1,1,1,1.4,4,7,3,7,4,4,4,4,1,1,1,1,1,1,NA,1,2,3,2,2,2.25,3,1,1,1,1,1.4,4,8,7,Im not fully sure.,"I know this study was described that i would be doing math questions on camera and it ended up being different, as there were questions other than math questions.",23,Female,Other,"I had to admit to having a hard time with undersyanding the physical activities in the beginning, hence you can see that most likely in the videos haha. I didnt mind completing the on camera portions, and I got the hang of it after a second! Thank you for allowing me to participate in your study!","Yes, you may use my data in the research.",NA,1,1,0,0.6539173852414696,0,0,FALSE,FALSE,0,FALSE
16222612,24/06/2026 14:03:56,complete,Threat,NaturaPosOne,positive,one,I agree to participate,16,4,4,5,4,4.333333333333333,1,1,1,1,1,1,1,1,7,7,7,7,7,1,1,1,1,1,1,2,6,4,8,3,3,3,3,1,1,1,1,1,1,1,1,7,7,7,7,7,1,1,1,1,1,1,1,9,2,5,5,5,5,5,NA,1,1,1,1,1,1,1,7,7,7,7,7,1,1,1,1,1,1,4,7,3,7,5,5,5,5,1,1,1,1,1,1,1,1,7,7,7,7,7,1,1,1,1,1,1,4,8,7,Not quite sure,Something to do with touching your head and eye movement?,61,Female,White,None,"Yes, you may use my data in the research.",NA,1,1,0,2.4457692307692307,0,1,TRUE,TRUE,0,FALSE
16222613,24/06/2026 14:04:07,complete,No threat,NaturaNegOne,negative,one,I agree to participate,16,4,3,3,3,3,1,1,1,1,1,1,1,1,6,5,5,7,5.75,3,1,1,1,1,1.4,2,6,4,8,5,5,4,4.666666666666667,1,1,1,1,1,1,1,1,6,6,6,6,6,1,4,1,1,1,1.6,1,9,2,5,4,3,3,3.3333333333333335,1,1,1,1,1,1,1,1,6,6,6,7,6.25,1,1,1,1,1,1,4,7,3,7,3,2,3,2.6666666666666665,1,1,1,1,1,1,1,1,7,6,5,7,6.25,3,1,1,1,1,1.4,4,8,7,Seeing how movememnts effect mood,NA,31,Male,Black,NA,"Yes, you may use my data in the research.",NA,1,1,0.7725,2.312884615384615,1,1,TRUE,FALSE,0,FALSE
16222614,24/06/2026 14:04:01,complete,No threat,SmileNegOne,negative,one,I agree to participate,16,4,1,1,1,1,1,1,1,1,1,1,1,1,7,7,7,7,7,1,1,1,1,1,1,2,6,4,8,1,1,1,1,1,1,1,1,1,1,1,1,7,7,7,7,7,1,1,1,1,1,1,1,9,2,5,4,1,1,2,1,1,1,1,1,1,1,1,7,7,7,7,7,1,1,1,1,1,1,4,7,4,7,1,1,1,1,1,1,1,1,1,1,1,1,7,7,7,7,7,1,1,1,1,1,1,4,8,7,body movements,not sure,38,Female,White,N/A,"Yes, you may use my data in the research.",NA,1,1,0,0,0,0,FALSE,FALSE,1,FALSE
16222615,24/06/2026 14:04:01,complete,Threat,SmileNegTen,negative,ten,I agree to participate,16,4,2,2,1,1.6666666666666667,1,1,1,1,3,1,3,2.3333333333333335,2,5,3,6,4,3,1,1,2,2,1.8,2,6,4,8,1,3,3,2.3333333333333335,1,1,1,1,1,1,1,1,3,4,3,5,3.75,3,1,1,2,1,1.6,1,9,2,5,1,1,1,1,2,1,1,1.3333333333333333,2,5,5,4,2,4,3,5,3.5,3,1,1,1,1,1.4,4,7,3,7,1,1,1,1,5,1,1,2.3333333333333335,3,6,4,4.333333333333333,2,4,3,5,3.5,3,1,1,4,2,2.2,4,8,7,To assess if emotional disturbance affects ability to perform simple arithmatic,It might also be intended to assess the impact of seeing negative images or images of crime and abuse on someone's evaluation of the condition of their life.,28,Male,White,N/A,"Yes, you may use my data in the research.",NA,1,1,0.00384615384615384,3.315423076923077,0,0.9846153846153846,TRUE,TRUE,0,FALSE
16222616,24/06/2026 13:04:03,complete,No threat,SmilePosTen,positive,ten,I agree to participate,16,4,1,1,1,1,1,1,1,1,1,1,1,1,6,6,6,5,5.75,2,1,1,1,1,1.2,2,6,4,8,1,1,1,1,1,1,1,1,1,1,1,1,6,6,6,5,5.75,2,1,1,1,1,1.2,1,9,2,5,1,1,1,1,1,1,1,1,2,2,2,2,6,6,6,5,5.75,2,1,1,1,1,1.2,4,7,3,7,1,1,1,1,1,1,1,1,1,1,1,1,6,6,6,5,5.75,2,1,1,1,1,1.2,4,8,7,no idea!,how feelings change when asked to do repetitive things?,42,Female,White,no issues,"Yes, you may use my data in the research.",NA,1,1,0.9506734539969834,1.046089366515837,0.03487933634992458,0.02307692307692306,FALSE,FALSE,0,FALSE
16222617,24/06/2026 12:01:01,complete,No threat,SmileNegOne,negative,one,I agree to participate,16,4,2,5,2,3,2,3,2,2.3333333333333335,4,3,4,3.6666666666666665,5,6,5,5,5.25,4,2,1,3,2,2.4,2,6,4,8,2,2,3,2.3333333333333335,1,1,1,1,2,2,3,2.3333333333333335,6,6,6,5,5.75,4,2,1,2,1,2,1,9,2,5,1,1,1,1,6,2,3,3.6666666666666665,4,4,4,4,5,6,5,5,5.25,4,1,2,2,2,2.2,4,7,3,7,2,2,1,1.6666666666666667,6,3,2,3.6666666666666665,5,5,4,4.666666666666667,5,6,5,5,5.25,4,2,1,2,2,2.2,4,8,7,Not sure,something about your feelings after seeing upsetting images,28,Female,White,NA,"Yes, you may use my data in the research.",NA,1,0.9019607843137256,2.112549019607843,1.4833333333333334,1,0.9019607843137256,FALSE,FALSE,0,FALSE
16222618,24/06/2026 14:04:03,complete,No threat,SmileNegOne,negative,one,I agree to participate,16,4,1,1,1,1,1,1,1,1,1,1,2,1.3333333333333333,6,5,6,6,5.75,2,1,1,1,1,1.2,2,6,4,8,1,1,1,1,1,1,1,1,1,1,1,1,6,6,6,6,6,1,1,1,1,1,1,1,9,2,5,1,1,1,1,1,1,1,1,1,1,1,1,6,6,6,6,6,1,1,1,1,1,1,4,7,3,7,1,1,1,1,1,1,1,1,1,1,1,1,6,6,6,6,6,1,1,1,1,1,1,4,8,7,to see id movements alters feelings,NA,42,Female,White,NA,"Yes, you may use my data in the research.",NA,1,1,0,3.184615384615385,0,1,TRUE,TRUE,0,FALSE
16222621,24/06/2026 14:04:06,complete,Threat,SmileNegOne,negative,one,I agree to participate,16,4,1,1,1,1,1,1,1,1,7,7,7,7,1,1,1,1,1,4,7,7,7,7,6.4,2,6,4,8,1,1,1,1,1,1,1,1,1,1,1,1,1,1,1,1,1,4,7,7,7,7,6.4,1,9,2,5,1,1,1,1,1,1,1,1,7,7,7,7,1,1,1,1,1,4,7,7,7,7,6.4,4,7,3,7,1,1,1,1,1,1,1,1,7,7,7,7,1,1,1,1,1,4,7,7,7,7,6.4,4,8,7,NA,I have no idea,49,Female,White,NA,"Yes, you may use my data in the research.",NA,1,1,0.4798076923076923,2.7336538461538464,0.07692307692307697,0.9615384615384616,TRUE,TRUE,0,FALSE
16222623,24/06/2026 13:04:09,complete,Threat,NaturaNegTen,negative,ten,I agree to participate,16,4,1,1,1,1,1,1,1,1,1,1,1,1,1,1,2,5,2.25,4,3,4,4,4,3.8,2,6,4,8,2,1,1,1.3333333333333333,1,1,1,1,1,1,1,1,2,2,2,5,2.75,4,3,5,4,4,4,1,9,2,5,1,1,1,1,4,1,1,2,5,5,3,4.333333333333333,1,2,2,5,2.5,4,3,5,4,4,4,4,7,3,7,1,1,1,1,3,2,2,2.3333333333333335,5,4,5,4.666666666666667,1,2,2,5,2.5,4,3,5,4,4,4,4,8,7,How unsettling images affect mental state.,I think repeating the 10x3 image task while providing instructions for a different task was on purpose.,24,Male,NA,One of the tasks ended up being different from the one described. I was told I would have to emulate facial expressions shown but the task was instead a repeat of 10 collections of 3 images.,"Yes, you may use my data in the research.",NA,1,1,0.8774615384615385,0.4589615384615385,0.00192307692307692,0,FALSE,FALSE,0,FALSE
16222624,24/06/2026 13:04:09,complete,Threat,NaturaNegTen,negative,ten,I agree to participate,16,4,1,1,1,1,1,1,1,1,2,1,2,1.6666666666666667,4,5,6,3,4.5,2,1,1,1,2,1.4,2,6,4,8,1,1,1,1,1,1,1,1,1,1,1,1,5,6,6,4,5.25,2,1,1,1,2,1.4,1,9,2,5,1,1,1,1,1,1,1,1,2,1,2,1.6666666666666667,6,6,6,4,5.5,2,1,1,1,2,1.4,4,7,3,7,1,1,1,1,1,1,1,1,1,1,1,1,4,5,6,3,4.5,2,1,1,1,2,1.4,4,8,7,I honestly don't know,You're studying intentional manipulation of emotional reactions?,27,Male,White,NA,"Yes, you may use my data in the research.",NA,1,1,0.4610961538461538,1.5198846153846155,0.14615384615384616,0.9019230769230768,FALSE,TRUE,0,FALSE
16222625,24/06/2026 13:04:10,complete,Threat,NaturaNegOne,negative,one,I agree to participate,16,4,1,1,1,1,1,1,1,1,1,1,1,1,6,6,6,1,4.75,3,1,1,2,1,1.6,2,6,4,8,1,1,2,1.3333333333333333,1,1,1,1,1,1,2,1.3333333333333333,5,5,5,1,4,3,1,1,3,1,1.8,1,9,2,5,3,1,2,2,1,1,1,1,2,1,2,1.6666666666666667,5,5,5,1,4,3,1,1,3,1,1.8,4,7,3,7,1,1,1,1,3,1,1,1.6666666666666667,1,1,1,1,5,5,5,1,4,3,1,1,2,1,1.6,4,8,7,To see if random movements and alarming images would interfere with how somene would solve math problems.,The math problem solving may not be the point of the study.,28,Male,White,NA,"Yes, you may use my data in the research.",NA,1,1,0.7326923076923076,2.578076923076923,0.9807692307692308,1,TRUE,FALSE,0,FALSE
16222627,24/06/2026 14:04:11,complete,No threat,SmileNegOne,negative,one,I agree to participate,16,4,1,3,2,2,1,1,1,1,1,1,1,1,5,5,5,5,5,4,2,2,2,2,2.4,2,6,4,8,1,1,1,1,1,1,1,1,1,1,1,1,4,4,4,4,4,2,1,1,1,1,1.2,1,9,2,5,1,1,1,1,1,1,1,1,1,1,1,1,5,5,5,5,5,2,1,1,1,2,1.4,4,7,3,7,1,1,1,1,1,1,1,1,1,1,1,1,4,4,1,4,3.25,NA,4,4,NA,4,4,4,8,7,NA,NA,54,Female,White,NA,"Yes, you may use my data in the research.",NA,0.9215686274509804,1,0.02450980392156862,0.03901960784313724,0,0,FALSE,FALSE,0,FALSE
16222628,24/06/2026 14:04:16,complete,No threat,NaturaPosOne,positive,one,I agree to participate,16,4,4,5,5,4.666666666666667,1,1,1,1,1,1,1,1,5,5,5,5,5,1,1,1,1,1,1,2,6,4,8,5,5,5,5,1,1,1,1,1,1,1,1,5,5,5,5,5,1,1,1,1,1,1,1,9,2,5,6,6,6,6,1,1,1,1,1,1,1,1,5,5,5,5,5,1,1,1,1,1,1,4,7,3,7,6,6,6,6,1,1,1,1,1,1,1,1,5,5,5,5,5,1,1,1,1,1,1,4,8,7,How to follow instructions.,I don't know,27,Male,Other,NA,"Yes, you may use my data in the research.",NA,1,1,0.4625,1.8642307692307691,0,1,FALSE,TRUE,0,FALSE
16222629,24/06/2026 14:04:13,complete,Threat,SmilePosOne,positive,one,I agree to participate,16,4,3,4,4,3.6666666666666665,3,3,3,3,5,5,5,5,5,5,5,5,5,5,5,5,5,5,5,2,6,4,8,3,3,3,3,3,3,3,3,3,4,4,3.6666666666666665,5,5,5,5,5,5,5,5,5,5,5,1,9,2,5,5,5,4,4.666666666666667,3,3,3,3,3,4,4,3.6666666666666665,5,5,5,5,5,5,5,5,5,5,5,4,7,3,7,4,4,4,4,3,3,3,3,4,3,4,3.6666666666666665,5,5,5,5,5,5,5,5,5,5,5,4,8,7,Analyze how your face can detect emotions,I do not know,23,Male,White,NA,"Yes, you may use my data in the research.",NA,1,1,0.4158823529411765,2.459607843137255,0,1,TRUE,TRUE,0,FALSE
16222630,24/06/2026 13:04:15,complete,Threat,NaturaPosOne,positive,one,I agree to participate,16,4,5,5,1,3.6666666666666665,1,1,5,2.3333333333333335,1,1,NA,1,5,5,6,5,5.25,3,2,1,2,2,2,2,6,4,8,5,5,5,5,1,1,1,1,1,1,1,1,5,5,6,5,5.25,4,2,2,2,2,2.4,1,9,2,5,6,6,6,6,1,1,1,1,1,NA,1,1,5,5,5,5,5,3,1,1,1,1,1.4,4,7,3,7,NA,6,6,6,1,1,1,1,1,1,1,1,5,5,5,5,5,NA,1,2,2,2,1.75,4,8,7,movement/emotion recognition,facial expressions based on tasks,26,Female,White,NA,"Yes, you may use my data in the research.",NA,1,1,0.00249999999999999,2.2515384615384617,0,1,TRUE,TRUE,0,FALSE
16222631,24/06/2026 14:04:16,complete,Threat,SmileNegTen,negative,ten,I agree to participate,16,4,1,1,1,1,1,1,1,1,2,1,2,1.6666666666666667,5,5,5,5,5,5,1,1,3,2,2.4,2,6,4,8,1,1,1,1,1,1,1,1,1,1,1,1,5,5,5,5,5,5,1,1,1,1,1.8,1,9,2,5,1,1,1,1,3,1,1,1.6666666666666667,2,2,2,2,5,5,5,5,5,5,1,1,1,1,1.8,4,7,3,7,1,1,1,1,4,4,4,4,4,1,1,2,5,5,5,5,5,5,1,1,1,1,1.8,4,8,7,"Honestly, I am not sure.",This may be something related to emotional triggers.,43,Female,White,N/A,"Yes, you may use my data in the research.",NA,1,1,0.6816613876319759,2.7865678733031674,0.03529411764705881,0.9980392156862744,TRUE,TRUE,0,FALSE
16222632,24/06/2026 14:04:17,complete,Threat,NaturaNegOne,negative,one,I agree to participate,16,4,2,1,1,1.3333333333333333,1,1,1,1,1,1,2,1.3333333333333333,2,4,3,6,3.75,2,1,1,1,1,1.2,2,6,4,8,1,1,1,1,1,1,1,1,1,1,1,1,2,4,3,6,3.75,2,1,1,1,1,1.2,1,9,2,5,2,1,1,1.3333333333333333,1,1,1,1,1,1,1,1,2,4,3,6,3.75,2,1,1,1,1,1.2,4,7,3,7,1,1,1,1,1,1,1,1,2,1,2,1.6666666666666667,2,4,3,6,3.75,2,1,1,1,1,1.2,4,8,7,"To see if people could still preform basic functions after being distracted and how does how they preceive there preformance effect there feelings
",im not sure,31,Female,White,none,"Yes, you may use my data in the research.",NA,1,1,0,1.3021153846153846,0,1,FALSE,TRUE,0,FALSE
16222633,24/06/2026 13:04:20,complete,No threat,NaturaPosTen,positive,ten,I agree to participate,16,4,2,1,NA,1.5,1,1,1,1,1,1,1,1,3,5,4,3,3.75,5,1,1,2,5,2.8,2,6,4,8,3,2,2,2.3333333333333335,1,1,1,1,1,1,1,1,5,3,5,1,3.5,5,1,1,1,2,2,1,9,2,5,3,3,1,2.3333333333333335,1,1,1,1,1,1,1,1,3,2,5,2,3,6,1,1,1,2,2.2,4,7,3,7,4,2,4,3.3333333333333335,1,1,1,1,1,1,1,1,3,3,5,2,3.25,5,1,1,1,3,2.2,4,8,7,the connection between being told to do a physical task and then simple math problems,i'm not sure. to be honest i got a little caught up on having to copy the facial expressions being that it was animals and not human faces,34,Female,White,i had no issues   thank you for allowing me to participate,"Yes, you may use my data in the research.",NA,1,1,0.8203806240928883,0.1658846153846154,0.8829462989840348,0.00961538461538461,FALSE,FALSE,0,FALSE
16222634,24/06/2026 14:04:18,complete,No threat,NaturaPosOne,positive,one,I agree to participate,16,4,3,1,1,1.6666666666666667,1,1,1,1,1,1,1,1,7,7,7,7,7,1,1,1,1,1,1,2,6,4,8,4,1,3,2.6666666666666665,1,1,1,1,1,1,1,1,7,7,7,7,7,1,1,1,1,1,1,1,9,2,5,6,4,4,4.666666666666667,1,1,1,1,1,1,1,1,7,7,7,7,7,1,1,1,1,1,1,4,7,3,7,6,2,5,4.333333333333333,1,1,1,1,1,1,1,1,7,7,7,7,7,1,1,1,1,1,1,4,8,7,"I am honestly not sure about the purpose, maybe to see if I followed the directions and if the actions affected my mood in anyway.",That those motions had nothing to do with making me faster at math problems.,23,Female,White,NA,"Yes, you may use my data in the research.",NA,1,1,0,2.673076923076923,0,1,TRUE,TRUE,0,FALSE
16222635,24/06/2026 13:04:19,complete,No threat,SmileNegOne,negative,one,I agree to participate,16,4,1,1,1,1,1,1,1,1,1,1,1,1,2,2,3,1,2,3,1,1,1,1,1.4,2,6,4,8,2,5,1,2.6666666666666665,1,1,1,1,1,1,1,1,2,2,1,2,1.75,1,1,1,1,1,1,1,9,2,5,1,1,1,1,1,1,1,1,5,5,6,5.333333333333333,3,2,2,1,2,1,1,1,1,1,1,4,7,3,7,1,1,1,1,3,1,1,1.6666666666666667,4,4,5,4.333333333333333,3,2,2,1,2,1,1,1,4,1,1.6,4,8,7,Gauging people's math performance in the the midst of different emotions.,I truly have no idea,39,Male,Black,"Some of the instructions were a bit confusing, but I did mthe best I could.","Yes, you may use my data in the research.",NA,1,1,0.03788461538461541,0,0.17307692307692296,0,FALSE,FALSE,0,FALSE
16222637,24/06/2026 14:04:19,complete,Threat,SmileNegOne,negative,one,I agree to participate,16,4,2,2,2,2,2,2,2,2,2,2,2,2,6,5,5,5,5.25,2,1,1,2,2,1.6,2,6,4,8,1,1,1,1,1,1,1,1,1,1,1,1,5,5,5,5,5,1,1,1,1,1,1,1,9,2,5,1,1,2,1.3333333333333333,1,1,1,1,1,1,1,1,5,4,5,5,4.75,2,1,1,1,1,1.2,4,7,3,7,1,1,2,1.3333333333333333,1,1,1,1,1,1,1,1,5,5,6,6,5.5,1,1,1,1,1,1,4,8,7,unsure,i cant think of what it might be,30,Female,White,NA,"Yes, you may use my data in the research.",NA,1,1,0,1.0262745098039217,0,0.8039215686274511,FALSE,TRUE,0,FALSE
16222638,24/06/2026 14:04:21,complete,Threat,NaturaPosTen,positive,ten,I agree to participate,16,4,1,1,2,1.3333333333333333,1,1,1,1,1,1,1,1,2,3,2,1,2,3,3,3,2,4,3,2,6,4,8,1,1,1,1,1,1,1,1,1,1,1,1,2,2,2,1,1.75,2,2,2,2,2,2,5,9,2,5,3,4,5,4,1,1,1,1,1,1,1,1,2,2,2,1,1.75,2,2,2,2,2,2,4,7,3,7,7,7,7,7,1,1,1,1,1,1,1,1,2,3,2,1,2,2,2,2,2,2,2,4,8,7,to follow directions,not sure,31,Female,Black,n/a,"Yes, you may use my data in the research.",NA,1,1,0.642394419306184,3.1595576923076925,0,1,TRUE,TRUE,1,FALSE
16222639,24/06/2026 14:04:19,complete,No threat,NaturaPosOne,positive,one,I agree to participate,16,4,4,4,4,4,1,1,1,1,1,1,1,1,3,4,4,1,3,5,1,1,4,1,2.4,2,6,4,8,5,5,5,5,1,1,1,1,1,1,1,1,1,4,1,1,1.75,5,1,1,1,1,1.8,1,9,2,5,5,5,5,5,1,1,1,1,1,1,1,1,1,4,4,1,2.5,5,1,1,1,1,1.8,4,7,3,7,5,4,4,4.333333333333333,1,1,1,1,1,1,1,1,1,1,1,1,1,1,1,1,1,1,1,4,8,7,Not sure,I am curious to learn,52,Male,White,Not applicable,"Yes, you may use my data in the research.",NA,1,1,0.01692307692307692,0,0,0,FALSE,FALSE,0,FALSE
16222640,24/06/2026 14:04:21,complete,No threat,NaturaPosTen,positive,ten,I agree to participate,16,4,4,4,6,4.666666666666667,1,1,1,1,1,1,1,1,4,5,6,1,4,1,2,3,3,4,2.6,2,6,4,8,4,4,4,4,1,1,1,1,1,1,1,1,4,4,5,2,3.75,1,2,2,2,4,2.2,1,9,2,5,7,7,7,7,1,1,1,1,1,1,1,1,4,5,5,2,4,1,2,2,2,4,2.2,4,7,3,7,7,7,7,7,1,1,1,1,1,1,1,1,4,5,6,5,5,1,2,3,2,4,2.4,4,8,7,concentration and opinions of one's self,I don't beleive so,40,Male,White,no issues at all,"Yes, you may use my data in the research.",NA,1,1,0.00251923076923076,0.2963789592760181,0,0.03137254901960786,FALSE,FALSE,0,FALSE
16222641,24/06/2026 14:04:23,complete,Threat,SmilePosTen,positive,ten,I agree to participate,16,4,1,1,1,1,1,1,1,1,1,1,1,1,7,7,7,6,6.75,1,1,1,1,1,1,2,6,4,8,1,1,1,1,1,1,1,1,1,1,1,1,7,7,7,6,6.75,1,1,1,1,1,1,1,9,2,5,7,7,7,7,1,1,1,1,1,1,1,1,7,7,7,6,6.75,1,1,1,1,1,1,4,7,3,7,7,7,7,7,1,1,1,1,1,1,1,1,7,7,7,6,6.75,1,1,1,1,1,1,4,8,7,NA,no idea,42,Female,White,my mouth was twitching with the forced smile,"Yes, you may use my data in the research.",NA,0.8865007541478129,0.9980769230769232,1.4592149321266967,1.5028653846153843,0.9614630467571644,0.8900452488687783,FALSE,FALSE,0,FALSE
16222642,24/06/2026 11:04:23,complete,Threat,SmileNegOne,negative,one,I agree to participate,16,4,1,1,1,1,1,1,1,1,1,1,1,1,2,2,2,1,1.75,5,2,2,3,3,3,2,6,4,8,1,1,1,1,1,1,1,1,4,1,4,3,1,1,1,1,1,7,2,2,3,5,3.8,1,9,2,5,1,1,1,1,1,1,1,1,2,1,3,2,1,1,1,1,1,6,2,2,2,5,3.4,4,7,3,7,1,1,1,1,1,1,1,1,3,1,3,2.3333333333333335,1,1,1,1,1,6,2,2,2,4,3.2,4,8,7,perceptions,trying to invoke an emotion in the user,33,Male,White,none,"Yes, you may use my data in the research.",NA,1,1,0,1.858679245283019,0,0.7735849056603773,TRUE,TRUE,0,FALSE
16222645,24/06/2026 14:04:27,complete,No threat,NaturaNegOne,negative,one,I agree to participate,16,4,1,1,1,1,1,1,1,1,1,1,1,1,5,5,6,2,4.5,4,2,2,2,2,2.4,2,6,4,8,1,1,1,1,1,1,1,1,1,1,1,1,5,5,5,2,4.25,4,2,2,2,2,2.4,1,9,2,5,2,1,2,1.6666666666666667,1,1,1,1,1,1,1,1,5,5,5,2,4.25,4,2,2,2,2,2.4,4,7,3,7,1,1,1,1,1,1,1,1,1,1,1,1,5,5,NA,2,4,4,2,2,2,2,2.4,4,8,7,I am not sure! How tasks effect doing math problems.,I don't know,49,Female,White,NA,"Yes, you may use my data in the research.",NA,1,1,0.3232692307692308,1.3975,0,0.7115384615384615,FALSE,TRUE,0,FALSE
16222647,24/06/2026 11:04:29,complete,Threat,NaturaNegTen,negative,ten,I agree to participate,16,4,5,4,5,4.666666666666667,2,1,1,1.3333333333333333,1,1,1,1,4,5,5,5,4.75,4,2,1,3,2,2.4,2,6,4,8,3,3,3,3,1,1,1,1,1,1,1,1,4,5,5,5,4.75,1,1,1,1,1,1,1,9,2,5,1,1,1,1,1,1,1,1,1,1,1,1,4,5,5,5,4.75,1,1,1,1,1,1,4,7,3,7,1,1,1,1,4,3,3,3.3333333333333335,NA,2,1,1.5,4,5,5,5,4.75,2,2,1,1,1,1.4,4,8,7,I believe the purpose of this study was to assess how one's emotions may affect their decisions.,I'm not sure what those details might be. My guess is details that surround why we were asked to do the physical tasks and what the purpose of that was.,44,Female,Asian,"No issues, thank you.","Yes, you may use my data in the research.",NA,1,1,0.00126923076923076,1.5616153846153846,0,0.9615384615384616,TRUE,TRUE,0,FALSE
16222648,24/06/2026 11:04:31,complete,No threat,NaturaNegTen,negative,ten,I agree to participate,16,4,1,1,1,1,2,1,1,1.3333333333333333,2,1,1,1.3333333333333333,4,4,4,4,4,2,2,2,2,2,2,2,6,4,8,1,1,1,1,1,1,1,1,3,1,3,2.3333333333333335,4,4,4,4,4,6,1,2,2,1,2.4,1,9,2,5,1,1,1,1,5,2,2,3,6,4,4,4.666666666666667,4,4,4,4,4,4,2,2,2,2,2.4,4,NA,3,7,1,1,1,1,4,1,2,2.3333333333333335,5,4,5,4.666666666666667,4,4,4,4,4,3,2,2,2,2,2.2,4,8,7,"I'm not sure. Maybe to evaluate our facial movement, and how our facial movement can connect with our emotions and how we feel in the moment.",That our facial movement isn't actually being recorded,22,Female,Asian,No issues during the study.,"Yes, you may use my data in the research.",NA,1,1,0,1.586403846153846,0,0.9826923076923078,TRUE,TRUE,1,TRUE
16222649,24/06/2026 14:04:31,complete,No threat,SmilePosOne,positive,one,I agree to participate,16,4,1,1,1,1,1,1,1,1,1,1,1,1,1,1,1,1,1,4,5,5,7,4,5,2,6,4,8,1,1,1,1,1,1,1,1,1,1,1,1,1,1,1,1,1,4,5,5,5,4,4.6,1,9,2,5,1,1,1,1,1,1,1,1,1,1,1,1,1,1,1,1,1,4,5,5,6,4,4.8,4,7,3,7,1,1,1,1,1,1,1,1,1,1,1,1,1,1,1,1,1,4,5,5,5,4,4.6,4,8,7,To check if we are distracted in solving math problems.,NA,62,Male,White,NA,"Yes, you may use my data in the research.",NA,0.5576923076923077,1,0.2032692307692308,0,0,0,FALSE,FALSE,0,FALSE
16222650,24/06/2026 14:04:33,complete,Threat,SmilePosOne,positive,one,I agree to participate,16,4,6,4,5,5,1,1,1,1,1,1,1,1,5,7,7,5,6,3,1,1,1,1,1.4,2,6,4,8,4,1,1,2,1,1,1,1,3,1,1,1.6666666666666667,6,6,6,6,6,4,1,1,1,1,1.6,1,9,2,5,6,2,2,3.3333333333333335,1,1,1,1,1,1,5,2.3333333333333335,6,6,6,7,6.25,3,1,1,4,1,2,4,7,3,7,4,1,1,2,1,1,1,1,1,1,1,1,6,6,6,6,6,4,1,1,1,1,1.6,4,8,7,to see how people paid attention,im not sure lol,22,Female,White,NA,"Yes, you may use my data in the research.",NA,1,1,0.21673076923076923,0.5926923076923077,0,0.1538461538461539,FALSE,FALSE,0,FALSE
16222651,24/06/2026 13:04:59,complete,Threat,SmileNegOne,negative,one,I agree to participate,16,4,3,1,2,2,1,1,1,1,1,1,1,1,7,7,7,7,7,2,1,1,1,2,1.4,2,6,4,8,2,2,1,1.6666666666666667,1,1,1,1,1,1,1,1,7,7,7,7,7,2,1,1,1,1,1.2,1,9,2,5,6,1,5,4,1,1,1,1,1,1,1,1,7,7,7,7,7,2,1,1,1,1,1.2,4,7,3,7,2,1,1,1.3333333333333333,2,1,1,1.3333333333333333,1,1,1,1,7,7,7,7,7,2,1,1,1,1,1.2,4,8,7,How well people can follow instructions.,How people react to being told what to do,19,Male,White,None,"Yes, you may use my data in the research.",NA,1,1,0,1.7741176470588236,0,1,TRUE,TRUE,0,FALSE
16222652,24/06/2026 13:04:38,complete,Threat,SmilePosOne,positive,one,I agree to participate,16,4,3,3,2,2.6666666666666665,1,1,1,1,NA,1,1,1,2,3,1,2,2,6,6,6,6,6,6,2,6,4,8,3,3,3,3,1,1,1,1,1,1,1,1,2,2,2,2,2,6,6,6,6,6,6,1,9,2,5,4,4,4,4,1,1,1,1,1,1,1,1,2,2,3,2,2.25,6,6,6,6,6,6,4,7,3,7,3,3,3,3,1,1,1,1,1,1,1,1,2,2,2,2,2,6,6,6,6,6,6,4,8,7,How activities and images can affect both your mental state and your ability to think through problems,N/A,35,Male,White,N/A,"Yes, you may use my data in the research.",NA,1,1,0.00941176470588235,1.6558823529411764,0,1,TRUE,TRUE,0,FALSE
16222654,24/06/2026 14:04:39,complete,No threat,SmileNegTen,negative,ten,I agree to participate,16,4,2,2,2,2,1,1,1,1,1,1,1,1,5,5,5,5,5,4,1,1,1,1,1.6,2,6,4,8,1,1,1,1,1,1,1,1,1,1,1,1,5,5,5,5,5,3,1,1,2,1,1.6,1,9,2,5,1,1,1,1,4,1,1,2,5,4,5,4.666666666666667,5,5,5,5,5,4,1,1,2,1,1.8,4,7,3,7,1,1,1,1,3,1,1,1.6666666666666667,3,4,3,3.3333333333333335,5,5,5,5,5,3,2,1,3,2,2.2,4,8,7,to determine how disturbing images can affect facial expressions,this is to teach Ai,32,Male,White,none,"Yes, you may use my data in the research.",NA,1,1,0.02488235294117647,1.9554313725490196,0,0.8627450980392156,TRUE,TRUE,0,FALSE
16222657,24/06/2026 13:04:43,complete,Threat,SmilePosOne,positive,one,I agree to participate,16,4,1,1,1,1,1,1,1,1,1,1,1,1,4,5,6,3,4.5,2,2,1,2,3,2,2,6,4,8,1,1,1,1,1,1,1,1,1,1,1,1,4,4,5,3,4,1,1,1,1,1,1,1,9,2,5,1,1,1,1,1,1,1,1,1,1,1,1,4,5,6,3,4.5,2,1,1,2,2,1.6,4,7,3,7,3,3,2,2.6666666666666665,1,1,1,1,1,1,1,1,5,5,5,3,4.5,1,1,1,1,1,1,4,8,7,To see how various tasks of images affect perception of overall life satisfaction,It might not have anything to do with math performance,30,Female,Other,I got a little confused in the first task. I thought i would see a video of myself and I didn't realize the task had started. maybe a practice run would help.,"Yes, you may use my data in the research.",NA,1,1,0,2.4876923076923076,0,1,TRUE,TRUE,0,FALSE
16222658,24/06/2026 13:04:44,complete,Threat,NaturaNegTen,negative,ten,I agree to participate,16,4,1,1,1,1,1,1,1,1,1,1,1,1,3,3,5,2,3.25,7,1,1,1,1,2.2,2,6,4,8,1,1,1,1,1,1,1,1,5,4,4,4.333333333333333,1,1,1,1,1,6,1,1,6,2,3.2,1,9,2,5,1,1,1,1,3,1,1,1.6666666666666667,3,3,3,3,3,1,1,1,1.5,6,1,1,3,2,2.6,4,7,3,7,1,1,1,1,7,1,7,5,7,3,1,3.6666666666666665,1,1,4,1,1.75,6,1,1,2,2,2.4,4,8,7,To see what effect violence and abuse have on people.,I am not sure.,70,Female,White,It was hard to look at the awful pictures.,"Yes, you may use my data in the research.",NA,1,1,0.0354423076923077,1.9176153846153845,0.01538461538461539,0.975,TRUE,TRUE,0,FALSE
16222659,24/06/2026 14:04:44,complete,Threat,SmileNegOne,negative,one,I agree to participate,16,4,4,4,3,3.6666666666666665,1,1,1,1,1,1,1,1,2,4,4,2,3,4,3,1,3,1,2.4,2,6,4,8,1,1,1,1,1,1,1,1,1,1,1,1,4,4,4,4,4,1,1,1,1,1,1,1,9,2,5,2,1,1,1.3333333333333333,3,3,1,2.3333333333333335,1,NA,1,1,4,1,4,4,3.25,1,1,1,1,1,1,4,7,3,7,1,1,1,1,3,1,1,1.6666666666666667,3,3,3,3,4,1,4,5,3.5,1,1,1,1,1,1,4,8,7,Body Movements,NA,42,Male,Black,NA,"Yes, you may use my data in the research.",NA,1,1,0.23450980392156864,0.02423076923076923,0,0,FALSE,FALSE,0,FALSE
16222660,24/06/2026 13:04:45,complete,Threat,NaturaNegOne,negative,one,I agree to participate,16,4,4,4,4,4,1,1,1,1,1,1,1,1,7,6,7,7,6.75,4,1,1,2,2,2,2,6,4,8,4,4,4,4,1,1,1,1,1,1,1,1,7,6,7,7,6.75,4,1,1,2,2,2,1,9,2,5,1,2,3,2,3,2,2,2.3333333333333335,1,2,1,1.3333333333333333,7,6,7,7,6.75,4,1,1,2,2,2,4,7,3,7,4,4,4,4,1,1,1,1,1,1,1,1,7,6,7,7,6.75,4,1,1,2,2,2,4,8,7,Monitoring eye movement,You were secretly monitoring eye movements.,35,Male,White,None! Thanks for the time!,"Yes, you may use my data in the research.",NA,1,1,0,1.4415384615384614,0,1,FALSE,TRUE,0,FALSE
16222661,24/06/2026 14:04:47,complete,No threat,SmilePosOne,positive,one,I agree to participate,16,4,4,5,3,4,1,1,1,1,1,1,2,1.3333333333333333,1,2,3,1,1.75,7,2,4,7,5,5,2,6,4,8,6,7,5,6,1,1,1,1,1,1,1,1,4,2,2,1,2.25,6,2,3,6,7,4.8,1,9,2,5,5,3,4,4,1,1,1,1,1,1,1,1,2,4,1,1,2,7,1,4,5,6,4.6,4,7,3,7,3,6,4,4.333333333333333,1,1,1,1,1,1,1,1,2,1,1,4,2,7,1,3,6,5,4.4,4,8,7,facial reactions and movement compared to emotions,im not sure,35,Male,White,none,"Yes, you may use my data in the research.",NA,1,1,0,3.328627450980392,0,1,TRUE,TRUE,0,TRUE
16222662,24/06/2026 11:05:01,complete,Threat,NaturaNegTen,negative,ten,I agree to participate,16,4,5,5,5,5,2,2,2,2,2,2,2,2,5,4,5,4,4.5,1,1,1,1,1,1,2,6,4,8,1,1,1,1,5,5,5,5,5,5,5,5,5,4,5,4,4.5,1,1,1,1,1,1,1,9,2,5,1,1,1,1,5,5,5,5,6,6,6,6,4,4,6,4,4.5,5,1,1,1,1,1.8,4,7,3,7,2,2,2,2,6,6,6,6,6,6,6,6,5,4,5,4,4.5,5,2,2,6,2,3.4,4,8,7,to study body movements and reaction,i cant tell,48,Male,White,null,"Yes, you may use my data in the research.",NA,0,0,0,0,0,0,FALSE,FALSE,0,FALSE
16222663,24/06/2026 11:04:49,complete,Threat,SmilePosTen,positive,ten,I agree to participate,16,4,1,1,1,1,1,1,1,1,1,1,1,1,5,6,6,6,5.75,1,1,1,1,1,1,2,6,4,8,1,1,1,1,1,1,1,1,1,1,1,1,6,6,6,6,6,1,1,1,1,1,1,1,9,2,5,5,3,4,4,1,2,3,2,1,1,4,2,6,6,6,6,6,1,1,1,1,1,1,4,7,3,7,2,1,2,1.6666666666666667,1,1,1,1,1,1,1,1,6,6,6,6,6,1,1,1,1,1,1,4,8,7,No clue,I do not know,19,Male,Mixed,"I was a little confused on the third part where I was prompted to not change my facial expressions, so I assumed that meant to keep a straight face. I hope I understood that correctly?","Yes, you may use my data in the research.",NA,1,1,0.00871153846153845,3.1165576923076923,0.00384615384615384,1,TRUE,TRUE,0,FALSE
16222664,24/06/2026 14:04:52,complete,No threat,NaturaPosTen,positive,ten,I agree to participate,16,4,1,1,1,1,1,1,1,1,1,1,1,1,1,1,1,1,1,3,1,1,5,1,2.2,2,6,4,8,1,1,1,1,1,1,1,1,1,1,1,1,1,1,1,1,1,3,1,1,5,1,2.2,1,9,2,5,6,6,6,6,1,1,1,1,1,1,1,1,1,1,1,1,1,3,1,1,5,NA,2.5,4,7,3,7,7,7,7,7,1,1,1,1,1,1,1,1,1,1,1,1,1,3,1,1,5,1,2.2,4,8,7,not sure,not sure,33,Female,Black,none,"Yes, you may use my data in the research.",NA,1,1,0.5739807692307692,2.915159733124019,0.01346153846153845,0.9961538461538462,TRUE,TRUE,0,FALSE
16222665,24/06/2026 13:04:52,complete,No threat,SmileNegTen,negative,ten,I agree to participate,16,4,2,3,2,2.3333333333333335,2,1,1,1.3333333333333333,1,1,1,1,4,4,4,5,4.25,7,7,5,7,5,6.2,2,6,4,8,3,3,2,2.6666666666666665,2,1,1,1.3333333333333333,1,1,1,1,4,4,5,4,4.25,7,7,7,7,7,7,1,9,2,5,1,1,1,1,5,1,4,3.3333333333333335,3,1,3,2.3333333333333335,4,4,5,4,4.25,7,7,7,7,7,7,4,7,3,7,1,1,1,1,4,2,3,3,4,4,4,4,4,4,5,4,4.25,7,7,7,7,7,7,4,8,7,I am  not sure. The tasks were to control emotions and to solve problems while still preoccuiped about disturbing images shown. So probably coping mechanism/ability of people?,I have no idea,39,Female,Asian,no issues. good study thanks,"Yes, you may use my data in the research.",NA,1,1,0,2.834653846153846,0,0.9865384615384616,TRUE,TRUE,0,FALSE
16222666,24/06/2026 11:04:52,complete,No threat,SmilePosTen,positive,ten,I agree to participate,16,4,1,3,1,1.6666666666666667,1,1,1,1,3,3,5,3.6666666666666665,5,5,5,5,5,2,1,1,1,2,1.4,2,6,4,8,2,3,2,2.3333333333333335,1,1,1,1,1,1,1,1,5,5,5,5,5,2,1,1,1,2,1.4,1,9,2,5,3,3,3,3,1,1,1,1,1,1,1,1,5,5,5,5,5,2,1,1,1,2,1.4,4,7,3,7,3,3,3,3,1,1,1,1,1,1,1,1,5,5,5,5,5,2,1,1,1,2,1.4,4,8,7,facial expressions and mathematics computations,how well people perform math after viewing images,69,Male,White,NA,"Yes, you may use my data in the research.",NA,1,0.9980769230769232,0.24069230769230768,0.7206346153846154,0,0.09615384615384616,FALSE,FALSE,0,FALSE
16222668,24/06/2026 11:04:52,complete,No threat,SmilePosTen,positive,ten,I agree to participate,16,4,4,4,4,4,1,1,1,1,1,1,1,1,1,1,1,1,1,4,2,2,4,5,3.4,2,6,4,8,4,3,4,3.6666666666666665,1,1,1,1,1,1,1,1,1,1,1,1,1,4,1,1,1,4,2.2,1,9,2,5,4,4,4,4,1,1,1,1,1,1,1,1,1,1,1,1,1,4,1,3,4,4,3.2,4,7,3,7,4,4,4,4,1,1,1,1,1,1,1,1,1,1,1,1,1,3,1,1,1,3,1.8,4,8,7,i have no idea,i don't know,39,Female,White,NA,"Yes, you may use my data in the research.",NA,0.4096153846153846,0.9980769230769232,0.4069615384615384,2.513326923076923,0,0.9923076923076924,FALSE,FALSE,0,FALSE
16222670,24/06/2026 13:04:58,complete,Threat,NaturaNegTen,negative,ten,I agree to participate,16,4,6,6,6,6,1,1,1,1,1,1,1,1,7,7,7,7,7,1,1,1,1,4,1.6,2,6,4,8,6,6,6,6,1,1,1,1,1,1,1,1,7,6,6,7,6.5,1,1,1,1,1,1,1,9,2,5,1,1,1,1,4,4,1,3,1,1,1,1,7,7,7,7,7,1,1,1,1,4,1.6,4,7,3,7,3,3,3,3,4,1,4,3,1,1,1,1,6,6,6,6,6,1,1,1,1,4,1.6,4,8,7,emotions,social,27,Female,Black,None,"Yes, you may use my data in the research.",NA,1,1,0,0,0,0,FALSE,FALSE,0,FALSE
16222671,24/06/2026 14:04:58,complete,Threat,SmilePosOne,positive,one,I agree to participate,16,4,2,2,2,2,6,5,5,5.333333333333333,4,4,4,4,1,1,1,1,1,4,1,2,2,3,2.4,2,6,4,8,3,4,3,3.3333333333333335,3,3,3,3,4,3,4,3.6666666666666665,1,1,1,1,1,3,2,2,3,2,2.4,1,9,2,5,2,2,2,2,4,5,4,4.333333333333333,5,5,5,5,1,1,1,1,1,3,2,2,4,2,2.6,4,7,3,7,2,2,2,2,3,4,4,3.6666666666666665,4,5,5,4.666666666666667,1,1,1,1,1,4,2,2,4,3,3,4,8,7,To see if making physical actions while being watched improved my mood or worsen it.,I wasn't actually being recorded?,36,Male,Black,None,"Yes, you may use my data in the research.",NA,1,1,0,0,0,0,FALSE,FALSE,0,FALSE
16222672,24/06/2026 13:04:59,complete,No threat,NaturaNegTen,negative,ten,I agree to participate,16,4,1,1,1,1,3,1,1,1.6666666666666667,1,1,1,1,4,4,4,3,3.75,2,1,1,3,2,1.8,2,6,4,8,1,1,1,1,1,1,1,1,1,1,1,1,4,3,4,3,3.5,2,1,1,2,2,1.6,1,9,2,5,1,1,1,1,4,1,1,2,3,3,3,3,4,3,4,3,3.5,2,1,1,2,2,1.6,4,7,3,7,1,1,1,1,4,1,1,2,2,2,2,2,4,3,4,3,3.5,2,1,1,2,2,1.6,4,8,7,"I'm honestly not sure. I thought multitasking at first, but then the facial expressions with the alarming images makes me feel differently.","What the actual study was about, that the images aren't real, hopefully.",34,Female,White,None that I can recall.,"Yes, you may use my data in the research.",NA,1,1,0.11976923076923077,1.087846153846154,0,0.12884615384615383,FALSE,FALSE,0,FALSE
16222673,24/06/2026 14:04:59,complete,Threat,NaturaPosTen,positive,ten,I agree to participate,16,4,3,3,3,3,1,1,1,1,1,1,3,1.6666666666666667,5,6,5,6,5.5,3,1,1,1,1,1.4,2,6,4,8,2,2,2,2,1,1,1,1,1,1,1,1,6,6,6,6,6,3,1,1,1,1,1.4,1,9,2,5,3,3,3,3,1,1,1,1,1,1,1,1,6,6,6,6,6,3,1,1,1,1,1.4,4,7,3,7,4,4,3,3.6666666666666665,1,1,1,1,1,1,1,1,6,6,6,6,6,3,1,1,1,1,1.4,4,8,7,Focus and direction following compared to emotions,Not sure,33,Female,White,NA,"Yes, you may use my data in the research.",NA,1,1,0,2.456596153846154,0,0.9057692307692308,TRUE,TRUE,0,FALSE
16222674,24/06/2026 13:04:58,complete,No threat,NaturaNegOne,negative,one,I agree to participate,16,4,1,1,1,1,1,1,1,1,1,1,1,1,2,3,2,6,3.25,7,4,4,3,5,4.6,2,6,4,8,4,3,3,3.3333333333333335,1,1,1,1,1,1,1,1,2,2,3,5,3,7,5,4,5,5,5.2,1,9,2,5,1,1,1,1,6,4,5,5,6,7,6,6.333333333333333,2,2,2,6,3,7,5,4,5,6,5.4,4,7,3,7,1,1,1,1,5,3,3,3.6666666666666665,6,6,5,5.666666666666667,2,2,3,5,3,7,4,5,5,6,5.4,4,8,7,Facial expressions changing the way we respond to stimulus?,i dont know,22,Female,Other,NA,"Yes, you may use my data in the research.",NA,1,1,0.4356,3.196470588235294,0,0.8627450980392155,TRUE,TRUE,0,FALSE
16222675,24/06/2026 11:05:09,complete,No threat,SmilePosOne,positive,one,I agree to participate,16,4,1,1,1,1,1,4,5,3.3333333333333335,2,1,3,2,1,1,1,1,1,5,5,6,2,6,4.8,2,6,4,8,1,NA,1,1,1,2,2,1.6666666666666667,3,1,4,2.6666666666666665,1,1,1,1,1,4,4,4,2,3,3.4,1,9,2,5,1,1,1,1,1,2,3,2,4,1,6,3.6666666666666665,1,1,1,1,1,6,3,6,5,5,5,4,7,3,7,2,1,1,1.3333333333333333,1,3,3,2.3333333333333335,2,1,3,2,1,1,1,1,1,4,5,5,4,5,4.6,4,8,7,I'm not sure but I would guess it could be investigating a link between forcing facial muscles and one's disposition.,I think the math problems were likely distractors and the important data in the study were the questionaires asking about my mood and outlook on life.,29,Male,White,All went well.,"Yes, you may use my data in the research.",NA,1,1,0.05862745098039216,3.244901960784314,0,1,TRUE,TRUE,0,TRUE
16222676,24/06/2026 14:05:09,complete,No threat,NaturaNegOne,negative,one,I agree to participate,16,4,1,1,1,1,1,1,1,1,2,1,2,1.6666666666666667,1,1,1,1,1,6,4,3,7,5,5,2,6,4,8,1,2,1,1.3333333333333333,1,1,1,1,1,1,1,1,1,1,1,1,1,6,3,3,7,5,4.8,1,9,2,5,1,1,1,1,2,1,1,1.3333333333333333,4,3,5,4,1,1,1,1,1,6,4,3,7,5,5,4,7,3,7,1,1,1,1,1,1,1,1,2,1,1,1.3333333333333333,1,1,1,1,1,6,4,2,7,5,4.8,4,8,7,I have zero clue at all. Maybe there are other more difficult versions of the task that lean more heavily on multitasking while doing the recording tasks and this is a control to see just how much problem solving skills deteriorate depending on tasks.,That there are multiple versions of this task designed to measure how or if problem solving time and skill decreases while attempting to showcase emotions different from those likely felt.,28,Male,Black,NA,"Yes, you may use my data in the research.",NA,0.01923076923076923,0.01923076923076923,0,0,0,0,FALSE,FALSE,0,FALSE
16222678,24/06/2026 14:05:14,complete,Threat,NaturaPosOne,positive,one,I agree to participate,16,4,1,5,1,2.3333333333333335,1,1,1,1,1,1,2,1.3333333333333333,6,7,7,6,6.5,7,6,5,7,5,6,2,6,4,8,5,6,5,5.333333333333333,5,6,6,5.666666666666667,4,5,4,4.333333333333333,7,7,7,7,7,5,6,6,4,3,4.8,1,9,2,5,6,5,4,5,4,5,6,5,6,3,6,5,7,7,6,6,6.5,7,7,6,5,6,6.2,4,7,3,7,5,3,4,4,2,2,4,2.6666666666666665,3,5,5,4.333333333333333,6,6,6,6,6,7,6,7,6,5,6.2,4,8,7,body movements,reactions,27,Female,Black,none,"Yes, you may use my data in the research.",NA,1,1,0,0,0,0,FALSE,FALSE,0,FALSE
16222679,24/06/2026 14:05:51,complete,Threat,SmilePosTen,positive,ten,I agree to participate,16,4,1,3,3,2.3333333333333335,3,1,1,1.6666666666666667,1,1,1,1,5,4,5,4,4.5,2,1,1,1,1,1.2,2,6,4,8,2,3,2,2.3333333333333335,1,1,1,1,1,1,1,1,5,4,5,4,4.5,2,1,1,1,1,1.2,1,9,2,5,2,4,4,3.3333333333333335,1,1,1,1,1,1,2,1.3333333333333333,5,4,5,4,4.5,2,1,1,1,1,1.2,4,7,3,7,3,4,3,3.3333333333333335,1,1,1,1,1,1,1,1,5,4,5,4,4.5,2,1,1,1,1,1.2,4,8,7,data collection ai training,no idea,25,Male,Black,NA,"Yes, you may use my data in the research.",NA,1,1,0.0010576923076923,3.301596153846154,0,0.9923076923076924,TRUE,TRUE,0,FALSE
16222680,24/06/2026 12:05:17,complete,No threat,SmilePosOne,positive,one,I agree to participate,16,4,2,1,3,2,2,1,1,1.3333333333333333,1,1,1,1,5,4,2,2,3.25,5,3,5,6,3,4.4,2,6,4,8,2,3,3,2.6666666666666665,1,1,1,1,1,1,1,1,3,4,2,2,2.75,3,4,3,6,3,3.8,1,9,2,5,3,4,3,3.3333333333333335,1,1,1,1,1,1,1,1,2,5,2,2,2.75,4,5,2,3,4,3.6,4,7,3,7,3,3,3,3,1,1,1,1,1,1,1,1,3,3,5,2,3.25,3,4,3,6,3,3.8,4,8,7,I think that maybe it could be testing how affective a person is in completing tasks when they are trying to multi-task and or when they are aware of their feelings so like if someone has issue going on in their life and are working a job where they are constantly multi-tasking how those variables affect the way they work. And or I was also thinking that maybe it is testing how simply putting a smile on your face can affect your overal view of yourself and your life like just the act of smiling can influance  you in a positive way even though the smile isn't associated with anything happy persay the physical act may influance your brain in a positive way,I;m thinking it probably has to do with the physical act of smiling while multi-tasking can actually influace a person in a positive way that isn't necessarily dependent on expernal influances,45,Female,White,It all went very smooth except for the first excersise I didn't start on que but I don't think that should compromoise the results at all.,"Yes, you may use my data in the research.",NA,1,1,1.938235294117647,2.579423076923077,1,1,FALSE,FALSE,0,TRUE
16222681,24/06/2026 13:05:15,complete,Threat,SmilePosTen,positive,ten,I agree to participate,16,4,3,6,5,4.666666666666667,1,1,1,1,1,1,1,1,4,7,7,4,5.5,1,1,1,1,1,1,2,6,4,8,7,7,7,7,1,1,1,1,1,1,1,1,4,7,4,7,5.5,1,1,1,1,1,1,1,9,2,5,1,5,1,2.3333333333333335,1,1,1,1,4,3,7,4.666666666666667,4,7,7,4,5.5,1,1,1,1,1,1,4,7,3,7,1,1,1,1,1,1,1,1,3,1,2,2,4,7,4,7,5.5,1,1,1,1,1,1,4,8,7,See if people pay attention,Eye coordination,26,Female,Black,NA,"Yes, you may use my data in the research.",NA,0.998,1,3.9059407843137257,3.975058823529411,0.992,0.976470588235294,FALSE,FALSE,0,FALSE
16222682,24/06/2026 11:05:24,complete,No threat,SmilePosTen,positive,ten,I agree to participate,16,4,1,2,1,1.3333333333333333,1,1,1,1,1,1,1,1,5,5,5,3,4.5,2,1,1,2,1,1.4,2,6,4,8,1,2,1,1.3333333333333333,1,1,1,1,1,1,1,1,5,5,5,3,4.5,2,1,1,2,1,1.4,1,9,2,5,1,2,1,1.3333333333333333,1,1,1,1,1,1,1,1,5,5,5,3,4.5,2,1,1,2,1,1.4,4,7,3,7,1,2,1,1.3333333333333333,1,1,1,1,1,1,1,1,5,5,5,3,4.5,2,1,1,2,1,1.4,4,8,7,The purpose of this study was to assess the subject's psychological state after being asked to perform routine movement tasks. I think it's about assessing people's feelings about being told what to do by an authority figure -- a variation on the Milgram experiment.,"The researchers have a face fetish and they enjoy looking at random faces, which is why they earned a Ph.D.",53,Male,Mixed,NA,"Yes, you may use my data in the research.",NA,1,1,1.6810576923076923,2.232653846153846,1,1,FALSE,FALSE,0,FALSE
16222683,24/06/2026 11:05:24,complete,No threat,NaturaNegOne,negative,one,I agree to participate,16,4,1,1,1,1,1,1,1,1,1,1,1,1,6,4,6,5,5.25,2,1,1,1,1,1.2,2,6,4,8,2,5,3,3.3333333333333335,1,1,1,1,1,1,1,1,6,5,6,6,5.75,2,1,1,1,1,1.2,1,9,2,5,2,4,2,2.6666666666666665,1,1,1,1,NA,1,1,1,6,6,5,6,5.75,2,1,1,1,1,1.2,4,7,3,7,1,1,1,1,1,1,1,1,1,1,1,1,6,5,6,6,5.75,1,1,1,1,1,1,4,8,7,I am not sure,I have no clue,46,Female,Black,I didnt see instructions for the first task,"Yes, you may use my data in the research.",NA,0.8846153846153846,1,0,1.083653846153846,0,0.4423076923076922,FALSE,FALSE,0,FALSE
16222684,24/06/2026 11:05:25,complete,Threat,SmileNegTen,negative,ten,I agree to participate,16,4,2,2,2,2,1,1,1,1,2,1,1,1.3333333333333333,5,5,5,4,4.75,5,2,2,4,4,3.4,2,6,4,8,1,1,1,1,1,1,1,1,1,2,1,1.3333333333333333,5,5,5,5,5,5,1,1,2,3,2.4,1,9,2,5,1,1,1,1,1,2,1,1.3333333333333333,3,3,3,3,5,5,5,5,5,5,2,1,1,NA,2.25,4,7,3,7,1,2,1,1.3333333333333333,2,1,1,1.3333333333333333,NA,2,3,2.5,5,5,5,5,5,5,1,1,1,3,2.2,4,8,7,how images impact our mood and self image and focus,the true relevance of all of the instructions or of the math,38,Female,White,NA,"Yes, you may use my data in the research.",NA,1,1,0.02461538461538461,2.750192307692308,0,1,TRUE,TRUE,0,FALSE
16222685,24/06/2026 14:05:25,complete,Threat,NaturaPosTen,positive,ten,I agree to participate,16,4,6,NA,7,6.5,1,3,3,2.3333333333333335,1,1,1,1,5,6,5,4,5,5,3,2,3,4,3.4,2,6,4,8,7,7,7,7,1,1,1,1,1,1,1,1,5,4,5,4,4.5,6,2,1,2,5,3.2,1,9,2,5,7,7,7,7,1,1,1,1,1,1,1,1,5,4,5,4,4.5,6,2,1,2,4,3,4,7,3,7,6,6,7,6.333333333333333,1,1,1,1,1,1,1,1,4,5,5,4,4.5,6,2,3,2,4,3.4,4,8,7,to see if you're paying attention? or maybe just to see if humans know and can perform basic tasks.,I'm not sure.,30,Female,Black,N/A,"Yes, you may use my data in the research.",NA,1,0.948076923076923,0.8390192307692308,0.9701153846153846,0.22499999999999995,0.43076923076923074,FALSE,FALSE,0,FALSE
16222686,24/06/2026 14:05:30,complete,No threat,NaturaPosTen,positive,ten,I agree to participate,16,4,3,4,2,3,2,2,2,2,2,2,3,2.3333333333333335,4,4,5,3,4,3,2,2,2,1,2,2,6,4,8,3,4,3,3.3333333333333335,1,1,1,1,2,2,2,2,4,5,5,4,4.5,3,1,1,1,1,1.4,1,9,2,5,3,4,3,3.3333333333333335,1,1,1,1,2,1,2,1.6666666666666667,4,5,5,4,4.5,3,1,1,1,1,1.4,4,7,3,7,3,3,3,3,2,1,1,1.3333333333333333,2,2,2,2,4,5,5,4,4.5,3,2,1,1,1,1.6,4,8,7,Juding how fast you solve math problems after different activities,No idea.,31,Female,White,Nothing really seemedto compromise the quality,"Yes, you may use my data in the research.",NA,1,1,0.00484615384615384,0.6311538461538462,0,0.45000000000000007,FALSE,FALSE,0,FALSE
16222687,24/06/2026 11:05:34,complete,Threat,NaturaPosOne,positive,one,I agree to participate,16,4,3,3,3,3,1,1,1,1,1,1,1,1,4,5,5,4,4.5,1,1,1,1,1,1,2,6,4,8,3,3,3,3,1,1,1,1,1,1,1,1,5,5,5,4,4.75,1,1,1,1,1,1,1,9,2,5,3,3,3,3,1,1,1,1,1,1,1,1,5,5,5,4,4.75,1,1,1,1,1,1,4,7,3,7,4,3,4,3.6666666666666665,1,1,1,1,1,1,1,1,5,5,5,4,4.75,1,1,1,1,1,1,4,8,7,how different tasks affect cognitive ability,why there were questions about quality of life perception,34,Female,Asian,i kept getting a network slow error. On the first task i got slightly confused because i thought it was a countdown to start the task so my blinking might not have been on time,"Yes, you may use my data in the research.",NA,1,1,0.989423076923077,1.0946153846153843,0,1,FALSE,TRUE,0,FALSE
16222689,24/06/2026 14:06:08,complete,Threat,SmileNegTen,negative,ten,I agree to participate,16,4,2,2,2,2,1,1,1,1,1,1,1,1,1,2,1,1,1.25,5,4,2,4,4,3.8,2,6,4,8,1,1,1,1,1,1,1,1,1,1,1,1,1,2,1,1,1.25,4,2,3,4,3,3.2,1,9,2,5,1,1,1,1,1,1,1,1,4,2,4,3.3333333333333335,2,2,2,1,1.75,5,3,2,5,3,3.6,4,7,3,7,1,1,1,1,2,1,1,1.3333333333333333,3,1,1,1.6666666666666667,1,2,2,2,1.75,4,3,2,4,2,3,4,8,7,I think the purpose of this study is to learn whether cognitive tasks and questions will affect the accuracy of a person in solving simple math problems.,I think those details might be whether a person's mental health state might affect their ability to complete tasks.,30,Female,Asian,N/A,"Yes, you may use my data in the research.",NA,1,1,0.49909615384615386,1.337846153846154,0,0.4846153846153846,FALSE,FALSE,0,FALSE
16222690,24/06/2026 13:06:10,complete,No threat,NaturaPosTen,positive,ten,I agree to participate,16,4,1,1,2,1.3333333333333333,1,1,1,1,1,1,1,1,1,1,2,2,1.5,6,5,2,4,4,4.2,2,6,4,8,1,1,1,1,1,1,1,1,1,1,2,1.3333333333333333,1,1,2,2,1.5,6,4,2,4,4,4,1,9,2,5,4,3,6,4.333333333333333,1,1,1,1,1,1,2,1.3333333333333333,1,1,2,2,1.5,6,4,2,5,4,4.2,4,7,3,7,4,4,7,5,NA,1,1,1,1,1,1,1,1,1,2,2,1.5,6,4,2,5,4,4.2,4,8,7,I have no idea other than something to do with psychology,Reactions to instructions might be a big part of it?,23,__other,White,NA,"Yes, you may use my data in the research.",NA,1,1,1.1986618287373003,2.639721698113207,0.6093976777939042,1,FALSE,FALSE,0,FALSE
16222694,24/06/2026 11:06:16,complete,Threat,SmileNegTen,negative,ten,I agree to participate,16,4,1,1,1,1,1,1,1,1,1,1,1,1,3,3,5,5,4,5,1,1,1,1,1.8,2,6,NA,8,1,1,1,1,1,1,1,1,1,1,1,1,5,3,3,5,4,5,1,1,5,1,2.6,1,9,2,5,1,1,1,1,7,6,6,6.333333333333333,7,7,NA,7,5,3,3,5,4,5,1,1,5,1,2.6,4,7,3,7,1,1,1,1,7,5,1,4.333333333333333,7,7,7,7,3,3,5,5,4,5,1,1,1,1,1.8,4,8,NA,to see how doing minimal pysical movemtns and seeing distressing images effects ones executive functioning,I honestly have no idea,26,Female,White,no issues except I may not have blinked enough times during that task,"Yes, you may use my data in the research.",NA,0.9846153846153848,1,0.00609615384615384,0.6693461538461538,0,0.4730769230769231,FALSE,FALSE,2,FALSE
16222696,24/06/2026 14:06:17,complete,No threat,NaturaPosOne,positive,one,I agree to participate,16,4,1,1,1,1,1,1,1,1,1,1,1,1,7,7,7,7,7,1,1,1,1,1,1,2,6,4,8,1,1,1,1,1,1,1,1,1,1,1,1,7,7,7,7,7,1,1,1,1,1,1,1,9,2,5,1,1,1,1,1,1,1,1,1,1,1,1,7,7,7,7,7,1,1,1,1,1,1,4,7,3,7,1,1,1,1,1,1,1,1,1,1,1,1,7,7,7,7,7,1,1,1,1,1,1,4,8,7,not sure,not sure,49,Male,Black,none,"Yes, you may use my data in the research.",NA,1,1,0,1.9221568627450984,0,0.8627450980392155,TRUE,TRUE,0,FALSE
16222700,24/06/2026 14:06:30,complete,No threat,NaturaPosOne,positive,one,I agree to participate,16,4,4,4,4,4,1,1,1,1,1,1,1,1,6,6,6,3,5.25,3,4,2,4,2,3,2,6,4,8,5,4,4,4.333333333333333,1,1,1,1,1,1,1,1,6,6,6,3,5.25,2,1,1,1,1,1.2,1,9,2,5,5,5,5,5,1,1,1,1,1,1,1,1,6,6,6,3,5.25,2,1,1,1,1,1.2,4,7,3,7,6,6,6,6,1,1,1,1,1,1,1,1,6,6,6,3,5.25,2,1,1,1,1,1.2,4,8,7,To determine if doing a certain movement would help with mood,Why you are doing it,18,Male,Asian,None,"Yes, you may use my data in the research.",NA,0.1346153846153846,0.01923076923076923,0.03269230769230769,0,0,0,FALSE,FALSE,0,FALSE
16222704,24/06/2026 14:06:52,complete,Threat,NaturaPosOne,positive,one,I agree to participate,16,4,1,1,1,1,1,1,2,1.3333333333333333,1,1,1,1,1,1,1,1,1,1,6,7,2,6,4.4,2,6,4,8,1,1,1,1,1,5,5,3.6666666666666665,1,1,1,1,1,1,1,1,1,1,6,7,2,6,4.4,1,9,2,5,1,1,1,1,1,5,5,3.6666666666666665,1,1,1,1,1,1,1,1,1,1,7,6,2,6,4.4,4,7,3,7,3,1,1,1.6666666666666667,1,1,1,1,1,1,1,1,1,1,1,1,1,1,6,6,1,6,4,4,8,7,I don't know what the true nature of the study was.,I don't know - I can't even begin to guess.,59,Female,White,"I don't think this compromises the quality at all, but I just wanted to say that I have no teeth, so when asked to smile like the actresses, the computer won't register teeth there.  :(","Yes, you may use my data in the research.",NA,1,1,0,1.788653846153846,0,1,TRUE,TRUE,0,FALSE
16222706,24/06/2026 14:07:05,complete,No threat,NaturaPosTen,positive,ten,I agree to participate,16,4,4,4,5,4.333333333333333,1,1,1,1,1,1,1,1,4,4,2,1,2.75,1,2,2,1,2,1.6,2,6,4,8,1,1,2,1.3333333333333333,1,1,1,1,1,1,2,1.3333333333333333,3,3,4,1,2.75,2,2,2,2,2,2,1,9,2,5,5,4,3,4,1,1,1,1,2,1,2,1.6666666666666667,4,4,4,2,3.5,2,2,2,2,2,2,4,7,3,7,NA,7,7,7,1,1,1,1,1,1,1,1,5,5,6,4,5,4,3,3,4,3,3.4,4,8,7,I'm not sure,How facial expressions can effect your mood,29,Male,Black,N/A,"Yes, you may use my data in the research.",NA,1,1,0.00567307692307692,1.106675339366516,0.00384615384615384,1,FALSE,TRUE,0,TRUE
16222709,24/06/2026 14:07:38,complete,No threat,SmileNegTen,negative,ten,I agree to participate,16,4,1,1,1,1,1,1,1,1,2,1,2,1.6666666666666667,5,3,5,3,4,5,2,1,2,2,2.4,2,6,4,8,1,1,1,1,1,1,1,1,1,1,2,1.3333333333333333,5,3,5,3,4,5,2,1,2,2,2.4,1,9,2,5,1,1,1,1,3,1,1,1.6666666666666667,4,3,4,3.6666666666666665,5,3,5,3,4,5,2,1,2,2,2.4,4,7,3,7,1,1,1,1,5,1,1,2.3333333333333335,3,3,4,3.3333333333333335,5,3,5,3,4,5,2,1,2,2,2.4,4,8,7,determining how seeing depictions of violence or suffering affect task performance and life satisfaction,I don't know,43,Transgender female,Mixed,cat hopped onto my lap during one of the video tasks.,"Yes, you may use my data in the research.",NA,1,1,0,1.7084873004354135,0,1,TRUE,TRUE,0,FALSE
16222710,24/06/2026 14:07:45,complete,No threat,NaturaNegTen,negative,ten,I agree to participate,16,4,1,1,5,2.3333333333333335,1,1,1,1,1,1,1,1,5,5,7,1,4.5,4,1,1,1,1,1.6,2,6,4,8,1,5,5,3.6666666666666665,1,1,1,1,1,1,1,1,5,5,7,1,4.5,4,1,1,1,1,1.6,1,9,2,5,1,1,1,1,7,1,1,3,7,7,7,7,5,5,7,1,4.5,4,1,1,7,1,2.8,4,7,3,7,1,1,1,1,7,1,1,3,7,7,7,7,5,5,7,1,4.5,4,1,1,7,1,2.8,4,8,7,I believe this study was judgng how people react emotionally and mentally to disturbing images.,thatthe images were AI,46,Male,White,no issues noticed. everything ran smoothly and was easy to understand and navigate. thank you and good luck in all your endeavors!,"Yes, you may use my data in the research.",NA,1,1,0.01900150829562594,2.2024401809954752,0,0.9741960784313726,TRUE,TRUE,0,FALSE
16222714,24/06/2026 13:08:15,complete,Threat,SmilePosTen,positive,ten,I agree to participate,16,4,4,NA,1,2.5,1,1,NA,1,2,2,2,2,7,7,7,7,7,3,1,1,1,1,1.4,2,6,4,8,3,3,2,2.6666666666666665,1,1,1,1,1,1,1,1,7,7,7,7,7,1,1,1,1,1,1,1,6,2,5,1,1,1,1,1,1,1,1,3,2,3,2.6666666666666665,7,7,7,7,7,3,1,1,1,1,1.4,4,7,3,7,1,1,1,1,1,1,1,1,4,4,4,4,7,7,7,7,7,4,1,1,2,1,1.8,4,8,7,not sure honestly,measure how people repsond to certain types of instruction.,25,Female,White,I didn't understand the instructions for the one that showed pictures of smiling women but then said not to make un natural facial expressions. I interpreted it as just react naturally and didn't smile.,"Yes, you may use my data in the research.",NA,0.9942307692307693,1,0.01528846153846154,2.063974358974359,0.01153846153846154,0.9903846153846154,TRUE,TRUE,1,FALSE
16222715,24/06/2026 11:08:21,complete,Threat,NaturaPosTen,positive,ten,I agree to participate,16,4,4,4,4,4,1,1,1,1,1,1,1,1,6,6,6,6,6,1,1,1,1,1,1,2,6,4,8,4,4,4,4,1,1,1,1,1,1,1,1,6,6,6,6,6,1,1,1,1,1,1,1,9,2,5,5,5,5,5,1,1,1,1,1,1,1,1,6,6,6,6,6,1,1,1,1,1,1,4,7,4,7,5,5,5,5,1,1,1,1,1,1,1,1,6,6,6,6,6,1,1,1,1,1,1,4,8,7,I believe the study was to better understand how people perceive cute animal pictures by facial expressions.,How natural people's emotions can be.,31,Male,White,"Great study, thank you.","Yes, you may use my data in the research.",NA,1,1,0.12024962292609352,1.6125796380090498,0.426131221719457,0.9980769230769232,FALSE,TRUE,1,FALSE
16222717,24/06/2026 14:08:53,complete,Threat,SmileNegTen,negative,ten,I agree to participate,16,4,1,1,1,1,1,1,1,1,1,1,1,1,5,6,6,3,5,4,1,1,2,1,1.8,2,6,4,8,1,1,1,1,1,1,1,1,1,1,1,1,5,6,6,3,5,2,1,1,1,1,1.2,1,9,2,5,1,1,1,1,5,3,2,3.3333333333333335,7,7,7,7,5,6,6,3,5,3,1,1,1,1,1.4,4,7,3,7,1,1,1,1,3,1,1,1.6666666666666667,2,3,4,3,5,6,6,3,5,2,1,1,1,1,1.2,4,8,7,To see emotional reactions from disturbing images and to determine if seeing the images changed the current emotional state of the viewer,The math was a distraction,67,Male,White,NA,"Yes, you may use my data in the research.",NA,1,0.959687953555878,0.16680297532656024,0.0579100145137881,0.11810595065312048,0.01132075471698113,FALSE,FALSE,0,FALSE
16222723,24/06/2026 14:09:33,complete,No threat,NaturaPosOne,positive,one,I agree to participate,16,4,2,2,2,2,1,2,2,1.6666666666666667,1,1,1,1,6,5,6,5,5.5,5,2,2,3,2,2.8,2,6,4,8,1,1,1,1,1,1,1,1,1,1,2,1.3333333333333333,6,6,6,6,6,5,1,1,1,1,1.8,1,9,2,5,2,1,1,1.3333333333333333,1,1,1,1,1,1,1,1,6,6,5,6,5.75,5,1,1,1,1,1.8,4,7,3,7,2,1,2,1.6666666666666667,1,1,1,1,1,1,1,1,6,6,6,5,5.75,5,1,1,1,2,2,4,8,7,understanding how pictures change mood,Maybe that the math was not important,20,Female,White,NA,"Yes, you may use my data in the research.",NA,1,1,0,1.976153846153846,0,1,TRUE,TRUE,0,FALSE
16222732,24/06/2026 11:10:34,complete,Threat,SmilePosOne,positive,one,I agree to participate,16,4,5,6,5,5.333333333333333,1,1,1,1,1,1,5,2.3333333333333335,7,7,7,7,7,1,1,1,1,1,1,2,6,4,8,1,5,5,3.6666666666666665,1,1,1,1,3,1,4,2.6666666666666665,7,7,7,7,7,1,1,1,1,1,1,1,9,2,5,4,4,5,4.333333333333333,1,1,1,1,3,2,5,3.3333333333333335,7,7,7,7,7,1,1,1,1,1,1,4,7,3,7,5,5,5,5,1,1,1,1,4,4,4,4,7,7,7,7,7,1,1,1,1,1,1,4,8,7,Mental health,"you don't know, either",66,Male,White,Instruction were abstract,"Yes, you may use my data in the research.",NA,1,1,0.0973076923076923,0.7371153846153846,0,0.07692307692307693,FALSE,FALSE,0,FALSE
16222735,24/06/2026 13:10:50,complete,Threat,NaturaNegTen,negative,ten,I agree to participate,16,4,1,1,1,1,1,1,1,1,2,1,2,1.6666666666666667,2,2,1,1,1.5,2,1,1,3,2,1.8,2,6,4,8,1,1,1,1,1,1,1,1,2,2,2,2,2,2,1,1,1.5,3,1,1,2,2,1.8,1,9,2,5,1,1,1,1,3,1,1,1.6666666666666667,3,5,3,3.6666666666666665,2,2,1,1,1.5,2,1,1,2,3,1.8,4,7,3,7,1,1,1,1,5,2,2,3,1,2,1,1.3333333333333333,2,2,1,1,1.5,2,1,1,3,3,2,4,8,7,To see how people responded to the math and other questions following the video-recorded tasks,Maybe it's some sort of hpyothesis about the relationship between the tasks and one's cognition and mood in a given moment.,33,Male,White,"I believe I let my grin slip for a split second on the third video-recorded tast. Also, I think I tapped my nose five times on the last task, but now I am worried it was four. In any event, the study was fine. Any issues would have been my fault.","Yes, you may use my data in the research.",NA,1,1,0,2.3521153846153844,0,0.9961538461538462,TRUE,TRUE,0,FALSE
16222736,24/06/2026 11:10:58,complete,No threat,NaturaNegOne,negative,one,I agree to participate,16,4,2,1,1,1.3333333333333333,1,1,1,1,1,1,1,1,6,6,6,6,6,3,1,1,2,2,1.8,2,6,4,8,1,1,1,1,1,1,1,1,2,2,2,2,6,6,6,6,6,2,1,1,2,1,1.4,1,9,2,5,1,1,1,1,2,1,1,1.3333333333333333,4,4,4,4,6,6,6,6,6,2,1,1,4,2,2,4,7,3,7,1,1,1,1,4,2,2,2.6666666666666665,1,5,1,2.3333333333333335,6,6,6,6,6,2,1,1,2,3,1.8,4,8,7,To see if extreme stress or dissonance physically causes anomolies with simple math.,That the main thing you were studying was the facial expressions being asked to hold vs what a natural facial reaction would be would cause stress and worse math performance.,45,Female,White,NA,"Yes, you may use my data in the research.",NA,1,1,0,1.823076923076923,0,1,TRUE,TRUE,0,TRUE
16222740,24/06/2026 14:11:31,complete,No threat,NaturaNegOne,negative,one,I agree to participate,16,4,2,2,2,2,2,1,1,1.3333333333333333,1,1,1,1,5,5,6,4,5,3,1,2,1,3,2,2,6,4,8,1,1,1,1,1,1,1,1,1,1,1,1,5,5,6,4,5,3,1,2,1,3,2,1,9,2,5,1,1,1,1,1,1,1,1,1,1,1,1,5,5,6,4,5,3,1,2,1,3,2,4,7,3,7,1,1,1,1,2,1,1,1.3333333333333333,1,1,1,1,5,5,6,4,5,3,1,2,1,3,2,4,8,7,not sure,not sure,31,Female,White,NA,"Yes, you may use my data in the research.",NA,1,1,0.0451923076923077,3.289807692307692,0,1,TRUE,TRUE,0,FALSE
16222753,24/06/2026 11:12:51,complete,No threat,NaturaPosTen,positive,ten,I agree to participate,16,4,2,2,3,2.3333333333333335,2,2,1,1.6666666666666667,3,1,4,2.6666666666666665,3,5,4,5,4.25,2,3,3,4,5,3.4,2,6,4,8,3,2,3,2.6666666666666665,2,1,1,1.3333333333333333,3,3,4,3.3333333333333335,4,3,4,3,3.5,2,3,3,3,3,2.8,1,9,2,5,4,5,3,4,3,3,2,2.6666666666666665,4,5,3,4,2,3,3,4,3,3,5,4,4,4,4,4,7,3,7,5,2,3,3.3333333333333335,2,1,1,1.3333333333333333,3,2,4,3,3,5,2,4,3.5,3,4,4,5,4,4,4,8,7,to see if faces change based on images,the reason for making faces,27,Male,Black,NA,"Yes, you may use my data in the research.",NA,1,1,0,0.5813617419391559,0,0.6336584706451521,FALSE,TRUE,0,FALSE
16222774,24/06/2026 13:17:25,complete,Threat,SmileNegOne,negative,one,I agree to participate,16,4,1,1,1,1,1,1,1,1,1,1,1,1,5,5,5,4,4.75,5,2,2,2,3,2.8,2,6,4,8,1,1,1,1,1,1,1,1,1,1,1,1,5,5,5,3,4.5,5,1,1,1,3,2.2,1,9,2,5,1,1,1,1,1,1,1,1,1,1,1,1,5,5,5,3,4.5,5,2,2,2,3,2.8,4,7,3,7,1,1,1,1,1,1,1,1,1,1,1,1,5,5,5,3,4.5,5,2,2,2,2,2.6,4,8,7,See how facial expressions and feelings change with math,"Really do not know, but curious to know",30,Male,Other,N/A,"Yes, you may use my data in the research.",NA,1,1,0,1.3873076923076924,0,1,FALSE,TRUE,0,FALSE
16222786,24/06/2026 13:19:39,complete,Threat,NaturaPosOne,positive,one,I agree to participate,16,4,2,3,1,2,1,1,1,1,2,2,2,2,7,6,6,5,6,2,1,1,1,1,1.2,2,6,4,8,3,2,3,2.6666666666666665,1,1,1,1,1,1,1,1,6,6,7,5,6,1,1,1,1,1,1,1,9,2,5,4,3,2,3,1,1,1,1,1,1,1,1,6,7,6,5,6,1,1,1,1,1,1,4,7,3,7,3,3,2,2.6666666666666665,1,1,1,1,1,1,1,1,6,7,6,5,6,1,1,1,1,1,1,4,8,7,To see how actions like smiling can change our emotional scores.,That this isn't about math at all.,37,Male,White,"This was clear, i had no issues.","Yes, you may use my data in the research.",NA,1,1,0,2.5896153846153847,0,1,TRUE,TRUE,0,TRUE
16222788,24/06/2026 13:20:49,complete,No threat,SmilePosOne,positive,one,I agree to participate,16,4,1,1,1,1,1,1,1,1,1,1,1,1,4,5,5,1,3.75,1,1,1,1,1,1,2,6,4,8,1,1,1,1,1,1,1,1,1,1,1,1,4,5,5,1,3.75,1,1,1,1,1,1,1,9,2,5,2,1,2,1.6666666666666667,1,1,1,1,1,1,1,1,4,5,5,1,3.75,1,1,1,1,1,1,4,7,3,7,1,1,1,1,1,1,1,1,1,1,1,1,4,5,5,1,3.75,1,1,1,1,1,1,4,8,7,"To see if you could get me to think of something else, like how I feel and how my life is going, so that I wouldn't pay attention to the math questions.",There are subliminal messages in the images?,39,Male,White,None,"Yes, you may use my data in the research.",NA,1,1,0,1.738235294117647,0,1,TRUE,TRUE,0,FALSE
16223016,24/06/2026 15:11:15,complete,Threat,NaturaNegTen,negative,ten,I agree to participate,16,4,1,2,2,1.6666666666666667,2,3,3,2.6666666666666665,6,3,6,5,3,4,2,1,2.5,6,4,7,6,6,5.8,2,6,4,8,1,1,2,1.3333333333333333,2,1,1,1.3333333333333333,7,7,7,7,3,3,3,2,2.75,6,4,7,6,7,6,1,9,2,5,1,2,1,1.3333333333333333,2,2,2,2,7,7,7,7,2,3,3,1,2.25,6,4,6,6,7,5.8,4,7,3,7,2,2,1,1.6666666666666667,3,2,2,2.3333333333333335,7,6,7,6.666666666666667,3,3,2,1,2.25,6,4,7,6,6,5.8,4,8,7,How annoying menial tasks impact our current mood after being shown images to illicit a response.,I don't know. How annoyed your test subjects will be willing to get before quitting?,38,Male,White,There were no issues to report.,"Yes, you may use my data in the research.",NA,1,1,0,1.5558310708898944,0,0.8923076923076922,TRUE,TRUE,0,FALSE
16223037,24/06/2026 14:14:54,complete,Threat,NaturaPosOne,positive,one,I agree to participate,16,4,1,1,3,1.6666666666666667,1,1,1,1,1,1,1,1,6,5,6,5,5.5,1,1,1,1,1,1,2,6,4,8,3,2,3,2.6666666666666665,1,1,1,1,1,1,1,1,6,5,6,5,5.5,1,1,1,1,1,1,1,9,2,5,3,2,3,2.6666666666666665,1,1,1,1,1,1,1,1,6,5,6,5,5.5,1,1,1,1,1,1,4,7,3,7,3,2,4,3,1,1,1,1,1,1,1,1,6,5,6,5,5.5,1,1,1,1,1,1,4,8,7,"Studying instruction following or something?
",That the physical and mathematical tasks were not related/did not impact one another.,29,Female,White,NA,"Yes, you may use my data in the research.",NA,1,1,0.05352941176470587,2.882549019607843,0,1,TRUE,TRUE,0,FALSE
16226749,25/06/2026 08:44:23,complete,No threat,NaturaNegOne,negative,one,I agree to participate,16,4,2,3,3,2.6666666666666665,1,1,1,1,5,5,4,4.666666666666667,3,3,4,2,3,5,2,2,3,3,3,2,6,4,8,3,1,3,2.3333333333333335,1,1,1,1,2,2,3,2.3333333333333335,3,3,2,1,2.25,5,1,1,3,1,2.2,1,9,2,5,1,1,1,1,4,3,2,3,3,2,4,3,3,3,2,1,2.25,5,1,1,2,3,2.4,4,7,3,7,1,1,1,1,5,1,2,2.6666666666666665,3,2,2,2.3333333333333335,3,3,3,2,2.75,5,2,1,1,2,2.2,4,8,7,"a multitasking study, influence by pictures?",subliminal messaging/ something about the pictures shown.,22,Gender variant / non-conforming,Black,NA,"Yes, you may use my data in the research.",NA,1,1,0.5976470588235294,2.9833333333333334,1,1,TRUE,FALSE,0,FALSE
16226750,25/06/2026 08:44:23,complete,Threat,NaturaNegOne,negative,one,I agree to participate,16,4,1,2,1,1.3333333333333333,1,1,1,1,1,1,1,1,3,3,3,3,3,2,2,1,2,2,1.8,2,6,4,8,1,2,1,1.3333333333333333,1,1,1,1,1,1,1,1,2,2,2,3,2.25,2,2,1,2,2,1.8,1,9,2,5,1,1,1,1,4,1,1,2,1,1,1,1,2,2,2,3,2.25,2,2,1,1,2,1.6,4,7,3,7,1,1,1,1,4,1,1,2,1,2,1,1.3333333333333333,2,2,2,3,2.25,2,2,1,1,2,1.6,4,8,7,I am not sure.,I don't know.,38,Male,White,None.,"Yes, you may use my data in the research.",NA,1,1,0.0080392156862745,1.9054,0,1,TRUE,TRUE,0,FALSE
16226751,25/06/2026 07:44:25,complete,No threat,SmileNegTen,negative,ten,I agree to participate,16,4,2,1,2,1.6666666666666667,1,1,1,1,1,1,1,1,5,5,5,5,5,5,2,1,2,2,2.4,2,6,4,8,1,1,2,1.3333333333333333,1,1,1,1,1,1,1,1,5,5,5,5,5,7,2,1,2,2,2.8,1,9,2,5,1,1,1,1,4,1,2,2.3333333333333335,5,2,1,2.6666666666666665,5,5,5,5,5,6,1,1,2,2,2.4,4,7,3,7,1,1,1,1,2,1,1,1.3333333333333333,2,2,3,2.3333333333333335,5,5,5,5,5,6,2,1,2,2,2.6,4,8,7,the speed and or accurary of basic math problems after doing a basic task or being shown upsetting photos.,no idea,29,Female,White,n/a,"Yes, you may use my data in the research.",NA,0.9923076923076924,1,0.0095,0.8083461538461538,0.01923076923076921,0.9846153846153848,FALSE,TRUE,0,FALSE
16226752,25/06/2026 08:44:28,complete,Threat,SmileNegOne,negative,one,I agree to participate,16,4,1,1,1,1,1,1,1,1,2,2,3,2.3333333333333335,4,5,5,3,4.25,5,2,2,5,4,3.6,2,6,4,8,1,1,1,1,1,1,1,1,1,1,2,1.3333333333333333,5,5,4,2,4,5,1,1,2,2,2.2,1,9,2,5,1,1,1,1,1,1,1,1,1,2,4,2.3333333333333335,5,5,5,2,4.25,5,2,1,4,3,3,4,7,3,7,1,1,1,1,1,1,1,1,1,1,1,1,4,5,5,2,4,5,1,1,4,3,2.8,4,8,7,Looking for consistancy by repeating the same questions over and over. Do I really feel the way I answered.,No idea,76,Male,White,NA,"Yes, you may use my data in the research.",NA,1,1,0.5407692307692308,1.373076923076923,0.03846153846153848,1,FALSE,TRUE,0,FALSE
16226754,25/06/2026 08:44:35,complete,Threat,SmileNegTen,negative,ten,I agree to participate,16,4,3,2,2,2.3333333333333335,1,1,1,1,1,1,1,1,3,5,6,5,4.75,3,1,1,1,1,1.4,2,6,4,8,2,2,3,2.3333333333333335,1,1,1,1,1,1,1,1,5,5,6,5,5.25,2,1,1,1,1,1.2,1,9,2,5,1,3,2,2,1,1,1,1,1,1,1,1,3,5,5,5,4.5,2,1,1,1,1,1.2,4,7,3,7,3,2,2,2.3333333333333335,1,1,1,1,1,1,2,1.3333333333333333,5,3,5,5,4.5,2,1,1,1,1,1.2,4,8,7,to look at how the camera pics up emotion on ones face as well as what thing influences one emotions from images presented.,An anctaul final study that provide further movemevt direction.,39,Male,Prefer not to say,NA,"Yes, you may use my data in the research.",NA,0.8571644042232277,0.9607843137254902,0.01647058823529412,0.3453333333333333,0.02549019607843137,0.06862745098039216,FALSE,FALSE,0,FALSE
16226757,25/06/2026 05:44:40,complete,No threat,NaturaPosTen,positive,ten,I agree to participate,16,4,4,4,4,4,1,1,1,1,1,1,1,1,2,2,5,6,3.75,3,1,1,1,1,1.4,2,6,4,8,1,1,1,1,1,1,1,1,1,1,1,1,2,2,6,6,4,1,1,1,1,1,1,1,9,2,5,1,4,4,3,1,1,1,1,1,1,1,1,2,2,6,6,4,3,1,1,1,1,1.4,4,7,3,7,6,1,6,4.333333333333333,1,1,1,1,1,1,1,1,2,5,6,6,4.75,3,1,1,1,1,1.4,4,6,7,to see if our answers change and if we grow impatient,well to see if we can follow orders. But it was difficult to not smile or show expression with all those cute pictures of cats and dogs,70,Female,White,I dont know of any issues,"Yes, you may use my data in the research.",NA,1,1,0.1883921568627451,0.7720550527903469,0,0.13725490196078433,FALSE,FALSE,1,FALSE
16226762,25/06/2026 08:45:06,complete,Threat,NaturaPosOne,positive,one,I agree to participate,16,4,4,4,4,4,5,4,4,4.333333333333333,5,5,5,5,3,4,5,5,4.25,6,6,4,5,5,5.2,2,6,4,8,4,3,4,3.6666666666666665,5,5,5,5,5,5,5,5,5,5,5,5,5,6,6,4,6,6,5.6,1,9,2,5,3,4,4,3.6666666666666665,5,5,5,5,5,5,5,5,5,5,4,5,4.75,6,6,4,6,6,5.6,4,7,1,7,4,5,5,4.666666666666667,4,5,5,4.666666666666667,4,4,3,3.6666666666666665,5,5,5,4,4.75,6,5,4,6,6,5.4,4,8,7,To see facial expressions after completing tasks and answering questions,"I honestly have no clue, amybe i was training AI",30,Male,White,no issues,"Yes, you may use my data in the research.",NA,1,1,0.02057692307692307,0,0,0,FALSE,FALSE,1,FALSE
16226763,25/06/2026 08:45:06,complete,Threat,SmileNegTen,negative,ten,I agree to participate,16,4,4,4,3,3.6666666666666665,1,1,1,1,1,1,1,1,3,3,3,1,2.5,5,1,2,1,3,2.4,2,6,4,8,2,4,3,3,1,1,1,1,1,1,1,1,3,3,3,1,2.5,5,1,2,1,3,2.4,1,9,2,5,1,1,1,1,6,2,2,3.3333333333333335,3,3,2,2.6666666666666665,3,3,3,1,2.5,5,2,2,3,4,3.2,4,7,3,7,1,1,1,1,7,3,2,4,5,5,5,5,3,3,3,1,2.5,5,3,3,4,4,3.8,4,8,7,to see if changing the expression on your face changes the outlook on the videos you were seeing or doing random tasks distracted your emotion after seeing certain things maybe,that they were gauge maybe if they reactions effected how we viewed what we were seeing like smiling made the thing in the pictures seem better or worse and they knew that would happen or that maybe different people had different faces they has to show when they did the tasks,34,Female,White,"no issues, study ran smoothly and had no distractions and camera in working conditon","Yes, you may use my data in the research.",NA,1,1,0.00142307692307692,1.9748653846153843,0,0.9769230769230768,TRUE,TRUE,0,TRUE
16226765,25/06/2026 08:45:13,complete,No threat,SmileNegOne,negative,one,I agree to participate,16,4,4,4,4,4,1,1,1,1,1,3,1,1.6666666666666667,5,6,6,4,5.25,6,2,1,2,2,2.6,2,6,4,8,3,3,3,3,1,1,1,1,2,2,2,2,5,5,5,4,4.75,6,2,1,2,2,2.6,1,9,2,5,2,2,2,2,3,2,1,2,5,6,6,5.666666666666667,4,5,6,4,4.75,6,2,1,5,2,3.2,4,7,3,7,2,1,2,1.6666666666666667,4,2,2,2.6666666666666665,6,6,5,5.666666666666667,5,5,5,4,4.75,6,2,1,3,2,2.8,4,8,7,I believe the purpose of this study is to see how physical images affect mental health and thinking logically.,Possibly that studies have shown the affect of negative situations have impacts on thinking.,42,Female,White,NA,"Yes, you may use my data in the research.",NA,NA,NA,NA,NA,NA,NA,NA,NA,0,FALSE
16226766,25/06/2026 08:45:15,complete,No threat,SmilePosOne,positive,one,I agree to participate,16,4,1,1,1,1,1,1,1,1,1,1,1,1,3,3,4,2,3,5,2,1,5,3,3.2,2,6,4,8,1,1,1,1,1,1,1,1,1,1,1,1,2,2,2,2,2,5,2,1,5,3,3.2,1,9,2,5,2,2,2,2,1,1,1,1,1,1,1,1,2,2,3,2,2.25,5,3,1,3,3,3,4,7,3,7,3,3,3,3,1,1,1,1,1,1,1,1,2,2,2,2,2,5,3,1,5,3,3.4,4,8,7,"It said to be about math. But maybe it's to train a.i, on movements and human emotion.",That its a.i. training,40,Female,Black,NA,"Yes, you may use my data in the research.",NA,1,1,0.6329411764705883,2.899423076923077,0.05882352941176476,1,TRUE,TRUE,0,FALSE
16226767,25/06/2026 08:45:20,complete,No threat,NaturaPosOne,positive,one,I agree to participate,16,4,1,4,1,2,1,NA,1,1,1,1,1,1,6,6,6,3,5.25,6,1,1,1,1,2,2,6,4,8,1,4,1,2,1,1,1,1,1,1,1,1,6,6,6,6,6,6,1,1,1,1,2,1,9,2,5,1,4,1,2,1,1,1,1,1,1,1,1,6,6,6,3,5.25,6,1,1,1,1,2,4,7,3,7,1,1,1,1,1,1,1,1,3,3,3,3,6,6,6,6,6,6,1,1,1,1,2,4,8,7,I really wish I could answer that question intelligently...,I cannot honestly imagine.,69,Female,Mixed,"I was a little confused as to what to do when I saw the first array of 4 photos.  I responded to the questions, I think, to try to represent this.","Yes, you may use my data in the research.",NA,1,1,0,2.522884615384615,0,1,TRUE,TRUE,0,FALSE
16226768,25/06/2026 08:45:24,complete,Threat,SmileNegOne,negative,one,I agree to participate,16,4,6,7,3,5.333333333333333,2,2,1,1.6666666666666667,2,1,2,1.6666666666666667,7,7,6,5,6.25,2,2,1,1,1,1.4,2,6,4,8,5,4,7,5.333333333333333,2,2,1,1.6666666666666667,1,1,2,1.3333333333333333,6,7,7,6,6.5,1,1,1,2,2,1.4,1,9,2,5,5,5,6,5.333333333333333,4,2,4,3.3333333333333335,4,3,3,3.3333333333333335,6,6,7,7,6.5,2,1,2,1,1,1.4,4,7,3,7,3,4,2,3,1,3,1,1.6666666666666667,2,2,3,2.3333333333333335,7,7,6,6,6.5,1,2,1,1,2,1.4,4,8,7,The purpose of the study is whether movement can help with math problems and also contribute to overall happiness and satisfaction.,The details might be that my physical movements won't directly affect my composition and that it was just said in order to motivate me to perform the movements.,31,Male,White,I did not have any issues.,"Yes, you may use my data in the research.",NA,1,1,0.00176470588235294,0.1817307692307692,0.0980392156862745,0.7115384615384615,FALSE,TRUE,0,FALSE
16226769,25/06/2026 08:45:29,complete,No threat,NaturaNegTen,negative,ten,I agree to participate,16,4,1,1,1,1,1,1,1,1,1,1,1,1,1,1,2,3,1.75,7,1,1,5,1,3,2,6,4,8,2,5,1,2.6666666666666665,1,1,1,1,1,1,1,1,2,1,1,3,1.75,7,1,1,6,1,3.2,1,9,2,5,1,1,1,1,4,1,1,2,5,6,6,5.666666666666667,1,1,1,1,1,7,1,1,5,1,3,4,7,3,7,1,1,1,1,7,2,2,3.6666666666666665,4,5,4,4.333333333333333,1,1,1,3,1.5,7,1,1,5,1,3,4,8,7,"To determine how my view or perception of life changes after being exposed to specific negative emotions, and also exposed by them while forcing the opposite reaction.",The math problems are a way to get my mind off the previous exercise and are irrelevant.,53,Female,White,No issues,"Yes, you may use my data in the research.",NA,1,1,0,0.635475113122172,0,0.13725490196078433,FALSE,FALSE,0,FALSE
16226770,25/06/2026 08:45:31,complete,No threat,SmileNegOne,negative,one,I agree to participate,16,4,1,1,1,1,1,1,1,1,3,1,1,1.6666666666666667,4,4,5,4,4.25,7,1,1,1,1,2.2,2,6,4,8,2,4,4,3.3333333333333335,1,1,1,1,1,1,1,1,5,4,4,4,4.25,7,1,1,1,1,2.2,1,9,2,5,5,5,5,5,1,1,1,1,1,1,1,1,5,4,4,4,4.25,7,1,1,1,1,2.2,4,7,3,7,1,4,1,2,1,1,1,1,1,1,1,1,4,5,4,4,4.25,7,1,1,1,1,2.2,4,8,7,To follow directions and to solve math problems and answer questions about my life.,have fun while solving problems,56,Female,Black,none,"Yes, you may use my data in the research.",NA,1,1,0.00615384615384615,2.105384615384615,0,1,TRUE,TRUE,0,FALSE
16226772,25/06/2026 08:45:33,complete,Threat,NaturaNegOne,negative,one,I agree to participate,16,4,6,4,5,5,1,2,1,1.3333333333333333,2,2,1,1.6666666666666667,7,6,7,7,6.75,2,1,1,1,1,1.2,2,6,4,8,7,5,4,5.333333333333333,1,1,1,1,2,1,2,1.6666666666666667,6,7,7,7,6.75,2,1,1,1,1,1.2,1,9,2,5,4,4,6,4.666666666666667,1,1,1,1,3,1,2,2,7,7,6,7,6.75,2,1,1,1,1,1.2,4,7,3,7,5,6,7,6,2,1,1,1.3333333333333333,1,1,2,1.3333333333333333,6,7,7,7,6.75,2,1,1,1,1,1.2,4,8,7,following directions and repetitive feelsing,I dont know,26,Male,White,NA,"Yes, you may use my data in the research.",NA,1,1,0,0.00961538461538461,0,0,FALSE,FALSE,0,FALSE
16226773,25/06/2026 08:45:36,complete,Threat,SmilePosTen,positive,ten,I agree to participate,16,4,1,2,1,1.3333333333333333,1,1,1,1,1,1,1,1,5,5,4,5,4.75,2,2,1,2,2,1.8,2,6,4,8,1,2,2,1.6666666666666667,1,1,1,1,1,1,1,1,5,5,5,5,5,2,1,1,2,2,1.6,1,9,2,5,3,2,3,2.6666666666666665,1,1,1,1,1,1,1,1,5,5,5,5,5,2,2,1,2,2,1.8,4,7,3,7,2,2,2,2,1,1,1,1,1,1,1,1,4,5,5,6,5,2,1,1,2,2,1.6,4,8,7,if i smiled at the second set of pictures?,that the math questions were a distraction?,55,Male,White,no issues that I can remember.,"Yes, you may use my data in the research.",NA,1,1,1.3039615384615386,2.4130576923076923,0.9903846153846154,1,FALSE,FALSE,0,FALSE
16226774,25/06/2026 07:45:37,complete,Threat,SmileNegTen,negative,ten,I agree to participate,16,4,4,4,4,4,1,1,1,1,1,1,1,1,5,5,6,1,4.25,1,1,1,1,1,1,2,6,4,8,4,4,4,4,1,1,1,1,1,1,1,1,5,6,6,2,4.75,2,1,1,1,1,1.2,1,9,2,5,4,3,4,3.6666666666666665,1,1,1,1,1,1,1,1,6,5,6,2,4.75,1,1,1,1,1,1,4,7,3,7,3,3,3,3,1,1,1,1,2,2,2,2,5,6,6,2,4.75,1,1,1,1,1,1,4,8,7,To see if there's a connection bewteen viewing sad or frustrating images with doing an opposing facial expression,why the math problems existed,24,Male,White,NA,"Yes, you may use my data in the research.",NA,1,1,2.074865384615385,1.955217343976778,1,1,FALSE,FALSE,0,FALSE
16226776,25/06/2026 08:45:46,complete,Threat,SmilePosTen,positive,ten,I agree to participate,16,4,5,4,6,5,5,2,3,3.3333333333333335,3,4,6,4.333333333333333,5,6,4,6,5.25,3,5,4,4,5,4.2,2,6,4,8,7,5,5,5.666666666666667,3,2,2,2.3333333333333335,3,3,2,2.6666666666666665,4,5,4,5,4.5,3,2,1,1,2,1.8,1,9,2,5,6,6,7,6.333333333333333,1,1,1,1,2,4,3,3,5,4,4,4,4.25,4,3,2,2,3,2.8,4,7,3,7,6,5,6,5.666666666666667,2,1,1,1.3333333333333333,1,3,2,2,3,4,5,4,4,3,2,1,1,2,1.8,4,8,7,The study wants to see if Making certain physical body movements changes how well  Your brain solves math problems by  video recording of  my face and researchers are  trying to see my natural involuntary expression and reactions while I look at different images and work on math.,"the main  reason of the physical tasks  i was asked to do i dont see   how they have impacted  the study 
the instructions said  thata there were distressing images   of which i did not see any",26,Male,Black,i had  some issues understanding the first video task but  in the remaining tasks i understood and  did it well the   study was easy and  great,"Yes, you may use my data in the research.",NA,0.9769230769230768,0.9769230769230768,0.3205961538461538,0.8510769230769231,0.24615384615384617,0.775,FALSE,TRUE,0,FALSE
16226779,25/06/2026 08:45:43,complete,Threat,NaturaNegOne,negative,one,I agree to participate,16,4,3,2,2,2.3333333333333335,1,1,1,1,1,1,1,1,6,6,7,3,5.5,3,1,1,1,1,1.4,2,6,4,8,2,2,2,2,1,1,1,1,1,1,1,1,6,6,6,5,5.75,1,1,1,1,1,1,1,9,2,5,3,3,3,3,1,1,1,1,1,1,1,1,6,5,6,6,5.75,1,1,1,1,1,1,4,7,3,7,3,4,4,3.6666666666666665,1,1,1,1,1,1,1,1,7,6,6,6,6.25,3,1,1,1,1,1.4,4,8,7,I believe the purpose was if I can follow simple tasks and do more than one thing at the same time.,I am not sure!,43,Female,White,I had no issues during this study!,"Yes, you may use my data in the research.",NA,1,1,0,2.2841176470588236,0,0.9019607843137256,TRUE,TRUE,0,FALSE
16226780,25/06/2026 07:45:42,complete,Threat,SmileNegOne,negative,one,I agree to participate,16,4,2,1,2,1.6666666666666667,1,2,1,1.3333333333333333,1,1,1,1,6,6,6,3,5.25,5,1,1,4,1,2.4,2,6,4,8,1,1,1,1,1,1,1,1,1,2,2,1.6666666666666667,5,5,5,3,4.5,4,1,1,1,1,1.6,1,9,2,5,1,1,1,1,1,1,2,1.3333333333333333,1,1,1,1,6,6,6,3,5.25,5,1,1,2,1,2,4,7,3,7,1,1,1,1,2,1,1,1.3333333333333333,1,1,1,1,5,5,5,2,4.25,5,1,1,1,1,1.8,4,8,7,I don't have an idea,Maybe how well someone follows instructions and how it affects your mood to look at certain pictures and your performance in math?,72,Female,White,"Not really any issues.  I thought I was supposed to keep doing the action at first, but figured it out finally.","Yes, you may use my data in the research.",NA,1,1,0.2232692307692308,2.25923076923077,0.01923076923076922,1,TRUE,TRUE,0,FALSE
16226782,25/06/2026 08:45:43,complete,Threat,NaturaNegTen,negative,ten,I agree to participate,16,4,2,2,2,2,2,2,2,2,3,3,3,3,3,3,3,3,3,4,2,2,4,3,3,2,6,4,8,2,2,2,2,5,2,4,3.6666666666666665,6,6,6,6,3,3,3,3,3,4,2,2,5,2,3,1,9,2,5,1,1,1,1,6,4,5,5,6,6,6,6,3,3,3,3,3,4,2,2,5,2,3,4,7,3,7,1,2,1,1.3333333333333333,5,3,4,4,5,3,4,4,4,3,3,3,3.25,4,2,2,4,2,2.8,4,8,7,how effect of physical movement on ppls math performance,how scenarios can stimulate emotions,32,Female,Black,NA,"Yes, you may use my data in the research.",NA,0.09215686274509804,0.2475686274509804,0.04962745098039217,0.47090156862745103,0,0.1966274509803922,FALSE,FALSE,0,FALSE
16226783,25/06/2026 06:45:44,complete,No threat,NaturaNegTen,negative,ten,I agree to participate,16,4,1,1,1,1,1,1,1,1,4,2,2,2.6666666666666665,2,1,5,6,3.5,7,4,1,5,6,4.6,2,6,4,8,3,2,2,2.3333333333333335,4,2,2,2.6666666666666665,5,6,6,5.666666666666667,2,3,2,3,2.5,7,6,1,7,7,5.6,1,9,2,5,2,1,1,1.3333333333333333,2,NA,4,3,7,7,7,7,2,2,2,4,2.5,7,4,1,6,6,4.8,4,7,3,7,1,1,1,1,6,6,2,4.666666666666667,5,4,6,5,2,2,2,1,1.75,7,6,2,5,7,5.4,4,8,7,starting my day off bad?,who knows...,51,Female,White,none,"Yes, you may use my data in the research.",NA,1,1,0.45482315233785825,1.728462669683258,0.19445701357466064,0.6625188536953243,FALSE,TRUE,0,FALSE
16226785,25/06/2026 08:45:48,complete,No threat,SmilePosTen,positive,ten,I agree to participate,16,4,1,1,1,1,1,1,1,1,1,1,1,1,2,2,1,1,1.5,1,4,3,5,4,3.4,2,6,4,8,1,1,1,1,1,1,1,1,1,1,1,1,1,2,2,1,1.5,1,5,3,4,4,3.4,1,9,2,5,1,1,1,1,1,1,1,1,1,1,1,1,1,2,2,1,1.5,1,5,3,4,4,3.4,4,7,3,7,1,1,1,1,1,1,1,1,1,1,1,1,1,2,2,1,1.5,1,5,3,4,4,3.4,4,8,7,Perceptions about emotions,How the camera tasks related to doing the math problems,46,Male,White,N/A,"Yes, you may use my data in the research.",NA,1,1,0,0.17296153846153847,0,0.1942307692307692,FALSE,FALSE,0,FALSE
16226786,25/06/2026 07:45:49,complete,No threat,SmileNegTen,negative,ten,I agree to participate,16,4,6,6,6,6,1,1,1,1,1,1,1,1,6,6,7,7,6.5,1,1,1,1,1,1,2,6,4,8,5,6,7,6,1,1,1,1,1,1,1,1,6,6,7,6,6.25,1,1,1,1,1,1,1,9,2,5,5,6,5,5.333333333333333,1,NA,1,1,1,1,1,1,6,5,7,6,6,1,1,1,1,1,1,4,7,3,7,7,5,6,6,1,1,1,1,1,2,1,1.3333333333333333,7,7,6,NA,6.666666666666667,1,1,1,1,1,1,4,8,7,I don't know,I do not know,40,Female,White,NA,"Yes, you may use my data in the research.",NA,1,1,0.02973076923076923,1.9985192307692308,0.02115384615384614,1,TRUE,TRUE,0,FALSE
16226788,25/06/2026 08:45:55,complete,No threat,SmilePosTen,positive,ten,I agree to participate,16,4,2,1,2,1.6666666666666667,1,2,1,1.3333333333333333,2,2,2,2,3,4,4,2,3.25,3,1,1,2,2,1.8,2,6,4,8,3,2,2,2.3333333333333335,1,1,1,1,2,1,1,1.3333333333333333,3,4,3,2,3,4,1,1,1,1,1.6,1,9,2,5,5,5,5,5,4,2,1,2.3333333333333335,1,2,3,2,4,5,5,3,4.25,3,1,1,1,1,1.4,4,7,3,7,3,4,4,3.6666666666666665,1,1,2,1.3333333333333333,1,2,2,1.6666666666666667,3,4,5,3,3.75,2,1,1,1,1,1.2,4,8,7,To understand how math can influence a person's emotions when they had prerequisite actions done.,What I just told you,29,Male,White,none,"Yes, you may use my data in the research.",NA,1,1,0.3203333333333333,1.470235294117647,0.08823529411764708,0.7490196078431373,FALSE,TRUE,0,FALSE
16226789,25/06/2026 07:45:49,complete,Threat,SmileNegTen,negative,ten,I agree to participate,16,4,1,1,1,1,1,1,1,1,2,2,2,2,6,6,6,5,5.75,3,1,1,3,2,2,2,6,4,8,1,1,1,1,1,1,1,1,1,1,1,1,6,6,6,5,5.75,3,1,1,2,1,1.6,1,9,2,5,1,1,1,1,3,1,1,1.6666666666666667,3,1,5,3,6,6,6,5,5.75,3,1,1,3,2,2,4,7,3,7,1,1,1,1,3,1,1,1.6666666666666667,2,2,2,2,6,6,6,5,5.75,3,1,1,2,2,1.8,4,8,7,Affect of images/tasks/facial expression on mood.,It is not about multitasking/math.,34,Female,Mixed,n/a,"Yes, you may use my data in the research.",NA,1,1,0.01503628447024673,2.8353334542815674,0,1,TRUE,TRUE,0,TRUE
16226792,25/06/2026 07:45:59,complete,No threat,NaturaPosTen,positive,ten,I agree to participate,16,4,5,5,6,5.333333333333333,1,1,1,1,1,1,1,1,5,5,5,2,4.25,5,2,2,3,5,3.4,2,6,4,8,6,6,6,6,1,1,1,1,1,1,1,1,6,6,6,2,5,1,1,1,1,1,1,1,9,2,5,5,6,6,5.666666666666667,1,1,1,1,1,1,1,1,5,6,6,2,4.75,2,1,2,2,2,1.8,4,7,3,7,6,6,7,6.333333333333333,1,1,1,1,1,NA,1,1,5,6,6,2,4.75,4,2,2,3,3,2.8,4,8,7,If smiling puts you in a better mood.,I am not sure.,40,Male,White,None,"Yes, you may use my data in the research.",NA,0.9980769230769232,0.948076923076923,0.03315384615384616,2.956346153846154,0,0.946153846153846,TRUE,TRUE,0,TRUE
16226793,25/06/2026 08:46:06,complete,No threat,NaturaNegTen,negative,ten,I agree to participate,16,4,4,4,4,4,1,1,1,1,1,1,1,1,7,7,7,7,7,1,1,1,1,1,1,2,6,4,8,4,4,4,4,1,1,1,1,1,1,1,1,7,7,7,7,7,1,1,1,1,1,1,1,9,2,5,1,1,1,1,2,2,2,2,2,2,2,2,7,7,7,7,7,1,1,1,1,1,1,4,7,3,7,1,1,1,1,2,2,2,2,2,2,2,2,7,7,7,7,7,1,1,1,1,1,1,4,8,7,How comfortable a user felt giving unnatural responses,No idea,44,Male,White,NA,"Yes, you may use my data in the research.",NA,1,1,0.01623076923076923,2.5098076923076924,0.04038461538461537,1,TRUE,TRUE,0,FALSE
16226794,25/06/2026 08:46:05,complete,No threat,SmileNegOne,negative,one,I agree to participate,16,4,1,1,1,1,1,1,1,1,1,1,1,1,5,5,5,5,5,4,1,1,1,1,1.6,2,6,4,8,1,1,1,1,1,1,1,1,1,1,1,1,5,5,5,5,5,4,1,1,1,1,1.6,1,9,2,5,1,1,1,1,1,1,1,1,1,1,1,1,5,5,5,5,5,4,1,1,1,1,1.6,4,7,3,7,1,1,1,1,1,1,1,1,1,1,1,1,5,5,5,5,5,4,1,1,1,1,1.6,4,8,7,NA,NA,23,Male,White,NA,"Yes, you may use my data in the research.",NA,1,1,0.1325,5.769230769230769e-4,0.19230769230769224,0,FALSE,FALSE,0,FALSE
16226795,25/06/2026 07:46:02,complete,Threat,NaturaPosOne,positive,one,I agree to participate,16,4,1,1,1,1,1,1,1,1,1,1,1,1,4,4,4,4,4,4,4,4,4,4,4,2,6,4,8,1,1,1,1,1,1,1,1,1,1,1,1,4,4,4,4,4,3,1,1,1,1,1.4,1,9,2,5,1,1,1,1,1,1,1,1,1,1,1,1,6,5,4,6,5.25,1,1,1,1,1,1,4,7,3,7,1,1,1,1,1,1,1,1,1,1,1,1,4,4,4,4,4,1,1,1,1,1,1,4,8,7,to check a person mental status,im not sure,41,Female,Black,no issues,"Yes, you may use my data in the research.",NA,1,1,3.8461538461538456e-4,0,0,0,FALSE,FALSE,0,FALSE
16226797,25/06/2026 08:46:02,complete,Threat,NaturaNegOne,negative,one,I agree to participate,16,4,5,4,4,4.333333333333333,5,5,5,5,5,5,5,5,3,3,3,5,3.5,4,4,4,4,4,4,2,6,4,8,3,3,3,3,4,4,4,4,4,4,4,4,3,3,3,3,3,4,4,4,4,4,4,1,9,2,5,3,3,3,3,4,4,4,4,4,4,4,4,3,5,3,3,3.5,4,4,4,4,4,4,4,7,3,7,3,3,2,2.6666666666666665,5,4,5,4.666666666666667,5,5,5,5,3,3,3,5,3.5,4,4,4,4,4,4,45,8,7,"I believe the purpose of this study was to see if people can solve problems and think clearly when they are presented with gruesome circumstances, and/or when trying to solve when they are emotional.","A lot of the images were hard to look at with a smile, and I was told tro follow insatructions.",26,Male,White,NA,"Yes, you may use my data in the research.",NA,1,1,0.3725,2.7805769230769233,0.07692307692307691,1,TRUE,TRUE,1,FALSE
16226800,25/06/2026 07:47:32,complete,Threat,NaturaPosOne,positive,one,I agree to participate,16,4,4,4,4,4,1,1,1,1,1,1,1,1,4,4,4,3,3.75,4,2,3,3,2,2.8,2,6,4,8,1,2,3,2,1,1,1,1,1,1,1,1,4,4,4,3,3.75,4,1,1,1,1,1.6,1,9,2,5,3,2,3,2.6666666666666665,1,1,1,1,1,1,2,1.3333333333333333,4,4,3,4,3.75,4,1,1,1,1,1.6,4,7,3,7,6,4,6,5.333333333333333,1,1,1,1,1,1,1,1,4,4,4,3,3.75,4,1,2,1,1,1.8,4,8,7,"To see how images change people's perspective, having math be a front for the real study.",The math would not be the main part but only a ruse.,26,Male,White,NA,"Yes, you may use my data in the research.",NA,1,1,0.6647058823529413,2.3503846153846153,0.37254901960784303,0.8846153846153845,TRUE,TRUE,0,FALSE
16226804,25/06/2026 08:46:29,complete,No threat,SmilePosOne,positive,one,I agree to participate,16,4,2,1,3,2,1,2,1,1.3333333333333333,5,6,5,5.333333333333333,3,3,2,2,2.5,6,2,1,2,5,3.2,2,6,4,8,4,3,3,3.3333333333333335,2,1,1,1.3333333333333333,5,5,6,5.333333333333333,3,4,3,2,3,6,1,1,2,5,3,1,9,2,5,2,1,3,2,5,3,4,4,5,4,6,5,3,4,3,2,3,6,1,1,3,5,3.2,4,7,3,7,4,2,3,3,1,1,1,1,4,5,5,4.666666666666667,3,3,4,2,3,6,1,1,2,5,3,4,8,7,To see how much we pay attention to simple tasks in life,To see how we react to the simple tasks,54,Male,White,NA,"Yes, you may use my data in the research.",NA,1,1,0,0,0,0,FALSE,FALSE,0,FALSE
16226806,25/06/2026 08:46:47,complete,No threat,NaturaPosOne,positive,one,I agree to participate,16,4,4,5,5,4.666666666666667,1,1,1,1,1,1,2,1.3333333333333333,5,5,6,5,5.25,2,1,1,1,1,1.2,2,6,4,8,5,5,5,5,1,1,1,1,1,1,1,1,5,6,5,5,5.25,2,1,1,1,1,1.2,1,9,2,5,6,5,6,5.666666666666667,1,1,1,1,1,1,1,1,5,6,5,5,5.25,2,1,1,1,1,1.2,4,7,3,7,6,4,6,5.333333333333333,1,1,NA,1,1,1,1,1,5,5,6,5,5.25,2,1,1,1,1,1.2,4,8,7,How outside stimuli affects our well-being and ability to do simple math problems,"That different participants were given different pictures, some pleasant and some not pleasant, as well as instructions to smile or frown and see how that affects the answers about our well-being",46,Female,White,none,"Yes, you may use my data in the research.",NA,1,1,0,3.416470588235294,0,1,TRUE,TRUE,0,TRUE
16226807,25/06/2026 08:46:49,complete,No threat,SmilePosTen,positive,ten,I agree to participate,16,4,2,1,2,1.6666666666666667,1,1,1,1,1,1,1,1,4,4,5,5,4.5,2,3,3,2,3,2.6,2,6,4,8,4,4,4,4,1,1,1,1,1,1,1,1,5,4,5,5,4.75,1,1,2,1,1,1.2,1,9,2,5,5,5,4,4.666666666666667,1,1,1,1,1,1,2,1.3333333333333333,4,4,5,5,4.5,1,1,2,1,2,1.4,4,7,3,7,4,4,4,4,1,1,1,1,1,1,2,1.3333333333333333,4,4,5,5,4.5,1,1,2,1,2,1.4,4,8,7,NA,I am not sure,40,Female,White,NA,"Yes, you may use my data in the research.",NA,1,1,0,0.8958846153846154,0,0,FALSE,FALSE,0,FALSE
16226808,25/06/2026 08:46:47,complete,No threat,SmileNegTen,negative,ten,I agree to participate,16,4,3,3,4,3.3333333333333335,1,NA,NA,1,1,1,NA,1,3,3,3,3,3,1,1,NA,NA,1,1,2,6,4,8,1,1,1,1,1,NA,1,1,1,2,2,1.6666666666666667,3,3,3,3,3,1,NA,1,1,1,1,1,9,2,5,1,1,1,1,1,1,1,1,1,1,3,1.6666666666666667,2,3,3,3,2.75,1,1,1,2,1,1.2,4,7,3,7,1,1,1,1,1,1,1,1,3,3,3,3,3,3,3,3,3,1,1,1,2,2,1.4,4,8,7,to see how negative pictures affect your mood,some pictures may be upsetting and you want to see how they affect the mood and thought process,60,Female,White,NA,"Yes, you may use my data in the research.",NA,1,0.9326923076923076,0.10693325791855204,0.32311538461538464,0.00384615384615384,0.0269230769230769,FALSE,FALSE,0,FALSE
16226809,25/06/2026 08:46:50,complete,Threat,SmilePosOne,positive,one,I agree to participate,16,4,4,4,4,4,1,1,1,1,1,1,1,1,1,1,1,1,1,7,6,6,4,7,6,2,6,4,8,4,4,4,4,1,1,1,1,1,1,1,1,1,1,1,1,1,7,6,6,6,7,6.4,1,9,2,5,4,4,4,4,1,1,1,1,1,1,1,1,1,1,1,1,1,7,6,6,6,7,6.4,4,7,3,7,4,4,4,4,1,1,1,1,1,1,1,1,1,1,1,1,1,7,6,6,6,7,6.4,4,8,7,if i actually read instructions,what it is actually about,44,Female,White,none,"Yes, you may use my data in the research.",NA,1,1,0,1.4979245283018867,0,1,FALSE,TRUE,0,FALSE
16226811,25/06/2026 08:47:04,complete,No threat,NaturaNegTen,negative,ten,I agree to participate,16,4,5,5,4,4.666666666666667,1,1,1,1,1,1,2,1.3333333333333333,6,6,6,2,5,3,1,1,1,1,1.4,2,6,4,8,3,3,3,3,1,1,1,1,1,1,2,1.3333333333333333,6,6,6,2,5,1,1,1,1,1,1,1,9,2,5,2,2,1,1.6666666666666667,5,2,2,3,2,2,3,2.3333333333333335,6,6,6,2,5,2,1,1,5,1,2,4,7,3,7,2,2,1,1.6666666666666667,4,3,1,2.6666666666666665,3,3,3,3,6,6,6,2,5,2,1,1,2,1,1.4,4,8,7,concentration and mood,monitoring human reactioin to suffering,46,Female,White,no issues,"Yes, you may use my data in the research.",NA,1,1,0.00186274509803921,0.2111474358974359,0,0.01923076923076921,FALSE,FALSE,0,FALSE
16226813,25/06/2026 08:47:11,complete,Threat,NaturaPosTen,positive,ten,I agree to participate,16,4,1,1,1,1,1,1,1,1,1,1,1,1,1,1,1,1,1,1,6,7,6,7,5.4,2,6,4,8,2,2,1,1.6666666666666667,1,1,1,1,1,1,1,1,1,1,1,1,1,1,6,6,5,7,5,1,9,2,5,4,3,5,4,1,1,1,1,1,1,1,1,1,1,1,1,1,1,6,6,5,7,5,4,7,3,7,6,4,5,5,1,1,1,1,1,1,1,1,1,1,1,1,1,1,6,7,6,7,5.4,4,8,7,To see how one reacts to things and the math equations are supposed to reset one to a neutral state I think?,"That there is some correlation between following certain instructions, doing math equations, and one's feelings.",29,Male,Asian,NA,"Yes, you may use my data in the research.",NA,1,1,0.12492271407837444,1.8869909288824385,0,0.9865384615384616,TRUE,TRUE,0,FALSE
16226814,25/06/2026 08:47:12,complete,No threat,NaturaNegTen,negative,ten,I agree to participate,16,4,1,2,2,1.6666666666666667,1,1,1,1,1,1,1,1,5,6,6,2,4.75,2,1,1,1,1,1.2,2,6,4,8,1,2,3,2,1,1,1,1,1,1,1,1,5,6,6,2,4.75,2,1,1,1,1,1.2,1,9,2,5,1,1,1,1,2,1,1,1.3333333333333333,4,3,2,3,6,6,6,2,5,2,1,1,1,1,1.2,4,7,3,7,1,1,1,1,2,2,2,2,2,1,1,1.3333333333333333,5,6,5,2,4.5,2,1,1,1,1,1.2,4,8,7,To see how multitasking impacts basic functions,eye movement was tracked,19,Female,White,none,"Yes, you may use my data in the research.",NA,1,1,6.153846153846153e-4,2.7380576923076925,0,1,TRUE,TRUE,0,FALSE
16226816,25/06/2026 08:47:22,complete,Threat,SmileNegOne,negative,one,I agree to participate,16,4,4,4,4,4,1,1,1,1,1,1,1,1,6,5,6,7,6,1,1,1,1,1,1,2,6,4,8,4,5,5,4.666666666666667,1,1,1,1,1,1,1,1,6,6,6,6,6,1,1,1,1,1,1,1,9,2,5,4,4,4,4,1,1,1,1,2,2,1,1.6666666666666667,6,6,6,6,6,1,1,1,1,1,1,4,7,3,7,4,4,4,4,1,NA,1,1,1,1,1,1,6,6,6,6,6,1,1,1,1,1,1,4,8,7,"I believe it was to see how images of happy smiling people changed my emotional  perspective on life in general and to see if my cognitive skills in math were in tune with my emotional perspective. If they were not, I believe the math test although simple would have had mistakes.",Establishing a coeficient between a cognitive skill like simple math and external stimuli.,78,Male,Mixed,NA,"Yes, you may use my data in the research.",NA,1,1,0,1.448076923076923,0,0.8269230769230771,FALSE,TRUE,0,FALSE
16226819,25/06/2026 08:47:37,complete,No threat,NaturaPosTen,positive,ten,I agree to participate,16,4,6,5,6,5.666666666666667,3,2,5,3.3333333333333335,3,6,2,3.6666666666666665,5,6,6,6,5.75,2,2,2,2,2,2,2,6,4,8,6,3,5,4.666666666666667,2,2,2,2,3,3,2,2.6666666666666665,6,6,6,6,6,2,1,2,1,1,1.4,1,9,2,5,5,6,5,5.333333333333333,3,2,3,2.6666666666666665,2,3,2,2.3333333333333335,6,6,6,6,6,2,1,2,1,2,1.6,4,8,3,7,5,6,5,5.333333333333333,3,2,2,2.3333333333333335,3,5,3,3.6666666666666665,5,6,6,5,5.5,2,2,2,2,2,2,4,8,7,facial expression,how facial expression changes with different mood,32,Male,Black,NA,"Yes, you may use my data in the research.",NA,1,1,0.07605769230769231,0.8512692307692308,0.00192307692307692,0.7230769230769231,FALSE,TRUE,1,TRUE
16226822,25/06/2026 08:47:38,complete,No threat,NaturaPosOne,positive,one,I agree to participate,16,4,1,1,1,1,1,1,1,1,1,1,1,1,3,5,6,2,4,3,2,1,3,1,2,2,6,4,8,1,1,1,1,1,1,1,1,1,1,1,1,3,4,3,2,3,3,1,1,2,1,1.6,1,9,2,5,4,4,4,4,1,1,1,1,1,1,1,1,4,4,5,3,4,3,1,1,1,1,1.4,4,7,3,7,4,4,4,4,1,1,1,1,1,1,1,1,3,5,5,2,3.75,3,1,1,1,1,1.4,4,8,7,Determined how you feel depending on your physical and mental state,not really sure,66,Female,White,"had no issues at all, though the steps were funny, so I enjoyed it !","Yes, you may use my data in the research.",NA,1,1,0.8738461538461536,1.940576923076923,0.48076923076923106,0.7692307692307692,FALSE,TRUE,0,FALSE
16226823,25/06/2026 08:47:42,complete,Threat,NaturaNegOne,negative,one,I agree to participate,16,4,2,1,2,1.6666666666666667,1,3,3,2.3333333333333335,1,1,1,1,5,5,5,3,4.5,5,2,2,4,3,3.2,2,6,4,8,4,4,5,4.333333333333333,1,1,1,1,1,1,1,1,5,5,5,3,4.5,5,2,2,4,3,3.2,1,9,2,5,1,1,1,1,6,4,4,4.666666666666667,5,5,5,5,5,5,5,3,4.5,5,2,2,4,3,3.2,4,7,3,7,1,1,1,1,3,4,1,2.6666666666666665,6,6,6,6,5,5,5,3,4.5,5,2,2,4,3,3.2,4,8,7,To see the effects of multitasking,The exercises may have been used for something else.,38,Female,White,n/a,"Yes, you may use my data in the research.",NA,1,1,0.01470588235294117,2.272941176470588,0,1,TRUE,TRUE,0,FALSE
16226824,25/06/2026 05:47:43,complete,Threat,NaturaNegOne,negative,one,I agree to participate,16,4,1,1,1,1,1,1,1,1,1,1,1,1,5,5,5,6,5.25,6,3,5,5,1,4,2,6,4,8,1,3,1,1.6666666666666667,1,1,1,1,1,1,1,1,5,5,5,5,5,7,3,3,5,1,3.8,1,9,2,5,1,1,1,1,3,2,2,2.3333333333333335,2,2,1,1.6666666666666667,5,5,5,5,5,7,3,3,5,1,3.8,4,7,3,7,1,1,1,1,3,1,1,1.6666666666666667,1,1,1,1,5,5,5,5,5,6,3,2,5,1,3.4,4,8,7,"How disturbing images affect mood, logic, emotions is my best guess.","Maybe the math problems are not even the point, rather a distraction.",40,Female,Black,none,"Yes, you may use my data in the research.",NA,1,1,0,1.8678846153846151,0,1,TRUE,TRUE,0,FALSE
16226825,25/06/2026 07:47:42,complete,No threat,NaturaPosTen,positive,ten,I agree to participate,16,4,1,2,2,1.6666666666666667,1,1,1,1,2,1,2,1.6666666666666667,6,6,6,1,4.75,4,1,1,2,1,1.8,2,6,4,8,2,2,2,2,1,1,1,1,1,1,1,1,6,6,6,1,4.75,3,1,1,1,1,1.4,1,9,2,5,1,1,1,1,1,1,1,1,4,2,3,3,6,6,6,1,4.75,3,1,1,1,1,1.4,4,7,3,7,7,7,7,7,1,1,1,1,1,1,1,1,6,6,6,1,4.75,3,1,1,1,1,1.4,4,8,7,To maybe see if different tasks had any effect on mood or how we feel about daily life.,Perhaps needing to see how being told what to do changes our mood.,38,Female,White,No issues!,"Yes, you may use my data in the research.",NA,1,0.9769230769230768,0,1.6395576923076924,0,0.9326923076923076,TRUE,TRUE,0,FALSE
16226826,25/06/2026 08:47:43,complete,No threat,SmilePosTen,positive,ten,I agree to participate,16,4,2,4,2,2.6666666666666665,1,1,1,1,1,1,1,1,4,6,6,2,4.5,3,3,1,2,1,2,2,6,4,8,4,1,4,3,1,1,1,1,1,1,1,1,6,4,5,5,5,4,1,1,2,1,1.8,1,9,2,5,4,1,4,3,1,1,1,1,1,1,1,1,5,4,6,3,4.5,3,2,1,2,1,1.8,4,7,3,7,6,1,6,4.333333333333333,1,1,1,1,1,1,1,1,4,5,6,3,4.5,4,2,1,2,1,2,4,8,7,To see how people can multitask.,To see how people can follow directions.,44,Female,White,No issues.,"Yes, you may use my data in the research.",NA,0.9961538461538462,1,0.653673076923077,2.871653846153846,0.01923076923076921,0.9115384615384616,TRUE,TRUE,0,FALSE
16226827,25/06/2026 08:47:45,complete,Threat,SmilePosOne,positive,one,I agree to participate,16,4,1,2,2,1.6666666666666667,1,1,1,1,1,1,1,1,6,6,7,3,5.5,1,1,1,1,1,1,2,6,4,8,2,2,2,2,1,1,1,1,1,1,1,1,6,6,7,3,5.5,1,1,1,1,1,1,1,9,2,5,3,4,4,3.6666666666666665,1,1,1,1,2,2,2,2,6,6,7,3,5.5,1,1,1,1,1,1,4,7,3,7,5,5,5,5,1,1,1,1,1,1,1,1,6,6,7,3,5.5,1,1,1,1,1,1,4,8,7,"You got me on this. I didn't feel anything strongly, to be honest, but I think you were trying to stimulate my emotions in the action requests (actively) and the images I viewed (passively), then activate a different part of my brain with math problems, then test how I felt in that moment, to see if my emotional state could be altered through the visual cortex or the part of the brain that handles movement of my body. I think three different parts of my brain were activated here...","Which parts of the brain are being stimulated during this survey (including typing, looking, moving body parts, evaluating my inner emotional state, problem-solving math numbers, identifying symbols (numbers and operations), etc...",59,Male,White,NA,"Yes, you may use my data in the research.",NA,1,1,0.24384615384615385,2.8423529411764705,0,0.9803921568627452,TRUE,TRUE,0,FALSE
16226829,25/06/2026 08:47:48,complete,No threat,NaturaPosOne,positive,one,I agree to participate,16,4,3,1,2,2,1,1,1,1,1,1,1,1,1,1,1,1,1,4,2,2,2,3,2.6,2,6,4,8,1,1,2,1.3333333333333333,1,1,1,1,1,1,1,1,1,1,1,1,1,4,2,2,1,3,2.4,1,9,2,5,7,3,7,5.666666666666667,1,1,1,1,1,1,1,1,1,1,1,1,1,4,2,2,1,3,2.4,4,7,3,7,2,2,2,2,1,1,1,1,1,1,1,1,1,1,1,1,1,4,2,2,1,3,2.4,4,8,7,to see how easy or hard it is for people to keep focus and solve a mathmatical problem when also engaging in other stimuli..,maybe that this study has nothing to do with math at all??,30,Female,White,"i did not have any issues that i am aware of, however i would like to add that while the video feed is a nice touch for giving us a moment to memorize the instructions & practice the tasks, once clicking on next to actually perform the task for the camera it starts IMMEDIATELY.. i was unaware that would be the case, so i think in one of them i may have been a bit off. there should have been an option to ""start task"" on that second page so that you didnt risk recording a bunch of ""nothing"" from multiple participants. cool study tho!! thanks!","Yes, you may use my data in the research.",NA,1,1,0,1.8132692307692309,0.03846153846153844,1,TRUE,TRUE,0,FALSE
16226831,25/06/2026 08:48:01,complete,Threat,SmileNegOne,negative,one,I agree to participate,16,4,1,6,5,4,1,1,1,1,1,1,1,1,5,5,6,6,5.5,1,1,1,1,1,1,2,6,4,8,5,5,5,5,1,1,1,1,1,1,1,1,6,6,6,6,6,1,1,1,1,1,1,1,9,2,5,1,1,1,1,1,1,1,1,1,1,1,1,6,5,6,6,5.75,1,1,1,1,1,1,4,7,3,7,1,1,1,1,1,1,1,1,1,1,1,1,6,6,6,6,6,1,1,1,1,1,1,4,8,7,I think the study is trying to determine if certain images effect our behavior. But I'm not really suer what the study was about.,NA,47,Female,Mixed,I didn't experience any issues during the study.,"Yes, you may use my data in the research.",NA,1,1,0,0.2321153846153846,0,0.13461538461538447,FALSE,FALSE,0,FALSE
16226832,25/06/2026 08:48:08,complete,Threat,NaturaPosTen,positive,ten,I agree to participate,16,4,1,3,3,2.3333333333333335,1,1,1,1,1,1,1,1,3,3,3,1,2.5,5,5,5,5,5,5,2,6,4,8,4,1,4,3,1,1,1,1,1,1,1,1,2,2,2,2,2,5,5,5,5,5,5,1,9,2,5,4,1,1,2,1,1,1,1,2,2,3,2.3333333333333335,2,2,2,1,1.75,5,5,5,5,5,5,4,7,3,7,6,7,6,6.333333333333333,1,1,1,1,1,1,1,1,3,3,3,3,3,5,5,5,5,5,5,4,8,7,to see if it would be hard to focus after doing physical task that had nothing to do with math in anyway,Could be to see human reaction to certain images,43,Female,Black,NA,"Yes, you may use my data in the research.",NA,1,1,0.8843254716981132,2.3756346153846155,0.4115384615384615,0.9865384615384616,FALSE,TRUE,0,FALSE
16226833,25/06/2026 08:48:13,complete,Threat,SmileNegTen,negative,ten,I agree to participate,16,4,4,4,4,4,4,4,4,4,5,4,5,4.666666666666667,4,4,4,4,4,5,5,5,5,5,5,2,6,4,8,4,4,4,4,4,4,4,4,4,4,4,4,4,4,4,4,4,5,5,5,5,5,5,1,9,2,5,3,4,2,3,5,4,4,4.333333333333333,5,6,6,5.666666666666667,4,4,4,4,4,5,5,5,5,5,5,4,7,3,7,4,4,3,3.6666666666666665,4,4,4,4,5,6,5,5.333333333333333,4,4,4,4,4,5,5,5,5,5,5,4,8,7,"Watch facial mannerisms after prompting, and cleansing palate with math",The content of the images was shocking,29,Gender variant / non-conforming,Mixed,The instructions in the second exercise were unclear,"Yes, you may use my data in the research.",NA,1,1,0.19847931785195935,0.15128846153846154,0.3371915820029028,0.03076923076923075,FALSE,FALSE,0,FALSE
16226836,25/06/2026 07:48:33,complete,Threat,SmilePosTen,positive,ten,I agree to participate,16,4,2,1,3,2,3,4,3,3.3333333333333335,3,2,1,2,7,6,6,6,6.25,6,2,1,3,2,2.8,2,6,4,8,3,5,2,3.3333333333333335,1,2,2,1.6666666666666667,1,1,1,1,7,6,6,6,6.25,4,1,1,1,1,1.6,1,9,2,5,5,3,5,4.333333333333333,1,1,2,1.3333333333333333,1,2,2,1.6666666666666667,7,6,6,6,6.25,4,1,1,1,1,1.6,4,7,3,7,5,5,6,5.333333333333333,1,4,4,3,2,2,1,1.6666666666666667,7,6,6,6,6.25,4,1,1,1,1,1.6,5,8,7,Assessing whether smiling and looking as positive pictures aids in how we feel about ourselves and our life,"The purpose is not necessarily related to math and our performance, but rather our self-esteem related to our movements.",25,Female,Asian,NA,"Yes, you may use my data in the research.",NA,1,1,0.7251538461538461,2.8067884615384617,0.3423076923076923,1,TRUE,TRUE,1,TRUE
16226837,25/06/2026 08:48:35,complete,No threat,NaturaNegOne,negative,one,I agree to participate,16,4,1,2,1,1.3333333333333333,NA,1,2,1.5,2,1,2,1.6666666666666667,4,5,4,2,3.75,5,4,4,5,4,4.4,2,6,NA,8,2,3,4,3,2,2,2,2,2,2,2,2,5,5,4,2,4,4,4,4,4,3,3.8,1,9,2,5,2,2,2,2,4,3,2,3,4,4,4,4,5,5,4,2,4,4,3,4,3,3,3.4,4,7,3,7,2,2,2,2,2,2,2,2,2,2,2,2,4,5,4,2,3.75,5,4,4,4,4,4.2,4,8,NA,to see if a persons mood can be temporarily swayed,what the real point of the physical exercises were,54,Male,White,none,"Yes, you may use my data in the research.",NA,1,1,0,0,0,0,FALSE,FALSE,2,FALSE
16226838,25/06/2026 08:48:15,complete,No threat,NaturaPosTen,positive,ten,I agree to participate,16,4,1,1,1,1,1,1,1,1,1,1,1,1,1,3,4,4,3,1,3,1,3,1,1.8,2,6,4,8,1,1,1,1,1,1,1,1,3,2,2,2.3333333333333335,1,3,4,7,3.75,1,1,1,1,1,1,1,9,2,5,1,1,1,1,1,1,1,1,5,3,5,4.333333333333333,1,3,4,7,3.75,1,1,1,1,1,1,4,7,3,7,1,2,1,1.3333333333333333,1,1,1,1,1,1,2,1.3333333333333333,1,2,4,7,3.5,1,1,1,1,1,1,4,8,7,"The impact of pleasant images and minor commands on one's self-image, i.e., an utter delusion.",Something beyond my immediate comprehension.,34,Male,White,"I initially thought the images of the actors for me to imitate would appear on the screen, hence the delay in my smiling.","Yes, you may use my data in the research.",NA,1,1,2.8737300435413646e-4,0.9920518867924528,0,0.7471698113207548,FALSE,TRUE,0,FALSE
16226839,25/06/2026 08:49:21,complete,No threat,SmilePosTen,positive,ten,I agree to participate,16,4,1,2,2,1.6666666666666667,1,1,1,1,2,2,4,2.6666666666666665,5,2,6,7,5,6,2,1,1,4,2.8,2,6,4,8,7,7,4,6,1,1,1,1,1,1,1,1,3,1,6,NA,3.3333333333333335,5,2,1,1,4,2.6,1,9,2,5,7,5,7,6.333333333333333,1,1,1,1,1,1,1,1,2,2,6,7,4.25,6,1,1,1,4,2.6,4,7,3,7,7,6,7,6.666666666666667,1,1,1,1,1,1,1,1,2,1,5,7,3.75,5,2,1,1,4,2.6,4,8,7,Hm. Perhaps to test natural reactions vs forced/controlled.,NA,33,Female,White,NA,"Yes, you may use my data in the research.",NA,0.6291897891231965,0.5734034833091437,1.125462655454054,1.5257380261248186,0.3948476052249637,0.5526124818577649,FALSE,FALSE,0,FALSE
16226842,25/06/2026 08:48:52,complete,Threat,NaturaNegOne,negative,one,I agree to participate,16,4,7,6,6,6.333333333333333,1,1,1,1,1,1,1,1,5,6,6,7,6,1,1,1,1,1,1,2,6,4,8,7,1,7,5,1,1,1,1,1,1,1,1,4,5,6,7,5.5,1,1,1,1,1,1,1,9,2,5,7,7,7,7,1,1,1,1,1,1,1,1,7,6,6,7,6.5,1,1,1,1,1,1,4,7,3,7,7,7,7,7,NA,1,1,1,1,1,1,1,6,7,6,4,5.75,3,1,1,1,1,1.4,4,8,7,see how movements effect poeple,NA,28,Female,Black,NA,"Yes, you may use my data in the research.",NA,1,0.7647058823529411,0.18784313725490195,0.6594117647058821,0.6666666666666666,0.31372549019607837,FALSE,FALSE,0,FALSE
16226843,25/06/2026 08:48:54,complete,No threat,NaturaPosTen,positive,ten,I agree to participate,16,4,4,5,5,4.666666666666667,1,1,1,1,1,1,1,1,7,7,7,6,6.75,1,1,1,1,1,1,2,6,4,8,4,6,6,5.333333333333333,1,1,1,1,1,1,1,1,7,7,7,6,6.75,1,1,1,1,1,1,1,9,2,5,7,7,7,7,1,1,1,1,1,1,1,1,7,7,7,6,6.75,1,1,1,1,1,1,4,7,3,7,7,7,7,7,1,1,1,1,1,1,1,1,7,7,7,6,6.75,1,1,1,1,1,1,4,8,7,Unknown.,I'm geninuely not certain.,48,Male,White,None.,"Yes, you may use my data in the research.",NA,0.9942307692307693,0.9942307692307693,1.330596153846154,1.2794038461538462,0.8423076923076923,0.9423076923076924,FALSE,FALSE,0,FALSE
16226844,25/06/2026 08:48:55,complete,Threat,NaturaPosTen,positive,ten,I agree to participate,16,4,4,4,3,3.6666666666666665,1,1,1,1,1,1,1,1,4,4,4,1,3.25,4,5,4,6,5,4.8,2,6,4,8,5,4,4,4.333333333333333,1,1,1,1,1,1,1,1,4,4,4,1,3.25,4,5,5,5,5,4.8,1,9,2,5,2,2,2,2,1,1,1,1,2,2,3,2.3333333333333335,4,4,4,1,3.25,4,5,5,6,6,5.2,4,7,3,7,4,4,4,4,1,1,1,1,1,1,1,1,4,4,4,1,3.25,4,4,4,5,5,4.4,4,8,7,Perhaps how body movement impacts mood,I'm assuming there are additional details in regards to the purpose of the study.,36,Male,White,I personally encountered zero issues.,"Yes, you may use my data in the research.",NA,1,1,1.2282115384615384,1.0915384615384616,0.8865384615384615,0.8288461538461538,FALSE,FALSE,0,FALSE
16226845,25/06/2026 07:48:52,complete,Threat,NaturaPosOne,positive,one,I agree to participate,16,4,2,1,1,1.3333333333333333,1,1,1,1,2,1,2,1.6666666666666667,7,7,NA,7,7,2,1,1,1,1,1.2,2,6,4,8,3,3,3,3,1,1,1,1,1,1,1,1,7,7,7,7,7,1,1,1,1,1,1,1,9,2,5,3,3,3,3,1,1,1,1,1,1,1,1,7,7,7,7,7,1,1,1,1,1,1,4,7,3,7,5,6,6,5.666666666666667,1,1,1,1,1,1,1,1,7,7,7,7,7,1,1,1,1,1,1,4,8,7,Effect of body movements on math competency,Perhaps how mood impacts math abilities,53,Male,White,No issues,"Yes, you may use my data in the research.",NA,1,1,0,1.500576923076923,0,0.8461538461538463,TRUE,TRUE,0,FALSE
16226846,25/06/2026 07:48:14,complete,Threat,NaturaPosOne,positive,one,I agree to participate,16,4,2,4,2,2.6666666666666665,2,1,1,1.3333333333333333,1,3,1,1.6666666666666667,5,5,6,4,5,2,1,1,1,1,1.2,2,6,4,8,3,3,3,3,1,1,1,1,1,1,1,1,5,5,5,3,4.5,1,1,1,1,1,1,1,9,2,5,3,4,2,3,NA,1,1,1,1,1,1,1,5,5,5,3,4.5,1,1,1,1,1,1,4,7,3,7,5,4,3,4,NA,1,1,1,1,2,2,1.6666666666666667,5,5,5,3,4.5,1,1,1,1,1,1,4,8,7,probably AI training and if respondents follow instructions,i cannot guess,29,Male,White,NA,"Yes, you may use my data in the research.",NA,1,1,0.28134615384615386,2.411153846153846,0,1,TRUE,TRUE,0,FALSE
16226848,25/06/2026 08:49:02,complete,Threat,NaturaPosTen,positive,ten,I agree to participate,16,4,1,1,1,1,1,1,1,1,4,3,4,3.6666666666666665,7,6,7,7,6.75,6,1,1,1,1,2,2,6,4,8,4,5,4,4.333333333333333,1,1,1,1,1,1,2,1.3333333333333333,7,6,7,7,6.75,3,1,1,1,1,1.4,1,9,2,5,5,1,5,3.6666666666666665,1,1,1,1,3,3,3,3,7,6,7,7,6.75,3,1,1,1,1,1.4,4,7,3,7,6,1,6,4.333333333333333,1,1,1,1,1,1,1,1,7,6,7,7,6.75,6,1,1,1,1,2,4,8,7,"how images affect your mood. loved the puppies, kittens & flowers :)",something to do with the affect on us of controlling our facial features v. not?,51,Female,White,NA,"Yes, you may use my data in the research.",NA,1,1,1.3035370101596515,2.519063497822932,0.6226415094339622,0.9905660377358492,FALSE,FALSE,0,TRUE
16226852,25/06/2026 07:48:09,complete,No threat,SmileNegTen,negative,ten,I agree to participate,16,4,1,2,2,1.6666666666666667,1,1,1,1,1,1,1,1,7,7,7,7,7,1,1,1,1,1,1,2,6,4,8,1,7,1,3,1,1,1,1,1,1,1,1,7,7,7,7,7,1,1,1,1,1,1,1,9,2,5,1,1,1,1,3,1,1,1.6666666666666667,2,2,3,2.3333333333333335,7,7,7,7,7,1,1,1,1,1,1,4,7,3,7,1,1,1,1,2,1,1,1.3333333333333333,2,2,2,2,7,7,7,7,7,1,1,1,1,1,1,4,8,7,not sure,not sure,53,Female,Mixed,none,"Yes, you may use my data in the research.",NA,1,1,0,1.4675686274509805,0,0.9627450980392156,FALSE,TRUE,0,FALSE
16226853,25/06/2026 08:49:13,complete,No threat,SmileNegTen,negative,ten,I agree to participate,16,4,4,4,4,4,4,4,4,4,4,4,4,4,5,4,5,4,4.5,4,4,4,4,4,4,2,6,4,8,4,4,4,4,3,4,4,3.6666666666666665,3,4,4,3.6666666666666665,5,5,4,5,4.75,3,4,4,3,3,3.4,1,9,2,5,3,3,3,3,3,3,3,3,3,3,3,3,4,4,5,5,4.5,4,5,5,5,5,4.8,4,7,3,7,2,2,2,2,2,2,2,2,2,2,2,2,4,5,4,5,4.5,2,4,3,3,3,3,4,8,7,Study body movements in relation to math problems.,I have no idea.,60,Female,White,NA,"Yes, you may use my data in the research.",NA,0.9725867269984916,0.8749245852187029,0.02908107088989442,1.829838612368024,0.10064102564102562,0.8345776772247361,TRUE,TRUE,0,FALSE
16226856,25/06/2026 07:49:23,complete,Threat,NaturaNegTen,negative,ten,I agree to participate,16,4,1,1,1,1,1,1,1,1,2,1,2,1.6666666666666667,2,3,2,1,2,6,5,5,5,5,5.2,2,6,4,8,1,1,1,1,1,1,1,1,2,1,2,1.6666666666666667,2,3,2,1,2,6,5,5,4,5,5,1,9,2,5,1,1,1,1,4,2,2,2.6666666666666665,6,6,6,6,2,3,2,1,2,6,5,5,4,5,5,4,7,3,7,1,1,1,1,4,2,2,2.6666666666666665,5,5,5,5,2,3,2,1,2,6,5,5,4,5,5,4,8,7,NA,I am not sure.,24,Female,White,NA,"Yes, you may use my data in the research.",NA,1,1,0,2.8779423076923076,0,1,TRUE,TRUE,0,FALSE
16226857,25/06/2026 07:49:23,complete,Threat,SmilePosTen,positive,ten,I agree to participate,16,4,2,2,2,2,3,2,2,2.3333333333333335,5,4,4,4.333333333333333,2,3,3,3,2.75,5,3,3,3,3,3.4,2,6,4,8,2,2,2,2,3,2,2,2.3333333333333335,2,2,2,2,2,2,2,2,2,2,2,2,2,2,2,1,9,2,5,3,6,3,4,3,2,1,2,3,2,3,2.6666666666666665,3,3,3,3,3,5,3,2,2,2,2.8,4,7,3,7,3,2,2,2.3333333333333335,3,2,3,2.6666666666666665,2,2,2,2,2,2,2,2,2,2,2,3,2,2,2.2,4,8,7,no idea,i dont know,31,Female,White,NA,"Yes, you may use my data in the research.",NA,1,0.9824283559577678,0.2499917043740573,0.7285788084464555,0.09423076923076924,0.34532428355957767,FALSE,FALSE,0,FALSE
16226860,25/06/2026 08:49:27,complete,No threat,SmilePosOne,positive,one,I agree to participate,16,4,1,1,2,1.3333333333333333,1,1,1,1,2,1,3,2,6,6,6,3,5.25,5,2,1,3,1,2.4,2,6,4,8,2,2,2,2,1,1,1,1,1,1,1,1,6,6,6,3,5.25,4,1,1,1,1,1.6,1,9,2,5,4,5,4,4.333333333333333,1,1,1,1,1,1,1,1,6,6,6,3,5.25,4,1,1,1,1,1.6,4,7,3,7,3,4,3,3.3333333333333335,1,1,1,1,1,1,1,1,6,6,6,3,5.25,4,1,1,1,1,1.6,4,8,7,"Based off of photos shown, what your natural change in emotions were.",NA,27,Female,White,NA,"Yes, you may use my data in the research.",NA,1,1,0.68,3.392692307692308,0,1,TRUE,TRUE,0,FALSE
16226862,25/06/2026 08:49:33,complete,No threat,SmilePosOne,positive,one,I agree to participate,16,4,1,1,1,1,1,1,1,1,1,1,2,1.3333333333333333,6,4,6,3,4.75,4,4,2,3,2,3,2,6,4,8,1,1,1,1,1,1,1,1,1,1,1,1,5,4,5,3,4.25,3,3,2,3,2,2.6,1,9,2,5,4,3,3,3.3333333333333335,1,1,1,1,1,1,1,1,5,3,5,3,4,4,3,2,4,2,3,4,7,3,7,6,6,6,6,1,1,1,1,1,1,1,1,6,5,6,3,5,3,3,1,4,1,2.4,4,8,7,to see if images adjusted my outlook on life,That what you are surrounded by can affect your outlook.,52,Female,White,none,"Yes, you may use my data in the research.",NA,1,1,3.0761538461538462,3.173076923076923,1,1,FALSE,FALSE,0,FALSE
16226863,25/06/2026 07:49:36,complete,Threat,NaturaPosTen,positive,ten,I agree to participate,16,4,4,4,4,4,4,4,1,3,1,4,1,2,7,7,7,4,6.25,4,1,1,1,1,1.6,2,6,4,8,4,4,4,4,1,1,1,1,1,1,1,1,7,7,7,4,6.25,4,1,1,1,1,1.6,1,9,2,5,4,4,4,4,1,1,1,1,1,1,1,1,7,7,7,4,6.25,4,1,1,1,1,1.6,4,7,3,7,4,4,4,4,1,1,1,1,1,1,1,1,7,7,7,4,6.25,4,1,1,1,1,1.6,4,8,7,to see if you could follow directions,not sure,46,Female,Black,none,"Yes, you may use my data in the research.",NA,0.0193815987933635,1,0,1.3334200603318251,0,0.9882352941176472,FALSE,FALSE,0,FALSE
16226866,25/06/2026 07:49:47,complete,Threat,NaturaPosOne,positive,one,I agree to participate,16,4,4,5,4,4.333333333333333,1,5,5,3.6666666666666665,1,1,1,1,6,6,7,7,6.5,3,1,1,1,1,1.4,2,6,6,8,6,4,7,5.666666666666667,1,1,1,1,1,1,1,1,7,6,6,7,6.5,2,1,1,1,1,1.2,1,9,2,5,7,6,6,6.333333333333333,1,1,1,1,1,1,1,1,6,7,6,7,6.5,2,1,1,1,1,1.2,4,7,3,7,7,6,7,6.666666666666667,1,1,1,1,1,1,1,1,6,6,7,7,6.5,3,1,1,1,1,1.4,4,8,7,"Probably 2 folds, see if weird activities and photos shown can change your mood and how you're feeling, and if it would affect your ability to solve simple math problems.","I'm sure there are, most studies do not disclose all of the details and purpose of a study to the people participating, that is to keep the study as honest as possible. So complete honesty I am uncertain of the purpose beyond what I read and completed, and to try and guess I don't think would provide good results. Because if I've learned anything about studies, it's most of the time it's not anything you've thought of.",38,Female,White,"No issues, except the very first recording I did not realize it would start recording the second I hit next, I assumed it would give me 1 or 2 seconds or like a ready set go screen, so my first activity is slightly delayed, for that I am sorry. But no other issues, enjoyed the study.","Yes, you may use my data in the research.",NA,1,1,0,1.4834615384615384,0,1,FALSE,TRUE,1,FALSE
16226868,25/06/2026 07:49:51,complete,No threat,SmileNegOne,negative,one,I agree to participate,16,4,4,2,4,3.3333333333333335,1,1,1,1,1,1,4,2,7,7,7,7,7,4,1,1,1,1,1.6,2,6,4,8,3,3,2,2.6666666666666665,1,1,1,1,2,1,2,1.6666666666666667,7,7,7,7,7,3,1,1,1,1,1.4,1,9,2,5,3,4,5,4,1,1,1,1,1,1,1,1,7,7,7,7,7,4,1,1,1,1,1.6,4,7,3,7,3,4,4,3.6666666666666665,1,1,1,1,1,2,3,2,7,7,7,7,7,3,1,1,1,1,1.4,4,8,7,If doing random tasks while solving equations was distracting or affected my mood.,That the actions didn't have anything to do with the purpose of the study,36,Male,White,No issues were experienced,"Yes, you may use my data in the research.",NA,1,1,0.00392156862745098,2.7505882352941176,0,1,TRUE,TRUE,0,FALSE
16226869,25/06/2026 08:49:53,complete,Threat,SmilePosOne,positive,one,I agree to participate,16,4,1,1,2,1.3333333333333333,1,1,1,1,1,1,3,1.6666666666666667,4,4,4,7,4.75,2,3,3,4,6,3.6,2,6,4,8,2,2,2,2,1,1,1,1,2,1,2,1.6666666666666667,4,4,4,7,4.75,2,4,4,4,6,4,19,NA,2,5,1,2,1,1.3333333333333333,1,1,1,1,2,1,2,1.6666666666666667,4,4,4,7,4.75,2,4,4,4,6,4,4,7,3,7,3,2,2,2.3333333333333335,1,1,1,1,2,1,2,1.6666666666666667,4,4,4,7,4.75,2,4,4,4,6,4,4,8,7,How distractions might alter answers about one's state of mind,No idea :P,56,Male,White,No issues,"Yes, you may use my data in the research.",NA,1,1,0.4946153846153846,2.044423076923077,0,0.9807692307692308,TRUE,TRUE,2,FALSE
16226870,25/06/2026 08:49:55,complete,No threat,NaturaNegOne,negative,one,I agree to participate,16,4,2,2,2,2,5,5,5,5,1,1,2,1.3333333333333333,5,4,5,1,3.75,5,4,3,4,3,3.8,2,6,4,8,1,2,3,2,1,1,1,1,1,1,1,1,3,5,2,1,2.75,3,3,2,3,2,2.6,1,9,2,5,1,1,1,1,3,2,2,2.3333333333333335,2,1,4,2.3333333333333335,3,4,2,1,2.5,3,3,2,3,2,2.6,4,7,3,7,1,1,1,1,2,2,2,2,1,1,1,1,4,3,4,1,3,5,3,2,3,2,3,4,8,7,psycology,not sure,26,Female,Other,no issues,"Yes, you may use my data in the research.",NA,1,1,0.2225,0.9701923076923076,0,0.5576923076923076,FALSE,TRUE,0,FALSE
16226872,25/06/2026 08:50:00,complete,No threat,NaturaPosOne,positive,one,I agree to participate,16,4,1,1,1,1,1,1,1,1,1,1,2,1.3333333333333333,5,5,3,3,4,1,3,3,2,3,2.4,2,6,4,8,1,1,1,1,1,1,1,1,2,2,2,2,5,5,5,3,4.5,1,3,3,3,3,2.6,1,9,2,5,1,1,1,1,1,1,1,1,2,1,2,1.6666666666666667,5,5,5,3,4.5,1,3,3,3,3,2.6,4,7,3,7,1,1,1,1,1,1,1,1,1,1,1,1,5,5,5,3,4.5,1,3,3,3,3,2.6,4,8,7,to see if AI can pick up on what im doing on the camera,that AI is involved,36,Male,White,NA,"Yes, you may use my data in the research.",NA,1,1,0,2.535686274509804,0,1,TRUE,TRUE,0,FALSE
16226876,25/06/2026 08:50:12,complete,Threat,NaturaNegOne,negative,one,I agree to participate,16,4,1,1,1,1,1,1,1,1,1,1,1,1,6,5,6,7,6,1,1,1,1,1,1,2,6,4,8,1,1,1,1,1,1,1,1,1,1,1,1,5,6,6,7,6,1,1,1,1,1,1,1,9,2,5,1,1,1,1,1,1,1,1,1,1,1,1,6,6,5,7,6,1,1,1,1,1,1,4,7,3,7,1,1,1,1,1,1,1,1,1,1,1,1,5,6,6,NA,5.666666666666667,1,1,1,1,1,1,4,8,7,I literally have no idea,if we are consistent with how we see our lives?,45,Female,Mixed,no issues,"Yes, you may use my data in the research.",NA,1,1,7.692307692307694e-4,0.07653846153846158,0,0.03846153846153843,FALSE,FALSE,0,FALSE
16226877,25/06/2026 08:50:15,complete,No threat,SmileNegTen,negative,ten,I agree to participate,16,4,4,5,4,4.333333333333333,3,2,2,2.3333333333333335,6,6,4,5.333333333333333,7,5,6,4,5.5,5,2,2,4,4,3.4,2,6,4,8,3,3,4,3.3333333333333335,1,1,1,1,4,4,5,4.333333333333333,5,4,5,3,4.25,2,3,3,4,3,3,1,9,2,5,5,4,5,4.666666666666667,1,1,1,1,3,3,3,3,5,5,5,3,4.5,3,2,2,2,2,2.2,4,7,3,7,3,2,3,2.6666666666666665,4,2,3,3,6,5,5,5.333333333333333,5,5,5,2,4.25,2,3,1,4,3,2.6,4,8,7,To see how i was going to respond to the violence and mistreatment of animals,Not sure,46,Male,White,Not sure if i blinked enough on the first tasked. Was waiting to see a timer. Didint know it was the flashing 1-5,"Yes, you may use my data in the research.",NA,1,1,0.02894230769230769,1.428826923076923,0,0.9903846153846154,FALSE,TRUE,0,FALSE
16226878,25/06/2026 08:50:22,complete,Threat,SmilePosTen,positive,ten,I agree to participate,16,4,2,2,4,2.6666666666666665,1,1,1,1,1,1,1,1,5,5,5,3,4.5,5,1,1,1,3,2.2,2,6,4,8,3,2,3,2.6666666666666665,1,1,1,1,1,1,1,1,5,5,5,2,4.25,4,1,1,1,1,1.6,1,9,2,5,5,5,6,5.333333333333333,1,1,1,1,1,1,1,1,5,5,5,3,4.5,4,1,1,1,2,1.8,4,7,3,7,5,5,6,5.333333333333333,1,1,1,1,1,1,1,1,6,5,6,2,4.75,3,1,1,1,1,1.4,4,8,7,To determine whether or not forcefully smiling will make people feel happier.,To see if making someone smile on purpose and letting them naturally have facial expressions will change someone's mood or outlook on their life.,30,Female,White,"There was one set where I wasn't sure if I understood the instructions. It was the one that mentioned to attempt to not control my natural facial expressions and not to follow what the actors did in the images but I was naturally smiling at the images being shown. That's how I understood the instructions, as just letting my face do whatever it wanted and not control it to have a neutral face. I'm not sure if I performed that correctly, but I believe I did.","Yes, you may use my data in the research.",NA,1,1,1.066423076923077,2.8624593613933236,0.6634615384615384,1,TRUE,FALSE,0,TRUE
16226879,25/06/2026 08:50:27,complete,Threat,SmilePosOne,positive,one,I agree to participate,16,4,3,4,2,3,2,1,1,1.3333333333333333,2,2,2,2,2,2,3,1,2,3,4,4,4,4,3.8,2,6,4,8,2,4,2,2.6666666666666665,2,1,1,1.3333333333333333,3,3,3,3,1,1,2,1,1.25,2,4,4,4,4,3.6,1,9,2,5,3,4,2,3,1,1,1,1,3,3,3,3,2,1,2,1,1.5,2,4,4,4,4,3.6,4,7,3,7,3,4,3,3.3333333333333335,2,1,1,1.3333333333333333,4,3,3,3.3333333333333335,1,2,2,1,1.5,2,4,4,4,4,3.6,4,8,7,Absolutely no idea.,I have no idea.,41,Male,White,NA,"Yes, you may use my data in the research.",NA,1,1,0.3073076923076923,1.853076923076923,0,1,TRUE,TRUE,0,FALSE
16226880,25/06/2026 08:50:31,complete,Threat,NaturaNegTen,negative,ten,I agree to participate,16,4,4,4,4,4,1,1,1,1,1,1,1,1,7,6,7,5,6.25,1,1,1,1,1,1,2,6,4,8,1,1,1,1,1,1,1,1,1,1,1,1,6,7,7,6,6.5,1,1,1,1,1,1,1,9,2,5,1,1,1,1,6,2,3,3.6666666666666665,5,2,1,2.6666666666666665,6,7,7,6,6.5,1,1,1,1,1,1,4,7,3,7,1,1,1,1,5,1,2,2.6666666666666665,1,2,1,1.3333333333333333,6,6,7,7,6.5,1,1,1,1,1,1,4,8,7,To see how pictures can affect one's feelings and attitudes towards themselves.,I can't even imagine.,54,Female,White,NA,"Yes, you may use my data in the research.",NA,1,1,0.00234615384615384,0.08636538461538461,0,0,FALSE,FALSE,0,FALSE
16226882,25/06/2026 07:50:43,complete,No threat,NaturaPosOne,positive,one,I agree to participate,16,4,5,5,5,5,6,4,4,4.666666666666667,4,4,4,4,5,5,5,5,5,3,3,3,3,2,2.8,2,6,4,8,4,6,5,5,4,5,4,4.333333333333333,4,5,5,4.666666666666667,5,4,5,3,4.25,3,3,4,2,2,2.8,1,9,2,6,5,5,6,5.333333333333333,4,5,5,4.666666666666667,4,4,4,4,5,5,5,4,4.75,2,2,3,3,2,2.4,4,7,3,7,5,5,5,5,5,4,4,4.333333333333333,4,4,4,4,4,4,5,5,4.5,3,3,3,3,3,3,4,8,7,NA,i do not really know,62,Male,Black,page delayed a little in loading,"Yes, you may use my data in the research.",NA,1,1,0.6772549019607843,4.01,0.4901960784313725,1,TRUE,TRUE,1,FALSE
16226885,25/06/2026 08:50:49,complete,No threat,SmileNegOne,negative,one,I agree to participate,16,4,4,2,1,2.3333333333333335,1,1,1,1,3,1,2,2,4,5,5,4,4.5,5,2,1,2,2,2.4,2,6,4,8,4,2,1,2.3333333333333335,1,1,1,1,4,1,6,3.6666666666666665,5,4,5,4,4.5,5,2,1,2,2,2.4,1,9,2,5,4,1,2,2.3333333333333335,1,1,1,1,2,1,4,2.3333333333333335,5,4,5,4,4.5,5,2,1,2,2,2.4,4,7,3,7,4,5,4,4.333333333333333,1,1,1,1,1,1,1,1,5,4,5,4,4.5,5,2,1,2,2,2.4,4,8,7,To analyze how distractions impact how people multi-task?,I'm not sure; maybe that each subject was told a different physical task or that there were a range of how hard the math problems were?,33,Transgender Male,White,Nothing at this time!,"Yes, you may use my data in the research.",NA,1,1,0.0076923076923077,1.5382692307692307,0.01923076923076921,1,TRUE,TRUE,0,FALSE
16226886,25/06/2026 07:50:53,complete,Threat,NaturaNegTen,negative,ten,I agree to participate,16,4,1,1,2,1.3333333333333333,1,1,1,1,1,1,1,1,6,6,7,6,6.25,2,1,1,1,1,1.2,2,6,4,8,1,2,1,1.3333333333333333,1,1,1,1,1,1,1,1,6,6,7,6,6.25,2,1,1,1,1,1.2,1,9,2,5,1,1,1,1,2,1,1,1.3333333333333333,1,1,1,1,6,6,7,6,6.25,2,1,1,1,1,1.2,4,7,3,7,1,1,1,1,2,1,1,1.3333333333333333,1,1,1,1,6,6,7,6,6.25,2,1,1,1,1,1.2,4,8,7,Reactions to bad images,Not sure,28,Female,White,None!,"Yes, you may use my data in the research.",NA,1,1,0.10323076923076922,0.7376923076923078,0.03076923076923077,0.2884615384615385,FALSE,FALSE,0,FALSE
16226887,25/06/2026 08:51:01,complete,No threat,SmilePosTen,positive,ten,I agree to participate,16,4,1,1,1,1,1,1,1,1,3,1,3,2.3333333333333335,3,2,2,2,2.25,4,4,4,5,4,4.2,2,6,4,8,1,1,1,1,1,1,1,1,1,1,1,1,2,3,2,2,2.25,3,2,2,3,3,2.6,1,9,2,5,1,1,1,1,1,1,1,1,1,1,1,1,3,2,3,2,2.5,3,3,3,3,5,3.4,4,7,3,7,1,1,1,1,1,1,1,1,1,1,1,1,2,3,3,3,2.75,3,3,2,2,3,2.6,4,8,7,no idea,no idea,61,Male,White,none,"Yes, you may use my data in the research.",NA,1,1,1.1538461538461544e-4,0.09251923076923076,0,0,FALSE,FALSE,0,FALSE
16226889,25/06/2026 08:51:11,complete,Threat,SmilePosOne,positive,one,I agree to participate,16,4,1,1,1,1,1,1,1,1,3,3,3,3,1,2,2,1,1.5,6,2,6,5,3,4.4,2,6,4,8,1,1,1,1,1,1,1,1,2,2,2,2,1,2,2,1,1.5,5,3,6,2,2,3.6,1,9,2,5,1,1,1,1,1,1,1,1,2,2,2,2,2,2,2,1,1.75,6,2,6,1,2,3.4,4,7,3,7,1,1,1,1,1,1,1,1,2,2,2,2,1,2,2,1,1.5,5,2,6,1,2,3.2,4,8,7,Any difference of feeling during movement followed by math questions.,To see if people can follow instructions without being given all the reasons why certain instructions are to be followed.,38,Female,White,"none, went through it","Yes, you may use my data in the research.",NA,NA,NA,NA,NA,NA,NA,NA,NA,0,FALSE
16226890,25/06/2026 05:51:13,complete,Threat,SmilePosOne,positive,one,I agree to participate,16,4,4,4,3,3.6666666666666665,1,1,1,1,1,1,1,1,2,1,NA,1,1.3333333333333333,3,6,5,6,6,5.2,2,0,4,8,3,2,2,2.3333333333333335,1,1,1,1,1,1,1,1,1,2,2,1,1.5,3,6,6,5,6,5.2,1,9,3,5,3,3,4,3.3333333333333335,2,1,1,1.3333333333333333,1,1,2,1.3333333333333333,2,2,2,1,1.75,4,5,6,5,6,5.2,4,7,3,7,2,4,3,3,1,1,2,1.3333333333333333,1,1,1,1,1,2,2,1,1.5,4,5,5,6,5,5,4,8,7,I think it was testing if the answers change after doing math problems.,Maybe there are barely percievable differences in how male and female perform this study.,57,Male,White,"No issues, thank you!","Yes, you may use my data in the research.",NA,1,1,0,2.006346153846154,0,1,TRUE,TRUE,2,FALSE
16226891,25/06/2026 07:51:15,complete,No threat,SmileNegTen,negative,ten,I agree to participate,16,4,6,5,5,5.333333333333333,3,1,1,1.6666666666666667,1,1,1,1,6,5,6,7,6,3,1,1,1,1,1.4,2,6,4,8,6,5,6,5.666666666666667,1,1,1,1,1,1,1,1,6,6,6,6,6,2,1,1,1,1,1.2,1,9,2,5,2,1,2,1.6666666666666667,6,4,3,4.333333333333333,4,4,6,4.666666666666667,6,6,6,6,6,2,1,1,1,1,1.2,4,7,3,7,1,1,1,1,6,5,5,5.333333333333333,6,6,6,6,6,6,6,6,6,2,1,1,1,1,1.2,4,8,7,See how certain tasks can change the mood or setting for someone.,not sure,37,Female,White,"NONE, TRIGGER WARNING SHOULD BE USED THOUGH","Yes, you may use my data in the research.",NA,0.9823529411764704,0.9588235294117649,0.08117948717948717,0.15469607843137254,0.1863122171945701,0.2515082956259427,FALSE,FALSE,0,FALSE
16226894,25/06/2026 08:51:23,complete,Threat,SmileNegOne,negative,one,I agree to participate,16,4,6,6,5,5.666666666666667,1,1,1,1,1,1,1,1,6,5,6,6,5.75,1,1,1,1,2,1.2,2,6,4,8,6,6,6,6,1,1,1,1,1,1,NA,1,6,6,6,6,6,1,1,1,1,1,1,1,9,2,5,4,6,4,4.666666666666667,1,2,2,1.6666666666666667,1,1,1,1,6,6,5,6,5.75,2,1,1,1,1,1.2,4,7,3,7,6,6,4,5.333333333333333,2,1,1,1.3333333333333333,1,1,1,1,6,6,6,6,6,2,1,1,1,1,1.2,4,8,7,To judge how different images and excersizes affect our cognitiive thinking.,Cognitive patterns.,24,Male,Asian,Thank you!,"Yes, you may use my data in the research.",NA,0.15384615384615383,0.9807692307692308,0.02615384615384615,2.980769230769231,0,1,FALSE,FALSE,0,FALSE
16226896,25/06/2026 08:52:01,complete,No threat,NaturaNegOne,negative,one,I agree to participate,16,4,6,6,6,6,1,1,1,1,1,1,1,1,6,5,6,5,5.5,1,1,1,1,1,1,2,6,4,8,6,6,6,6,1,1,1,1,1,1,1,1,6,5,5,6,5.5,1,1,1,1,1,1,1,9,2,5,6,6,6,6,1,1,1,1,1,1,1,1,5,5,5,6,5.25,1,1,1,1,1,1,4,7,3,7,6,5,5,5.333333333333333,1,1,1,1,1,1,1,1,6,5,5,6,5.5,1,1,1,1,1,1,4,8,7,I believe that I really could not figure out the purpose of the survey.,That it might have something to do with feelings and movements you have at the same time.,38,Female,White,i did not have any issues.,"Yes, you may use my data in the research.",NA,1,1,1.062156862745098,2.3613461538461538,0,0.5384615384615385,FALSE,TRUE,0,FALSE
16226901,25/06/2026 08:52:52,complete,No threat,NaturaNegTen,negative,ten,I agree to participate,16,4,NA,1,1,1,1,1,1,1,1,1,1,1,6,5,7,5,5.75,5,1,1,1,1,1.8,2,6,4,8,1,1,1,1,1,1,1,1,1,1,1,1,6,7,7,7,6.75,5,1,1,1,1,1.8,1,9,2,5,1,1,1,1,4,1,3,2.6666666666666665,1,1,1,1,6,6,6,6,6,6,1,1,1,1,2,4,7,3,7,1,1,1,1,1,1,1,1,1,1,1,1,6,6,7,5,6,5,1,1,1,1,1.8,4,8,7,to see reactions of disturbing images,i really have no idea,47,Prefer not to answer,White,n/a,"Yes, you may use my data in the research.",NA,NA,NA,NA,NA,NA,NA,NA,NA,0,FALSE
16226902,25/06/2026 08:53:08,complete,Threat,NaturaPosTen,positive,ten,I agree to participate,16,4,3,1,2,2,1,1,1,1,1,1,1,1,1,5,3,1,2.5,3,2,5,5,1,3.2,2,6,4,8,1,1,1,1,1,2,2,1.6666666666666667,1,1,1,1,1,5,1,1,2,3,2,5,4,2,3.2,1,9,2,5,3,1,3,2.3333333333333335,1,3,2,2,1,1,1,1,1,4,2,1,2,2,2,5,1,1,2.2,4,7,3,7,3,1,3,2.3333333333333335,1,1,1,1,1,1,1,1,1,5,3,1,2.5,2,2,5,2,1,2.4,4,8,7,I thought it was to deterime if pyshical(the tasks) or emotional thought processes had an influence on the part of the brain required to do math. But i kinda think the physical task was to lower your emotional guard so responces to the questions about your life would be come more honest depending on the extertion of the previous task.,"I could not guess, however it would be very interested to find out.",44,Female,White,"Gosh, I am sorry. I think I misinterpreted the #3 task. I though there would be people expressions that I was supposed to mimic and hold during the shown 10 set of images, however the images were of plants and animals. I copied the dog and cat expressions for a few sets, then I questioned if I was following the instructions correctly. Maybe I was to copy the expressions of the 4 people in the practice photo and hold that expression during the following 10 sets of images. That mess up had a huge influence on my mindset throughout the rest of the study. I was afraid and scared I messed up your study by misinterpreting the instructions.","Yes, you may use my data in the research.",NA,0.7307692307692307,0.823076923076923,0.4275798258345428,0.08453410740203192,0.2256168359941945,0.00769230769230768,FALSE,FALSE,0,FALSE
16226910,25/06/2026 05:54:06,complete,Threat,NaturaNegOne,negative,one,I agree to participate,16,4,2,6,5,4.333333333333333,3,3,3,3,4,4,5,4.333333333333333,6,5,6,3,5,2,2,3,3,3,2.6,2,6,4,8,3,2,4,3,2,2,4,2.6666666666666665,3,3,3,3,6,5,4,6,5.25,4,4,3,2,4,3.4,1,9,2,5,5,3,6,4.666666666666667,4,2,4,3.3333333333333335,5,4,6,5,6,5,6,3,5,4,2,3,3,4,3.2,4,7,3,7,3,6,4,4.333333333333333,6,3,5,4.666666666666667,3,3,2,2.6666666666666665,4,5,6,6,5.25,3,2,5,3,4,3.4,4,8,7,It was to test my attention span.,I think those details may be about the math.,20,Male,Asian,NA,"Yes, you may use my data in the research.",NA,1,1,0,1.8771153846153843,0,1,TRUE,TRUE,0,FALSE
16226911,25/06/2026 08:54:10,complete,Threat,SmileNegOne,negative,one,I agree to participate,16,4,2,3,2,2.3333333333333335,1,1,1,1,2,1,2,1.6666666666666667,6,6,6,6,6,3,1,1,1,1,1.4,2,6,4,8,2,3,2,2.3333333333333335,1,1,1,1,1,1,1,1,6,6,6,6,6,2,1,1,1,1,1.2,1,9,2,5,1,1,2,1.3333333333333333,2,2,2,2,2,2,3,2.3333333333333335,6,6,6,6,6,2,1,1,1,1,1.2,4,7,3,7,1,1,1,1,2,1,1,1.3333333333333333,5,5,4,4.666666666666667,6,6,6,6,6,2,1,1,1,1,1.2,4,8,7,Not really sure.,"Maybe how we get annoyed when we are ""forced"" to smile looking at bad situations.",26,Male,White,Was a little confused on the first task I had to hold the position of the faces shown to me. I thought the next screen would be people's different faces and I would have to imitate them..(a different facial expression every second). Only after that one did I realize I was supposed to smile like all 4 of them and hold that smile and position for the whole 5 seconds.,"Yes, you may use my data in the research.",NA,1,1,2.25923076923077,0.4930769230769231,1,0,FALSE,FALSE,0,TRUE
16226915,25/06/2026 08:55:03,complete,Threat,SmileNegTen,negative,ten,I agree to participate,16,4,2,2,3,2.3333333333333335,3,2,5,3.3333333333333335,4,4,6,4.666666666666667,3,2,2,3,2.5,3,2,2,3,3,2.6,2,6,4,8,3,6,5,4.666666666666667,1,2,1,1.3333333333333333,3,2,1,2,4,4,5,3,4,4,2,2,2,4,2.8,1,9,2,5,1,2,1,1.3333333333333333,5,6,5,5.333333333333333,6,3,5,4.666666666666667,4,4,NA,4,4,4,2,2,2,2,2.4,4,7,3,7,1,1,1,1,6,5,5,5.333333333333333,6,5,5,5.333333333333333,3,4,3,3,3.25,4,2,2,2,4,2.8,4,8,7,I have no idea maybe the way we move when we are thinking,Maybe our body movements when we are uncomfortable,20,Female,White,I was confused about some of the movements I needed to do with the photos of the guy and animals and if I had to copy the animals movements as well.,"Yes, you may use my data in the research.",NA,0.9576923076923076,1,0.06328846153846154,0.1361153846153846,0.04230769230769231,0,FALSE,FALSE,0,FALSE
16226937,25/06/2026 09:00:20,complete,No threat,SmilePosOne,positive,one,I agree to participate,16,4,1,1,1,1,1,1,1,1,1,1,1,1,3,2,3,1,2.25,4,2,1,2,5,2.8,2,6,4,8,1,1,1,1,1,1,1,1,1,1,1,1,3,1,3,1,2,4,2,1,2,5,2.8,1,9,2,5,1,1,1,1,1,1,1,1,1,1,1,1,3,2,3,1,2.25,4,2,1,2,5,2.8,4,7,3,7,1,1,1,1,1,1,1,1,1,1,1,1,3,1,3,1,2,4,2,1,2,5,2.8,4,8,7,To see how we feel after performing easy/random tasks,I have no clue,32,Male,White,No issues,"Yes, you may use my data in the research.",NA,1,1,1.5345283018867926,2.122452830188679,0.641509433962264,1,FALSE,FALSE,0,FALSE
16226979,25/06/2026 09:06:51,complete,No threat,NaturaNegTen,negative,ten,I agree to participate,16,4,4,4,7,5,7,5,4,5.333333333333333,1,1,1,1,4,3,5,1,3.25,1,1,1,1,1,1,2,6,4,8,4,4,4,4,7,5,5,5.666666666666667,2,5,2,3,3,3,4,1,2.75,1,1,1,1,1,1,1,9,2,5,4,4,3,3.6666666666666665,7,5,5,5.666666666666667,2,4,2,2.6666666666666665,3,3,5,1,3,1,1,1,1,1,1,4,7,3,7,3,4,3,3.3333333333333335,7,5,5,5.666666666666667,4,6,1,3.6666666666666665,4,3,5,1,3.25,1,1,1,1,1,1,4,8,7,To measure the emotional configuration of survey takers. By using graphic pictures that effect ones emotions you can see how they are wired when viewing images with a neutral or expression with a smile.,I think scientific researchers can see what is in our unconscious by using these pictures that effect us viscerally and how it relates to use cogitationally when doing math in between the visual stimuli,51,Male,Black,i found it very distressing looking at real world situations involving crime. Because in my neighborhood this is a constant issue that i face whenever i take a trip to the grocery store. In a way this makes me resolved to be more vigilant since i am in a poverty stricken area.,"Yes, you may use my data in the research.",NA,1,1,5.769230769230768e-5,0.03021153846153846,0,0.00192307692307692,FALSE,FALSE,0,FALSE
16227034,24/06/2026 20:46:04,complete,Threat,NaturaPosOne,positive,one,I agree to participate,16,4,5,2,4,3.6666666666666665,5,4,5,4.666666666666667,5,5,4,4.666666666666667,6,5,3,4,4.5,4,2,2,2,2,2.4,2,6,4,8,2,2,4,2.6666666666666665,3,3,4,3.3333333333333335,4,3,NA,3.5,5,3,2,2,3,3,2,2,3,3,2.6,1,9,2,5,4,3,3,3.3333333333333335,3,4,4,3.6666666666666665,4,4,3,3.6666666666666665,2,2,3,2,2.25,2,3,3,3,4,3,4,3,3,7,3,4,3,3.3333333333333335,5,2,3,3.3333333333333335,4,4,3,3.6666666666666665,7,7,7,7,7,3,2,3,4,3,3,4,8,7,people math performance,investigator,43,Male,Black,i dont really have any issue i follow the rules,"Yes, you may use my data in the research.",NA,0.9807692307692308,1,0.6005769230769231,0.6265384615384615,0.673076923076923,0.7115384615384615,FALSE,FALSE,1,FALSE
16227217,25/06/2026 08:48:09,complete,No threat,NaturaPosTen,positive,ten,I agree to participate,16,4,3,2,2,2.3333333333333335,1,1,1,1,1,1,1,1,5,5,5,3,4.5,4,1,1,1,1,1.6,2,6,4,8,3,2,3,2.6666666666666665,1,1,1,1,1,1,1,1,5,5,5,3,4.5,4,1,1,1,1,1.6,1,9,2,5,3,3,3,3,1,1,1,1,2,1,2,1.6666666666666667,5,5,5,3,4.5,4,1,1,1,1,1.6,4,7,3,7,1,1,1,1,1,1,1,1,1,1,4,2,5,5,3,5,4.5,4,1,1,1,1,1.6,4,8,7,to remember assigned body movements and do math?,to see if we read directions?,34,Male,White,I swear I read the all the directions. Was I supposed to see human faces cause all I saw where cute animals,"Yes, you may use my data in the research.",NA,1,0.9211538461538462,0.0264079939668175,0.08142986425339366,0.00769230769230768,0.01161387631975867,FALSE,FALSE,0,FALSE
16229612,25/06/2026 14:21:32,complete,No threat,SmilePosTen,positive,ten,I agree to participate,17,4,2,1,1,1.3333333333333333,1,1,1,1,1,1,1,1,5,7,5,3,5,4,1,1,1,1,1.6,2,6,4,8,2,1,2,1.6666666666666667,1,1,1,1,1,1,1,1,6,6,5,3,5,4,1,1,1,1,1.6,1,9,2,5,2,1,1,1.3333333333333333,1,1,1,1,2,1,2,1.6666666666666667,5,7,5,4,5.25,4,1,1,2,1,1.8,4,7,3,7,2,1,1,1.3333333333333333,1,1,1,1,1,1,1,1,5,6,5,4,5,3,1,1,1,1,1.4,4,8,7,explore effects of physical movement on math equations,"that this is training AI, or something like that :/",27,Female,Mixed,instructions were a little confusing. study was a little repatative,"Yes, you may use my data in the research.",2 times,1,0.9884615384615384,0.10707692307692308,3.070692307692308,0,0.9903846153846154,TRUE,TRUE,0,FALSE
16229613,25/06/2026 14:21:33,complete,Threat,NaturaPosOne,positive,one,I agree to participate,17,4,1,1,1,1,1,1,1,1,2,2,2,2,3,3,4,2,3,7,6,6,3,5,5.4,2,6,4,8,1,1,1,1,1,1,1,1,6,7,7,6.666666666666667,3,3,2,2,2.5,7,6,6,6,6,6.2,1,9,2,5,1,1,1,1,1,1,1,1,5,3,5,4.333333333333333,2,NA,2,2,2,7,6,5,6,6,6,4,7,3,7,2,1,2,1.6666666666666667,1,1,1,1,1,1,1,1,3,3,3,2,2.75,7,4,5,5,5,5.2,4,8,7,I am not sure,I am not sure,44,Female,White,I have a right intention tremor in my right hand that greatly affected the test touching my nose. I have difficulties with certain facial/head movements due to MS.,"Yes, you may use my data in the research.",2 times,1,1,0,1.5178846153846155,0,0.8846153846153846,TRUE,TRUE,0,FALSE
16229614,25/06/2026 15:21:40,complete,No threat,SmileNegOne,negative,one,I agree to participate,17,4,1,1,1,1,1,1,1,1,2,1,2,1.6666666666666667,5,5,5,1,4,4,2,2,2,2,2.4,2,6,4,8,2,3,2,2.3333333333333335,1,1,1,1,1,1,1,1,5,5,5,1,4,5,2,2,2,2,2.6,1,9,2,5,1,1,1,1,1,1,1,1,2,1,2,1.6666666666666667,5,5,5,1,4,5,2,2,2,2,2.6,4,7,3,7,2,3,2,2.3333333333333335,1,1,1,1,1,1,1,1,5,5,5,1,4,5,2,2,2,2,2.6,4,8,7,Tracking emotional change caused by movement tasks,The math questions were irrelevant,29,Male,White,N/A,"Yes, you may use my data in the research.",2 times,1,1,0,1.8901923076923075,0,1,TRUE,TRUE,0,FALSE
16229615,25/06/2026 15:21:40,complete,No threat,SmileNegTen,negative,ten,I agree to participate,17,4,1,1,1,1,1,1,1,1,1,2,2,1.6666666666666667,2,5,4,1,3,5,3,4,5,3,4,2,6,4,8,1,1,1,1,1,1,1,1,3,2,3,2.6666666666666665,2,5,3,1,2.75,6,2,1,5,2,3.2,1,9,4,5,4,3,5,4,2,2,2,2,3,1,2,2,2,5,4,1,3,6,2,2,5,1,3.2,4,7,3,7,1,1,1,1,1,1,1,1,2,1,1,1.3333333333333333,2,5,4,1,3,6,1,1,5,2,3,4,8,7,I honestly have no idea,"This study had little to do with the easy math questions, I imagine. It was about my reaction to the images?",21,Male,White,NA,"Yes, you may use my data in the research.",2 times,1,1,0.00501960784313725,3.0262156862745098,0,1,TRUE,TRUE,1,FALSE
16229616,25/06/2026 14:21:47,complete,Threat,SmileNegTen,negative,ten,I agree to participate,17,4,1,1,1,1,NA,1,1,1,1,1,1,1,3,5,4,2,3.5,7,2,2,2,3,3.2,2,6,4,8,1,1,1,1,1,1,1,1,1,1,1,1,2,5,2,3,3,7,2,2,1,2,2.8,1,9,2,5,1,1,1,1,5,2,2,3,7,7,3,5.666666666666667,3,5,3,2,3.25,7,2,2,1,3,3,4,7,3,7,1,1,1,1,4,1,1,2,6,5,6,5.666666666666667,2,5,3,2,3,7,2,1,2,2,2.8,4,8,7,How physical tasks and triggering emotions impact the brain of the particpant while solving easy math problems.,Use of eye movement,18,Gender variant / non-conforming,White,NA,"Yes, you may use my data in the research.",2 times,1,1,0.01280769230769231,2.101019230769231,0,0.9769230769230768,TRUE,TRUE,0,FALSE
16229617,25/06/2026 15:22:38,complete,Threat,NaturaPosTen,positive,ten,I agree to participate,17,4,1,1,1,1,1,1,1,1,1,1,1,1,5,5,5,5,5,1,1,1,1,1,1,2,6,4,8,1,1,1,1,1,1,1,1,1,1,1,1,5,5,5,5,5,1,1,1,1,1,1,1,9,2,5,1,1,1,1,1,1,1,1,1,1,1,1,5,5,5,5,5,1,1,1,1,1,1,4,7,3,7,1,1,1,1,1,1,1,1,1,1,1,1,5,5,5,5,5,1,1,1,1,1,1,4,8,7,I do not know what the purpose of this study was.,Well I think it might have to do with the recorded parts showing animals rather than people.,22,Female,Other,I just realized in the last camera recorded task that the first task may have asked me to blink once every second for the 5 seconds but I thought it said to blink once every 5 seconds.,"Yes, you may use my data in the research.",2 times,1,1,1.1538461538461534e-4,0.04434615384615385,0,0,FALSE,FALSE,0,FALSE
16229618,25/06/2026 14:21:48,complete,Threat,NaturaNegTen,negative,ten,I agree to participate,17,4,4,5,4,4.333333333333333,2,1,1,1.3333333333333333,1,1,1,1,4,5,6,7,5.5,2,1,1,6,1,2.2,2,6,4,8,4,5,4,4.333333333333333,1,1,1,1,2,1,1,1.3333333333333333,4,5,5,5,4.75,2,1,1,2,1,1.4,1,9,2,5,4,4,4,4,1,1,1,1,2,1,2,1.6666666666666667,3,4,6,5,4.5,2,1,1,2,1,1.4,4,7,3,7,4,5,4,4.333333333333333,2,1,1,1.3333333333333333,3,1,3,2.3333333333333335,3,5,6,5,4.75,2,1,1,3,1,1.6,4,8,7,Study body movements and math ability,not sure,45,Male,Black,NA,"Yes, you may use my data in the research.",2 times,1,1,0.00959615384615384,1.986826923076923,0,1,TRUE,TRUE,0,FALSE
16229619,25/06/2026 13:21:47,complete,No threat,NaturaNegOne,negative,one,I agree to participate,17,4,3,3,2,2.6666666666666665,2,2,2,2,2,2,4,2.6666666666666665,5,5,5,2,4.25,5,3,3,4,3,3.6,2,6,4,8,3,3,3,3,2,2,2,2,2,2,3,2.3333333333333335,5,5,5,2,4.25,4,2,2,3,2,2.6,1,9,2,5,3,2,2,2.3333333333333335,3,2,2,2.3333333333333335,3,3,3,3,5,5,5,2,4.25,4,2,2,3,2,2.6,4,7,3,7,3,2,2,2.3333333333333335,2,2,2,2,2,2,2,2,5,5,5,2,4.25,4,2,2,2,2,2.4,4,8,7,"not sure, math problems and eye movements",what the actual purpose is,42,Female,White,NA,"Yes, you may use my data in the research.",1 time,1,1,0,0,0,0,FALSE,FALSE,0,FALSE
16229621,25/06/2026 12:22:02,complete,Threat,NaturaPosTen,positive,ten,I agree to participate,17,4,3,3,3,3,4,1,1,2,5,5,5,5,1,1,3,1,1.5,7,6,6,6,6,6.2,2,6,4,8,4,4,4,4,1,1,1,1,1,1,1,1,1,2,1,1,1.25,1,1,1,1,1,1,1,9,2,5,4,4,4,4,1,1,1,1,1,1,1,1,1,1,3,1,1.5,1,1,1,1,1,1,4,7,3,7,4,4,4,4,1,1,1,1,1,1,1,1,1,1,3,1,1.5,2,2,2,2,2,2,4,8,7,To see facial expressions when someone is having different emotions.,IDK,49,Male,Black,No issues,"Yes, you may use my data in the research.",0 times,1,1,0.4112307692307692,0.17546153846153845,0.01153846153846154,0.00192307692307692,FALSE,FALSE,0,FALSE
16229622,25/06/2026 12:22:05,complete,Threat,NaturaPosOne,positive,one,I agree to participate,17,4,4,6,4,4.666666666666667,1,1,1,1,1,1,1,1,6,6,6,3,5.25,2,1,1,1,2,1.4,2,6,4,8,6,3,6,5,1,1,1,1,1,1,1,1,6,6,6,6,6,2,1,1,2,1,1.4,1,9,2,5,6,7,7,6.666666666666667,1,1,1,1,1,1,1,1,6,6,6,6,6,2,1,1,1,1,1.2,4,7,3,7,7,7,5,6.333333333333333,1,1,1,1,2,1,2,1.6666666666666667,6,6,6,5,5.75,2,1,1,1,1,1.2,4,8,7,to see if nice images can affect how we feel about our overall living,i dont know ?,28,Female,Mixed,I dont know what the index finger is :p,"Yes, you may use my data in the research.",2 times,1,1,0,0,0,0,FALSE,FALSE,0,FALSE
16229623,25/06/2026 15:22:07,complete,Threat,NaturaNegOne,negative,one,I agree to participate,17,4,1,NA,NA,1,1,1,3,1.6666666666666667,NA,2,1,1.5,5,3,7,6,5.25,2,5,3,NA,4,3.5,2,6,4,8,1,3,2,2,2,1,1,1.3333333333333333,1,1,3,1.6666666666666667,5,4,3,5,4.25,2,1,1,2,3,1.8,1,9,2,5,1,1,1,1,4,2,1,2.3333333333333335,3,2,NA,2.5,5,4,3,6,4.5,4,3,1,2,2,2.4,4,7,4,7,2,2,2,2,1,3,1,1.6666666666666667,5,3,4,4,3,6,7,6,5.5,2,1,1,2,NA,1.5,4,8,7,Is to see the extent of a persons emotions through certain activities even of they feel a different way.,Something to do with the math equations but I don't know what is the deal with it.,22,Male,White,NA,"Yes, you may use my data in the research.",2 times,1,1,0.01999999999999999,0.7825,0,0.7692307692307693,FALSE,TRUE,1,FALSE
16229624,25/06/2026 14:22:08,complete,No threat,NaturaNegTen,negative,ten,I agree to participate,17,4,7,7,7,7,7,4,5,5.333333333333333,5,5,5,5,6,7,7,2,5.5,3,1,2,2,1,1.8,2,6,4,8,7,7,7,7,6,5,4,5,5,5,5,5,6,7,7,1,5.25,3,1,1,1,1,1.4,1,9,2,5,7,7,7,7,5,4,4,4.333333333333333,4,3,4,3.6666666666666665,6,7,7,1,5.25,3,1,1,1,1,1.4,4,7,3,7,7,7,7,7,7,5,4,5.333333333333333,5,5,5,5,6,7,7,1,5.25,3,1,1,1,1,1.4,4,8,7,to see if am attentive,i am not sure but i can say safety,33,Female,Black,none,"Yes, you may use my data in the research.",2 times,1,1,0.7506730769230769,0.6303269230769231,1,0.7769230769230769,FALSE,FALSE,0,FALSE
16229625,25/06/2026 12:22:09,complete,No threat,NaturaPosTen,positive,ten,I agree to participate,17,4,2,3,2,2.3333333333333335,3,3,3,3,5,5,5,5,3,3,3,3,3,5,5,5,5,5,5,2,6,4,8,1,1,1,1,3,3,3,3,6,6,6,6,2,2,2,2,2,7,7,7,7,7,7,1,9,3,5,1,1,1,1,3,3,3,3,7,7,7,7,3,3,3,3,3,6,6,6,6,6,6,4,7,3,7,2,2,2,2,3,3,3,3,5,5,5,5,3,3,3,3,3,5,5,5,5,5,5,4,8,7,to irritate the subject and see if it affects their cognitive ability,maybe your trying to see how people with varying levels of neuroticism respond to stmuli,32,Male,Mixed,some of the pictures didnt load during the second exercise,"Yes, you may use my data in the research.",2 times,1,1,0.09511538461538462,1.3591153846153845,0,0.8519230769230769,FALSE,TRUE,1,FALSE
16229626,25/06/2026 15:22:08,complete,Threat,NaturaNegTen,negative,ten,I agree to participate,17,4,1,1,1,1,1,1,1,1,2,2,3,2.3333333333333335,5,5,5,5,5,3,1,2,3,1,2,2,6,4,8,1,1,1,1,3,1,1,1.6666666666666667,7,6,7,6.666666666666667,5,5,5,5,5,1,1,1,1,1,1,1,9,2,5,1,1,1,1,1,2,2,1.6666666666666667,6,6,7,6.333333333333333,5,5,5,5,5,2,1,1,4,1,1.8,4,7,3,7,1,1,1,1,4,2,3,3,7,5,2,4.666666666666667,5,5,5,5,5,2,1,1,3,1,1.6,4,8,7,To see if forced tasks affected perception,Perhaps why the rating scales,31,Female,White,NA,"Yes, you may use my data in the research.",2 times,1,1,0.46427450980392154,1.8795067722473604,0.07254901960784314,0.976470588235294,FALSE,TRUE,0,FALSE
16229627,25/06/2026 15:22:15,complete,No threat,SmilePosOne,positive,one,I agree to participate,17,4,1,1,1,1,1,1,1,1,1,1,2,1.3333333333333333,3,4,2,3,3,3,2,3,1,5,2.8,2,6,4,8,2,4,2,2.6666666666666665,1,1,1,1,1,1,1,1,2,4,3,3,3,3,2,2,1,4,2.4,1,9,2,5,1,5,2,2.6666666666666665,1,1,1,1,1,1,2,1.3333333333333333,3,4,2,2,2.75,2,2,3,1,5,2.6,4,7,3,7,1,4,1,2,1,1,2,1.3333333333333333,1,1,2,1.3333333333333333,3,4,2,3,3,2,2,3,1,5,2.6,4,8,7,Testing peoples reaction times? I'm not sure,I'm not sure.,22,Female,Asian,None,"Yes, you may use my data in the research.",2 times,1,1,0,3.9240384615384616,0,1,TRUE,TRUE,0,FALSE
16229628,25/06/2026 15:22:17,complete,No threat,SmileNegOne,negative,one,I agree to participate,17,4,2,3,2,2.3333333333333335,1,1,1,1,3,1,2,2,4,2,3,3,3,5,4,1,5,3,3.6,2,6,4,8,2,3,2,2.3333333333333335,1,1,1,1,2,1,2,1.6666666666666667,3,3,3,2,2.75,3,1,1,2,2,1.8,1,9,2,5,4,3,2,3,1,1,1,1,3,1,2,2,3,2,3,3,2.75,4,1,1,3,2,2.2,4,7,3,7,1,2,1,1.3333333333333333,3,1,2,2,2,1,2,1.6666666666666667,3,2,3,2,2.5,3,2,1,2,2,2,4,8,7,Maybe it was to see how we would react to the images,"I'm not sure, maybe there was a trick question",33,Male,White,"Everything was fine, thanks","Yes, you may use my data in the research.",2 times,NA,NA,NA,NA,NA,NA,NA,NA,0,FALSE
16229629,25/06/2026 15:22:21,complete,Threat,NaturaNegOne,negative,one,I agree to participate,17,4,1,1,1,1,1,1,2,1.3333333333333333,3,3,3,3,5,5,6,5,5.25,3,1,1,1,2,1.6,2,6,4,8,2,1,2,1.6666666666666667,1,1,1,1,2,1,2,1.6666666666666667,5,5,6,5,5.25,3,1,1,1,2,1.6,1,9,2,5,1,1,1,1,3,1,2,2,3,3,3,3,5,5,6,5,5.25,3,1,1,1,2,1.6,4,7,3,7,1,1,1,1,4,2,2,2.6666666666666665,2,1,2,1.6666666666666667,5,5,6,5,5.25,3,1,1,1,2,1.6,4,8,7,to study how controlling facial expression in response to different visual stimuli affect emotions afterwards,something about putting on a brave face,31,Female,White,NA,"Yes, you may use my data in the research.",2 times,1,1,0,3.1346153846153846,0,1,TRUE,TRUE,0,TRUE
16229630,25/06/2026 12:22:23,complete,No threat,NaturaPosOne,positive,one,I agree to participate,17,4,1,1,2,1.3333333333333333,1,1,1,1,1,1,1,1,6,5,6,2,4.75,2,1,1,1,2,1.4,2,6,4,8,2,2,2,2,1,1,1,1,1,1,1,1,6,5,NA,2,4.333333333333333,1,1,1,1,1,1,1,9,2,5,4,3,4,3.6666666666666665,1,1,1,1,1,1,1,1,6,5,6,2,4.75,1,1,1,1,1,1,4,7,3,7,3,2,3,2.6666666666666665,1,1,1,1,1,1,1,1,5,6,6,2,4.75,1,1,1,1,1,1,4,8,7,would action change current mood?,Where do you put your focus?,55,Male,Asian,none,"Yes, you may use my data in the research.",2 times,1,1,1.2428846153846154,3.1544230769230768,1,1,TRUE,FALSE,0,FALSE
16229631,25/06/2026 14:22:27,complete,No threat,SmilePosOne,positive,one,I agree to participate,17,4,5,5,5,5,1,1,1,1,1,1,1,1,5,5,5,5,5,1,1,1,1,1,1,2,6,4,8,6,6,6,6,1,1,1,1,1,1,1,1,6,6,6,6,6,1,1,1,1,1,1,1,9,2,5,5,5,5,5,1,1,1,1,1,1,1,1,6,6,6,6,6,1,1,1,1,1,1,4,7,2,7,6,6,6,6,1,1,1,1,1,1,1,1,6,6,6,6,6,1,1,1,1,1,1,4,8,7,I am honestly not sure! It might have been testing if the physical tasks and images improved participant mood.,I still don't know!,40,Female,White,NA,"Yes, you may use my data in the research.",2 times,1,1,1.1388235294117648,2.332549019607843,0.392156862745098,1,FALSE,TRUE,1,FALSE
16229632,25/06/2026 15:22:23,complete,No threat,SmilePosTen,positive,ten,I agree to participate,17,4,4,4,4,4,2,2,2,2,4,4,4,4,3,5,5,5,4.5,4,2,2,2,2,2.4,2,6,4,8,3,2,3,2.6666666666666665,1,1,1,1,1,1,1,1,3,5,3,3,3.5,1,1,1,1,1,1,1,9,2,5,4,3,3,3.3333333333333335,3,2,2,2.3333333333333335,3,3,4,3.3333333333333335,3,5,5,3,4,3,2,2,2,2,2.2,4,7,3,7,3,1,3,2.3333333333333335,1,1,1,1,1,1,1,1,5,5,3,3,4,1,1,1,1,1,1,4,8,7,See if my mood changed.,Not sure.,31,Male,White,None.,"Yes, you may use my data in the research.",2 times,1,1,0.8395384615384616,3.097384615384615,0.8730769230769231,1,TRUE,FALSE,0,FALSE
16229634,25/06/2026 15:22:27,complete,No threat,NaturaPosTen,positive,ten,I agree to participate,17,4,3,3,4,3.3333333333333335,1,2,2,1.6666666666666667,1,1,1,1,5,5,5,6,5.25,3,1,1,4,3,2.4,2,6,4,8,3,3,3,3,1,1,1,1,1,1,2,1.3333333333333333,5,5,5,6,5.25,2,1,1,2,2,1.6,1,9,2,5,3,4,4,3.6666666666666665,1,1,1,1,1,1,1,1,5,5,5,6,5.25,2,1,1,3,2,1.8,4,7,3,7,4,4,3,3.6666666666666665,1,1,1,1,1,1,1,1,5,5,5,6,5.25,2,1,1,2,2,1.6,4,8,7,To see if images could change your mood.,Seeing how mood is affected and can be changed quickly.,40,Male,White,NA,"Yes, you may use my data in the research.",2 times,1,1,0.01623439767779391,0.00229411764705882,0.00192307692307692,0,FALSE,FALSE,0,FALSE
16229635,25/06/2026 15:22:32,complete,Threat,SmilePosOne,positive,one,I agree to participate,17,4,1,1,1,1,2,1,1,1.3333333333333333,3,3,3,3,3,3,3,5,3.5,4,2,1,2,2,2.2,2,6,4,8,1,1,1,1,1,1,1,1,1,1,2,1.3333333333333333,3,3,3,5,3.5,4,1,1,2,2,2,1,9,2,5,2,2,1,1.6666666666666667,1,1,1,1,1,1,4,2,3,3,3,5,3.5,4,2,1,2,2,2.2,4,7,3,7,1,2,1,1.3333333333333333,1,1,1,1,1,1,1,1,3,3,3,5,3.5,4,2,1,2,2,2.2,4,8,7,How doing certain facial expressions or movements contributed to the way someone feels internally.,I think the math had nothing to do with this study and it was more of a psychological study. I also think the camera was not actually recording the movements.,32,Female,White,No issues.,"Yes, you may use my data in the research.",2 times,1,1,0,2.901346153846154,0,1,TRUE,TRUE,0,TRUE
16229636,25/06/2026 15:22:33,complete,Threat,SmileNegOne,negative,one,I agree to participate,17,4,1,1,1,1,1,1,1,1,1,1,5,2.3333333333333335,6,4,5,2,4.25,5,4,4,4,5,4.4,2,6,4,8,1,1,1,1,1,1,1,1,1,1,1,1,5,5,5,6,5.25,1,1,1,1,1,1,1,9,2,5,5,6,5,5.333333333333333,1,1,1,1,1,1,1,1,6,6,6,6,6,1,1,1,1,1,1,4,7,3,7,1,1,1,1,7,1,1,3,5,5,5,5,6,5,5,6,5.5,1,5,1,1,1,1.8,4,8,NA,to study facial expressions maybe,that you guuys were doing facial recognition tests,33,Male,Mixed,NA,"Yes, you may use my data in the research.",2 times,1,1,0.00480769230769231,0.11038461538461536,0,0,FALSE,FALSE,1,FALSE
16229638,25/06/2026 15:22:45,complete,Threat,SmilePosOne,positive,one,I agree to participate,17,4,1,1,1,1,1,2,2,1.6666666666666667,1,1,1,1,4,4,5,3,4,3,1,1,1,1,1.4,2,6,4,8,4,4,1,3,1,1,1,1,1,1,1,1,4,4,5,3,4,1,1,1,1,1,1,1,9,2,5,6,5,6,5.666666666666667,1,1,1,1,1,1,1,1,4,4,5,3,4,3,1,1,1,1,1.4,4,7,3,7,3,3,1,2.3333333333333335,1,1,1,1,1,1,1,1,4,4,5,3,4,1,1,1,1,1,1,4,8,7,I'm not sure.,Details about what's the purpose of the study.,56,Female,Black,I didn't have any issues in this study.,"Yes, you may use my data in the research.",2 times,1,1,0.15214285714285714,2.585744680851064,0,1,TRUE,TRUE,0,FALSE
16229639,25/06/2026 12:22:45,complete,Threat,SmilePosOne,positive,one,I agree to participate,17,4,3,3,3,3,1,2,1,1.3333333333333333,1,2,2,1.6666666666666667,4,4,4,4,4,4,2,2,6,2,3.2,2,6,4,8,2,3,2,2.3333333333333335,1,1,1,1,1,1,1,1,4,4,4,4,4,4,3,2,2,2,2.6,1,7,2,5,2,3,2,2.3333333333333335,1,1,1,1,1,1,1,1,4,4,4,4,4,4,2,2,5,2,3,5,7,3,7,3,3,2,2.6666666666666665,1,1,1,1,1,1,1,1,4,4,4,4,4,4,1,1,1,2,1.8,4,8,7,to see how smiling and see images impacted my satisfaction and general internal well being,how our brains can change emotional state with sublte cues,31,Female,White,none,"Yes, you may use my data in the research.",2 times,1,1,0.105,2.499423076923077,0,1,TRUE,TRUE,2,TRUE
16229641,25/06/2026 12:22:47,complete,Threat,NaturaNegTen,negative,ten,I agree to participate,17,4,1,1,1,1,1,1,1,1,1,1,1,1,4,4,4,1,3.25,4,1,1,4,4,2.8,2,6,4,8,1,1,1,1,1,1,1,1,1,1,1,1,4,4,4,1,3.25,4,1,1,4,4,2.8,1,9,2,5,1,1,1,1,1,1,1,1,1,1,1,1,4,4,4,1,3.25,4,1,1,4,4,2.8,4,7,3,7,1,1,1,1,4,1,4,3,1,4,1,2,4,4,4,1,3.25,4,1,1,4,4,2.8,4,8,7,this study was simply about the degree individuals are able to follow instructions.,To examine individual behavior!,34,Male,Mixed,none!,"Yes, you may use my data in the research.",2 times,1,1,0.02229260935143288,2.565673076923077,0,0.9903846153846154,TRUE,TRUE,0,FALSE
16229643,25/06/2026 15:22:48,complete,Threat,SmilePosTen,positive,ten,I agree to participate,17,4,3,4,4,3.6666666666666665,3,1,1,1.6666666666666667,3,3,2,2.6666666666666665,5,5,6,6,5.5,2,1,1,1,1,1.2,2,6,4,8,4,5,4,4.333333333333333,4,1,1,2,1,2,1,1.3333333333333333,5,5,6,6,5.5,1,1,1,1,1,1,1,9,2,5,5,4,6,5,4,2,1,2.3333333333333335,2,2,1,1.6666666666666667,6,6,6,5,5.75,1,1,1,1,1,1,4,7,3,7,5,5,6,5.333333333333333,4,1,1,2,1,1,2,1.3333333333333333,5,6,6,6,5.75,2,1,1,1,1,1.2,4,8,7,to tests someone concentration,not sure,39,Male,White,none,"Yes, you may use my data in the research.",2 times,0.9653846153846154,1,0.7261923076923077,0.9898076923076924,0.6115384615384615,0.625,FALSE,FALSE,0,FALSE
16229644,25/06/2026 13:22:47,complete,No threat,NaturaNegTen,negative,ten,I agree to participate,17,4,1,1,1,1,1,1,1,1,1,1,1,1,2,2,2,2,2,5,5,5,5,5,5,2,6,4,8,1,1,1,1,1,1,1,1,1,1,1,1,2,2,2,2,2,5,5,5,5,5,5,1,9,2,5,1,1,1,1,1,1,1,1,1,2,2,1.6666666666666667,2,2,2,2,2,5,5,5,5,5,5,4,7,3,7,1,1,1,1,1,1,1,1,1,2,1,1.3333333333333333,2,2,2,2,2,5,5,5,5,5,5,4,8,7,Not sure.,I am not sure.,26,Female,White,I had no issues!,"Yes, you may use my data in the research.",2 times,1,1,0,2.527826923076923,0,0.9980769230769232,TRUE,TRUE,0,FALSE
16229648,25/06/2026 15:22:53,complete,Threat,SmileNegOne,negative,one,I agree to participate,17,4,1,1,1,1,1,1,1,1,1,1,1,1,3,4,6,3,4,1,1,1,1,1,1,2,6,4,8,4,4,4,4,1,1,1,1,1,1,1,1,4,5,5,2,4,1,1,1,1,1,1,1,9,2,5,1,1,1,1,6,5,5,5.333333333333333,1,3,1,1.6666666666666667,3,4,5,2,3.5,1,1,1,1,1,1,4,7,3,7,1,1,1,1,6,1,3,3.3333333333333335,1,1,1,1,5,5,5,2,4.25,1,1,1,1,1,1,4,8,7,To see the effect that emotions have on mental performance.,Not sure.,44,Female,Black,"During the first task, initially I thought the timer was counting down for me to begin the task. Just used to having a setup like that, but soon realized it wasn't. I hope it recorded me doing the task because I think the camera cut off near the end.","Yes, you may use my data in the research.",2 times,1,1,0,1.2734615384615384,0,1,FALSE,TRUE,0,FALSE
16229650,25/06/2026 12:22:59,complete,No threat,NaturaNegOne,negative,one,I agree to participate,17,4,1,1,1,1,1,1,1,1,1,1,1,1,6,6,6,7,6.25,1,1,1,1,1,1,2,6,4,8,1,1,1,1,1,1,1,1,1,1,1,1,6,7,6,7,6.5,1,1,1,1,1,1,1,9,2,5,1,1,1,1,1,1,1,1,2,2,2,2,6,6,6,7,6.25,1,1,1,1,1,1,4,7,3,7,1,1,1,1,4,1,1,2,1,4,1,2,6,6,6,7,6.25,1,1,1,1,1,1,4,8,7,Concentration on the mental and emotional state due to imagery,I honestly have no clue,30,Male,Black,No issues at all!,"Yes, you may use my data in the research.",2 times,1,1,0.4219230769230769,0.696923076923077,0.3076923076923078,0,FALSE,FALSE,0,FALSE
16229651,25/06/2026 15:23:03,complete,No threat,NaturaPosOne,positive,one,I agree to participate,17,4,1,1,1,1,1,1,1,1,1,1,2,1.3333333333333333,4,3,3,2,3,6,2,3,4,3,3.6,2,6,4,8,2,1,2,1.6666666666666667,1,1,1,1,1,1,1,1,4,3,3,2,3,6,2,2,3,4,3.4,1,9,2,5,1,2,1,1.3333333333333333,1,1,1,1,2,1,2,1.6666666666666667,3,4,3,2,3,6,2,2,5,4,3.8,4,7,3,7,3,3,3,3,1,1,1,1,1,1,1,1,4,3,4,2,3.25,6,2,3,3,4,3.6,4,8,7,seeing if facial expressions or other movements affected your mood and your ability to think,"Maybe you completely misled us and the study is about something else, like look what people will do for a few bucks?",53,Gender variant / non-conforming,White,no issues,"Yes, you may use my data in the research.",1 time,1,1,0.17653846153846153,3.2715384615384617,0,1,TRUE,TRUE,0,TRUE
16229652,25/06/2026 14:23:06,complete,Threat,NaturaNegOne,negative,one,I agree to participate,17,4,4,4,4,4,6,1,1,2.6666666666666665,3,2,5,3.3333333333333335,5,5,5,3,4.5,5,2,1,2,2,2.4,2,6,4,8,4,2,4,3.3333333333333335,5,1,1,2.3333333333333335,5,3,3,3.6666666666666665,5,4,5,3,4.25,3,1,1,2,1,1.6,1,9,2,5,4,3,4,3.6666666666666665,5,1,1,2.3333333333333335,5,3,5,4.333333333333333,5,4,5,3,4.25,3,1,1,1,2,1.6,4,7,3,7,4,4,4,4,7,3,1,3.6666666666666665,5,1,3,3,5,5,5,3,4.5,2,1,1,2,2,1.6,4,8,7,not sure,not sure,48,Female,Black,none,"Yes, you may use my data in the research.",2 times,0,0,0,0,0,0,FALSE,FALSE,0,FALSE
16229654,25/06/2026 15:23:06,complete,No threat,SmileNegTen,negative,ten,I agree to participate,17,4,1,1,1,1,1,1,1,1,1,1,1,1,6,6,6,6,6,1,1,1,1,1,1,2,6,4,8,1,1,1,1,1,1,1,1,1,1,1,1,6,6,6,6,6,1,1,1,1,1,1,1,9,2,5,1,1,1,1,1,1,1,1,1,1,1,1,6,6,6,6,6,1,1,1,1,1,1,4,7,3,7,1,1,1,1,1,1,1,1,1,1,1,1,6,6,6,6,6,1,1,1,1,1,1,4,8,7,See how physical activity and math solving interact,No idea,47,Male,White,NA,"Yes, you may use my data in the research.",2 times,1,1,0,1.5647307692307693,0,0.5211538461538462,TRUE,TRUE,0,FALSE
16229655,25/06/2026 15:23:15,complete,Threat,SmileNegTen,negative,ten,I agree to participate,17,4,4,5,4,4.333333333333333,1,1,1,1,1,1,2,1.3333333333333333,5,5,7,4,5.25,2,1,1,1,1,1.2,2,6,NA,8,4,2,3,3,1,1,1,1,3,1,1,1.6666666666666667,5,6,6,4,5.25,2,1,1,1,1,1.2,1,9,2,5,1,1,1,1,7,2,4,4.333333333333333,5,4,5,4.666666666666667,5,6,6,4,5.25,2,1,1,1,1,1.2,4,7,3,7,1,1,1,1,7,3,2,4,6,7,7,6.666666666666667,5,6,7,4,5.5,2,1,1,1,1,1.2,4,8,7,facial reaction to some what disburbing images.,No clue.,31,Male,White,No issues.,"Yes, you may use my data in the research.",2 times,1,1,0.0557,1.433878205128205,0,0.7660256410256411,FALSE,TRUE,1,FALSE
16229656,25/06/2026 15:23:21,complete,No threat,NaturaPosTen,positive,ten,I agree to participate,17,4,3,3,3,3,5,5,5,5,5,5,5,5,4,4,4,4,4,2,2,2,2,2,2,2,9,4,8,1,2,2,1.6666666666666667,2,2,2,2,2,2,2,2,2,2,2,2,2,2,2,2,2,2,2,1,9,2,5,3,3,2,2.6666666666666665,3,3,3,3,3,3,5,3.6666666666666665,2,2,2,2,2,3,3,3,3,3,3,4,7,3,7,4,3,4,3.6666666666666665,3,3,3,3,3,3,3,3,2,2,2,2,2,3,3,3,3,3,3,4,8,7,see how people feel being made to do things compared to lookong at cute photos,NA,34,Male,White,NA,"Yes, you may use my data in the research.",2 times,1,0.9923076923076924,0.09540384615384614,0.03782692307692308,0,0,FALSE,FALSE,1,FALSE
16229658,25/06/2026 15:23:30,complete,Threat,NaturaPosTen,positive,ten,I agree to participate,17,4,1,1,2,1.3333333333333333,4,5,4,4.333333333333333,6,6,6,6,1,1,2,4,2,3,3,4,3,3,3.2,2,6,4,8,6,5,4,5,1,1,1,1,1,1,1,1,1,1,1,6,2.25,6,4,4,4,4,4.4,5,9,2,5,2,2,3,2.3333333333333335,5,4,2,3.6666666666666665,2,2,2,2,1,1,1,6,2.25,5,3,4,3,3,3.6,4,7,3,7,5,6,6,5.666666666666667,1,1,1,1,1,1,1,1,1,1,1,4,1.75,4,5,4,4,4,4.2,4,8,7,Something maybe psychological but obviously to do with math and emotions to see maybe how your decision making or thinking is possibly altered or not altered,Honestly I'm not really sure but maybe that there's secret reward for correct answers or maybe that I was specifically screened because of other screeners in the perfect app or that where other people involved in the study at the same time being compared to me that I'm not aware of,30,Female,White,One thing that I noticed from early on was the lag in between from like starting or getting the directions and when it would switch to the other screen to start the task. In the begining it's like it would not do anything & would lag very slowly and I didn't know what was going on until I noticed the pattern with it.,"Yes, you may use my data in the research.",2 times,0.9961538461538462,1,0.9339159125188536,2.2200192307692306,0.30769230769230765,0.9980769230769232,FALSE,TRUE,1,FALSE
16229660,25/06/2026 15:23:34,complete,No threat,NaturaPosTen,positive,ten,I agree to participate,17,4,1,1,1,1,1,1,1,1,1,1,1,1,7,7,7,6,6.75,2,1,1,1,1,1.2,6,6,6,8,4,3,4,3.6666666666666665,1,1,1,1,1,1,1,1,7,7,7,7,7,2,1,1,1,1,1.2,5,9,12,5,5,4,5,4.666666666666667,1,1,1,1,5,5,5,5,7,7,7,7,7,2,1,1,1,1,1.2,8,7,13,7,6,5,6,5.666666666666667,1,1,1,1,1,1,1,1,7,7,7,7,7,2,1,1,1,1,1.2,14,8,7,The stated purpose was to study the effect of physical activities on doing math problems.,You were observing changes in expression while viewing pictures.,75,Female,White,i had no issues during the study,"Yes, you may use my data in the research.",2 times,1,1,0.00731372549019607,0.9748619909502264,0.02737556561085971,0.996078431372549,FALSE,TRUE,7,FALSE
16229661,25/06/2026 12:23:43,complete,Threat,NaturaNegTen,negative,ten,I agree to participate,17,4,1,1,1,1,1,1,1,1,1,1,1,1,3,5,3,7,4.5,2,1,2,2,2,1.8,2,6,4,8,1,1,1,1,1,1,1,1,1,1,1,1,4,4,3,7,4.5,2,1,2,2,2,1.8,1,9,2,5,1,1,2,1.3333333333333333,1,1,1,1,1,1,1,1,4,4,3,7,4.5,2,1,2,2,2,1.8,4,7,3,7,1,1,1,1,2,1,1,1.3333333333333333,3,3,3,3,3,4,3,7,4.25,2,1,2,2,2,1.8,4,8,7,i prefer not to,i prefer not to,51,Male,White,simply the third test there were no expressions to mimic,"Yes, you may use my data in the research.",2 times,1,1,0.06657692307692308,0.0441730769230769,0,0,FALSE,FALSE,0,FALSE
16229663,25/06/2026 14:24:03,complete,No threat,SmilePosTen,positive,ten,I agree to participate,17,4,1,1,1,1,1,1,1,1,4,2,1,2.3333333333333335,4,5,4,2,3.75,1,1,1,1,2,1.2,2,6,4,8,4,4,6,4.666666666666667,1,3,1,1.6666666666666667,2,1,NA,1.5,4,6,5,5,5,6,3,1,1,2,2.6,1,9,2,5,1,4,2,2.3333333333333335,1,1,1,1,2,4,4,3.3333333333333335,5,6,6,4,5.25,5,2,1,1,2,2.2,4,7,3,7,6,6,5,5.666666666666667,1,2,2,1.6666666666666667,2,3,2,2.3333333333333335,4,5,5,3,4.25,5,1,2,2,1,2.2,4,8,7,How pictures form emotions,Not sure,37,Female,White,none,"Yes, you may use my data in the research.",2 times,0.3961568627450981,0.7784313725490196,0.1094372549019608,0.42837254901960786,0,0.23333333333333336,FALSE,FALSE,0,FALSE
16229664,25/06/2026 12:24:28,complete,No threat,SmileNegOne,negative,one,I agree to participate,17,4,1,1,1,1,1,1,1,1,1,1,1,1,2,2,2,1,1.75,7,4,2,7,6,5.2,2,6,4,8,3,1,1,1.6666666666666667,1,1,1,1,1,1,1,1,1,1,1,1,1,1,1,1,1,1,1,1,9,2,5,3,2,2,2.3333333333333335,1,1,1,1,1,1,1,1,1,1,1,1,1,4,4,4,4,4,4,4,7,3,7,1,1,1,1,4,3,1,2.6666666666666665,2,2,3,2.3333333333333335,1,1,1,1,1,1,1,1,1,1,1,4,6,7,to test if certain images or facial expressions can affect mood and math solving ability,whats really being studied,24,Male,Other,none at all,"Yes, you may use my data in the research.",2 times,1,1,0.1749056603773585,2.5334615384615384,0,0.7692307692307693,TRUE,TRUE,1,TRUE
16229666,25/06/2026 15:24:32,complete,No threat,SmilePosOne,positive,one,I agree to participate,17,4,4,4,4,4,1,1,1,1,1,1,1,1,6,6,7,6,6.25,1,1,1,1,1,1,2,6,4,8,6,5,6,5.666666666666667,1,1,1,1,1,1,1,1,6,6,6,6,6,1,1,1,1,1,1,1,9,2,5,7,5,7,6.333333333333333,1,1,1,1,1,1,1,1,7,7,7,7,7,1,1,1,1,1,1,4,7,3,7,6,5,6,5.666666666666667,1,1,1,1,1,1,1,1,7,6,6,6,6.25,1,1,1,1,1,1,4,8,7,NA,How physical movement affects emotion,39,Male,White,NA,"Yes, you may use my data in the research.",2 times,1,1,0,3.357692307692308,0,1,TRUE,TRUE,0,FALSE
16229670,25/06/2026 15:25:31,complete,Threat,SmileNegTen,negative,ten,I agree to participate,17,4,NA,5,5,5,1,1,1,1,1,1,1,1,7,7,7,7,7,1,1,1,1,1,1,2,6,4,8,1,1,1,1,1,1,1,1,1,1,1,1,7,7,7,7,7,1,1,1,1,1,1,1,9,2,5,1,1,1,1,7,1,1,3,1,1,1,1,7,6,7,6,6.5,1,1,1,1,1,1,4,7,3,7,1,1,1,1,7,3,3,4.333333333333333,2,1,1,1.3333333333333333,7,6,7,6,6.5,1,1,1,2,1,1.2,4,8,7,To see if someone changes their emotions and opinions on life after seeing different events in the world.,Maybe the missing details are that you can calm your mind by thinking of good things.,47,Female,White,NA,"Yes, you may use my data in the research.",2 times,0.701131221719457,0.9072398190045248,0.09416176470588236,1.4262922322775264,0.03137254901960783,0.854524886877828,FALSE,FALSE,0,FALSE
16229671,25/06/2026 13:50:31,complete,Threat,SmileNegOne,negative,one,I agree to participate,17,4,2,1,2,1.6666666666666667,1,1,1,1,1,1,1,1,4,3,5,3,3.75,4,1,1,1,1,1.6,2,6,4,8,1,1,1,1,1,1,1,1,1,1,1,1,3,3,5,3,3.5,4,1,1,1,1,1.6,1,9,2,5,2,1,3,2,1,1,1,1,1,1,1,1,4,3,5,3,3.75,4,1,1,1,1,1.6,4,7,3,7,1,1,1,1,1,1,1,1,1,1,1,1,3,3,5,3,3.5,4,1,1,1,1,1.6,4,8,7,I think the study wanted to see if more phsycial tasks would change the speed that we were able to asnwer the math questions,Perhaps the math wasn't important at all and the real focus was our answers to the feeling questions,23,Female,Black,NA,"Yes, you may use my data in the research.",2 times,1,1,0,3.728269230769231,0,1,TRUE,TRUE,0,FALSE
16229672,25/06/2026 15:26:03,complete,Threat,SmilePosTen,positive,ten,I agree to participate,17,4,2,2,2,2,1,1,1,1,3,1,2,2,3,5,4,2,3.5,7,7,7,6,7,6.8,2,6,4,8,1,1,1,1,1,1,1,1,2,1,1,1.3333333333333333,3,4,3,2,3,7,7,7,6,7,6.8,1,9,2,5,1,1,1,1,1,1,1,1,5,5,5,5,4,4,3,2,3.25,7,7,6,7,7,6.8,4,7,3,7,2,2,2,2,1,1,1,1,3,2,2,2.3333333333333335,4,4,3,2,3.25,7,7,6,7,7,6.8,4,8,7,To see if certain actions cause different answers to questions based on the mood that said actions produced,Maybe something to do with ai? I feel like every study on this site is related to ai in some way,25,Male,White,NA,"Yes, you may use my data in the research.",2 times,0.9943396226415094,1,0.00111320754716981,2.8682078459830955,0,0.9823529411764708,TRUE,TRUE,0,FALSE
16229782,25/06/2026 14:27:43,complete,No threat,NaturaPosOne,positive,one,I agree to participate,17,4,1,1,1,1,1,1,1,1,1,1,1,1,6,6,6,7,6.25,3,1,1,1,1,1.4,2,6,4,8,1,1,1,1,1,1,1,1,1,1,1,1,6,6,6,7,6.25,3,1,1,1,1,1.4,1,9,2,5,1,1,1,1,1,1,1,1,1,1,1,1,6,6,6,7,6.25,3,1,1,1,1,1.4,4,7,3,7,1,1,1,1,1,1,1,1,1,1,1,1,6,6,6,7,6.25,3,1,1,1,1,1.4,4,8,7,Judging if miming other humans showing a certain emotion affects our emotional state.,"I'm not sure. That this study focuses mostly on the psychology/emotional state, and not the math at all, really?",22,__other,White,No issues,"Yes, you may use my data in the research.",2 times,1,1,0,1.897692307692308,0,1,TRUE,TRUE,0,TRUE
16229792,25/06/2026 15:31:54,complete,Threat,NaturaPosOne,positive,one,I agree to participate,17,4,2,2,2,2,2,2,2,2,3,3,3,3,7,7,7,7,7,2,2,2,2,2,2,2,6,4,8,2,2,1,1.6666666666666667,1,1,1,1,2,2,2,2,7,7,7,7,7,1,1,1,1,1,1,1,9,2,5,3,3,4,3.3333333333333335,1,1,1,1,1,1,1,1,7,7,7,7,7,1,1,1,1,1,1,4,7,3,7,3,3,3,3,1,1,1,1,1,1,1,1,7,7,7,6,6.75,1,1,1,1,1,1,4,8,7,"Studying our body movements, ability to solve simple math problems, and ability to follow directions",Why we were asked to blink and hit our finger on our nose,41,Female,White,none,"Yes, you may use my data in the research.",2 times,1,1,0,0,0,0,FALSE,FALSE,0,FALSE
16229828,25/06/2026 14:43:04,complete,No threat,SmileNegTen,negative,ten,I agree to participate,17,4,4,4,1,3,1,1,1,1,1,1,1,1,7,7,7,7,7,1,1,1,1,1,1,2,6,4,8,1,1,1,1,1,1,1,1,1,1,1,1,7,7,7,7,7,1,1,1,1,1,1,1,9,2,5,5,1,1,2.3333333333333335,4,1,1,2,1,1,1,1,7,7,7,7,7,1,1,1,1,1,1,4,7,3,7,1,1,1,1,4,1,1,2,1,1,1,1,7,7,7,7,7,1,1,1,1,1,1,4,8,7,Understanding non-verbal reactions to distressing images,I'm not sure,20,Male,White,NA,"Yes, you may use my data in the research.",2 times,1,1,0.6297115384615385,3.3830043541364296,0.01346153846153845,1,TRUE,TRUE,0,FALSE
16229981,25/06/2026 15:20:44,complete,Threat,NaturaNegTen,negative,ten,I agree to participate,17,4,3,3,1,2.3333333333333335,1,1,1,1,4,4,4,4,5,5,5,5,5,4,1,1,1,1,1.6,2,6,4,8,1,2,1,1.3333333333333333,2,1,1,1.3333333333333333,5,6,5,5.333333333333333,6,6,6,6,6,5,3,2,3,4,3.4,1,9,2,5,1,1,1,1,7,3,3,4.333333333333333,7,7,7,7,6,6,6,6,6,5,4,3,4,4,4,4,7,3,7,1,1,1,1,7,5,4,5.333333333333333,7,7,7,7,5,6,6,6,5.75,4,3,1,6,3,3.4,4,8,7,"no idea, but those images were disturbing",i don't know,45,Female,White,NA,"Yes, you may use my data in the research.",2 times,1,1,0.01213904066706508,3.673657111756168,0,0.9846153846153848,TRUE,TRUE,0,FALSE
16230045,25/06/2026 16:40:35,complete,No threat,SmileNegTen,negative,ten,I agree to participate,17,4,3,3,3,3,5,5,5,5,5,5,5,5,1,1,1,1,1,3,2,3,2,1,2.2,2,6,4,8,1,1,1,1,4,4,4,4,4,4,4,4,2,1,2,2,1.75,6,6,6,6,6,6,1,9,2,5,1,1,1,1,4,4,4,4,4,4,4,4,1,2,2,1,1.5,6,7,6,6,7,6.4,4,7,3,7,1,1,1,1,4,4,4,4,2,2,2,2,1,1,1,1,1,6,6,6,6,6,6,4,8,7,to torture me with pictures of abused dogs,NA,28,Male,White,NA,"Yes, you may use my data in the research.",2 times,1,0.9725490196078432,0.8388170053217223,0.8600297888386124,0.19615384615384615,0.20192307692307696,FALSE,FALSE,0,FALSE
16230234,25/06/2026 16:40:59,complete,Threat,NaturaPosOne,positive,one,I agree to participate,17,4,2,2,3,2.3333333333333335,1,1,1,1,1,1,1,1,5,5,5,5,5,1,1,1,1,1,1,2,6,4,8,2,2,2,2,1,1,1,1,1,1,1,1,5,5,5,5,5,1,1,1,1,1,1,1,9,2,5,2,2,2,2,1,1,1,1,1,1,1,1,5,5,5,5,5,1,1,1,1,1,1,4,7,3,7,2,2,2,2,1,1,1,1,1,1,1,1,5,5,5,5,5,1,1,1,1,1,1,4,8,7,How one body language cahnge after solving maths problems,No idea.,29,Male,Black,None,"Yes, you may use my data in the research.",2 times,1,0.8846153846153846,0,1.7321153846153845,0,0.75,TRUE,TRUE,0,FALSE
16230235,25/06/2026 17:41:05,complete,No threat,SmilePosOne,positive,one,I agree to participate,17,4,1,1,1,1,1,1,1,1,1,1,1,1,4,4,1,1,2.5,7,7,7,6,7,6.8,2,6,4,8,1,2,1,1.3333333333333333,1,1,1,1,1,1,1,1,4,4,1,1,2.5,7,7,7,6,7,6.8,1,9,2,5,1,1,1,1,1,1,1,1,1,1,1,1,4,4,1,1,2.5,7,7,7,6,7,6.8,4,7,3,7,1,1,1,1,1,1,1,1,1,1,1,1,4,4,1,1,2.5,7,7,7,6,7,6.8,4,8,7,The purpose of the study may be to gauge how physical activity affects mathematical performance and speed.,They may pertain to why these specific camera movements were chosen.,23,Gender variant / non-conforming,White,NA,"Yes, you may use my data in the research.",2 times,1,1,0,2.3211538461538463,0,0.8846153846153845,TRUE,TRUE,0,FALSE
16230236,25/06/2026 14:41:12,complete,No threat,SmilePosOne,positive,one,I agree to participate,17,4,4,3,2,3,1,1,1,1,1,1,4,2,2,3,3,2,2.5,2,1,1,1,2,1.4,2,6,4,8,4,2,2,2.6666666666666665,1,1,1,1,3,2,3,2.6666666666666665,2,2,2,4,2.5,3,1,1,1,1,1.4,1,9,2,5,3,3,2,2.6666666666666665,1,1,1,1,2,1,2,1.6666666666666667,2,3,3,3,2.75,3,1,1,1,1,1.4,4,7,3,7,2,1,2,1.6666666666666667,1,1,1,1,3,2,3,2.6666666666666665,2,2,2,4,2.5,3,1,1,1,1,1.4,4,8,7,Im not sure,I really couldn't say,33,Male,White,N/a,"Yes, you may use my data in the research.",2 times,1,1,0,1.551923076923077,0,0,TRUE,FALSE,0,FALSE
16230237,25/06/2026 17:41:20,complete,Threat,NaturaPosTen,positive,ten,I agree to participate,17,4,4,2,2,2.6666666666666665,1,1,1,1,1,1,1,1,2,2,2,1,1.75,7,6,6,6,6,6.2,2,6,4,8,4,3,2,3,1,1,1,1,1,1,1,1,2,2,2,1,1.75,7,6,6,6,6,6.2,1,9,2,5,4,4,4,4,1,1,1,1,1,1,1,1,2,2,2,1,1.75,7,6,6,6,6,6.2,4,7,3,7,4,4,4,4,1,1,1,1,1,1,1,1,2,2,2,1,1.75,7,6,6,6,6,6.2,4,8,7,"to see if looking at nice pictures, holding positive facial expressions, or doing something to be more present changed how we felt about life.",what the purpose of each physical movement tasks were.,22,Female,White,NA,"Yes, you may use my data in the research.",2 times,1,1,0,2.0119294871794873,0,0.992156862745098,TRUE,TRUE,0,TRUE
16230238,25/06/2026 17:41:07,complete,Threat,NaturaNegOne,negative,one,I agree to participate,17,4,1,2,2,1.6666666666666667,2,1,1,1.3333333333333333,5,5,5,5,3,3,2,2,2.5,6,5,4,5,5,5,2,6,4,8,2,2,2,2,1,1,1,1,5,4,5,4.666666666666667,2,3,2,2,2.25,7,5,5,5,5,5.4,1,9,2,5,5,3,3,3.6666666666666665,1,1,1,1,4,5,6,5,2,3,2,2,2.25,7,5,5,5,5,5.4,4,7,3,7,2,2,1,1.6666666666666667,2,2,1,1.6666666666666667,4,4,3,3.6666666666666665,2,3,2,2,2.25,6,5,5,5,5,5.2,4,8,7,State of mind or emotions after an event.,If smiling improves your mood?,38,Male,White,none,"Yes, you may use my data in the research.",1 time,1,1,0,2.1748076923076924,0,1,TRUE,TRUE,0,TRUE
16230239,25/06/2026 17:41:29,complete,Threat,SmileNegOne,negative,one,I agree to participate,17,4,4,4,2,3.3333333333333335,2,2,2,2,2,2,2,2,4,4,4,4,4,3,3,2,2,3,2.6,2,6,4,8,2,2,2,2,2,2,2,2,3,3,3,3,4,4,4,4,4,3,2,2,2,3,2.4,1,9,2,5,3,3,3,3,2,2,2,2,2,2,2,2,4,4,4,4,4,2,3,2,2,3,2.4,4,7,3,7,2,2,2,2,2,2,2,2,3,2,3,2.6666666666666665,4,4,4,4,4,3,3,2,2,3,2.6,4,8,7,To test how multitasking affects mood and performance,No idea,36,Male,White,NA,"Yes, you may use my data in the research.",2 times,1,1,0,0.4607692307692307,0,1,FALSE,TRUE,0,FALSE
16230240,25/06/2026 17:41:28,complete,No threat,SmileNegTen,negative,ten,I agree to participate,17,4,1,3,4,2.6666666666666665,1,1,1,1,1,1,1,1,7,6,7,7,6.75,1,1,1,1,1,1,2,6,4,8,1,1,1,1,1,1,1,1,1,2,1,1.3333333333333333,7,7,6,7,6.75,1,1,1,1,1,1,1,9,2,5,1,1,1,1,7,1,1,3,1,3,1,1.6666666666666667,7,6,7,7,6.75,1,1,1,1,1,1,4,7,3,7,1,1,1,1,7,1,1,3,1,1,3,1.6666666666666667,7,6,7,7,6.75,1,1,1,1,1,1,4,8,7,how good can i multitask,i dont know,34,Male,Black,none,"Yes, you may use my data in the research.",2 times,1,1,1.7035686274509805,1.997686274509804,1,1,FALSE,FALSE,0,FALSE
16230241,25/06/2026 16:41:32,complete,Threat,SmilePosOne,positive,one,I agree to participate,17,4,3,5,5,4.333333333333333,2,1,1,1.3333333333333333,1,1,1,1,3,3,3,3,3,5,5,5,5,5,5,2,6,4,8,3,3,5,3.6666666666666665,1,1,1,1,1,1,1,1,2,2,2,2,2,4,4,4,4,4,4,1,9,2,5,3,2,5,3.3333333333333335,1,1,1,1,1,1,1,1,3,3,3,3,3,4,4,4,4,4,4,4,7,3,7,4,4,4,4,1,1,1,1,1,1,1,1,2,2,2,2,2,4,2,4,4,4,3.6,4,8,7,to see how well people follow directions,not sure to be honest,49,Female,White,none,"Yes, you may use my data in the research.",2 times,1,1,0.6823076923076923,0.30596153846153845,0.9423076923076924,0.3846153846153844,FALSE,FALSE,0,FALSE
16230242,25/06/2026 17:41:36,complete,No threat,NaturaNegOne,negative,one,I agree to participate,17,4,4,4,4,4,5,4,4,4.333333333333333,4,4,5,4.333333333333333,5,5,6,2,4.5,3,1,1,1,1,1.4,2,6,4,8,2,1,1,1.3333333333333333,1,1,1,1,1,1,2,1.3333333333333333,6,5,6,2,4.75,4,1,1,1,1,1.6,1,9,2,5,2,1,1,1.3333333333333333,2,1,1,1.3333333333333333,3,3,3,3,6,5,6,2,4.75,4,1,1,1,1,1.6,4,7,3,7,3,1,1,1.6666666666666667,4,1,1,2,1,1,3,1.6666666666666667,5,5,6,2,4.5,3,1,1,1,1,1.4,4,8,7,I truly don't know the possible correlation of the tasks & math problems.,NA,18,Male,Other,None.,"Yes, you may use my data in the research.",2 times,1,1,0.01576923076923078,2.805576923076923,0,1,TRUE,TRUE,0,FALSE
16230243,25/06/2026 15:41:37,complete,No threat,NaturaPosTen,positive,ten,I agree to participate,17,4,1,2,1,1.3333333333333333,1,1,1,1,5,4,7,5.333333333333333,3,4,3,2,3,5,4,3,4,6,4.4,2,6,4,8,3,2,3,2.6666666666666665,1,1,1,1,1,1,1,1,3,3,3,3,3,2,2,3,2,4,2.6,1,9,2,5,3,4,4,3.6666666666666665,1,1,1,1,1,1,1,1,3,4,3,4,3.5,1,3,3,1,4,2.4,4,7,3,7,7,7,6,6.666666666666667,1,1,1,1,1,1,1,1,4,5,5,3,4.25,1,3,3,1,7,3,4,8,7,To determine the link between asked to do something and emotions,how feelings and emotions played a part in the study,46,Female,White,None,"Yes, you may use my data in the research.",2 times,1,1,1.7883876319758674,0.4855844645550528,0.9653846153846154,0.03653846153846153,FALSE,FALSE,0,FALSE
16230244,25/06/2026 17:41:39,complete,No threat,NaturaPosTen,positive,ten,I agree to participate,17,4,1,1,1,1,1,1,1,1,2,1,1,1.3333333333333333,3,3,3,1,2.5,5,2,3,4,5,3.8,2,6,4,8,4,3,3,3.3333333333333335,1,1,1,1,2,2,2,2,3,3,3,1,2.5,5,2,3,4,5,3.8,1,9,2,5,5,3,5,4.333333333333333,1,1,1,1,2,2,2,2,3,3,3,1,2.5,4,4,3,3,4,3.6,4,7,3,7,5,6,5,5.333333333333333,1,1,1,1,1,1,1,1,3,3,3,1,2.5,5,2,3,2,5,3.4,4,8,7,Mood booster affect people's ability to solve quick math,The very basic addition had nothing to do with the study,24,Male,Asian,No issues,"Yes, you may use my data in the research.",2 times,0.37884615384615383,0.9980769230769232,0,2.6194038461538462,0,0.9788461538461538,FALSE,FALSE,0,FALSE
16230246,25/06/2026 17:41:40,complete,Threat,NaturaNegOne,negative,one,I agree to participate,17,4,1,1,1,1,2,2,1,1.6666666666666667,4,4,4,4,3,3,5,2,3.25,4,4,1,4,2,3,2,6,4,8,NA,1,1,1,1,1,1,1,2,2,2,2,5,3,5,3,4,4,2,1,3,1,2.2,1,9,2,5,1,2,1,1.3333333333333333,4,1,1,2,1,1,1,1,5,5,5,2,4.25,NA,2,1,5,1,2.25,4,7,3,7,1,5,1,2.3333333333333335,6,1,1,2.6666666666666665,1,1,1,1,5,5,5,3,4.5,4,1,1,3,2,2.2,4,8,7,not sure,not sure,46,Female,White,"I was unclear on some of the instructions and panicked a bit, so I may have gotten some wrong!","Yes, you may use my data in the research.",2 times,1,1,0.1355769230769231,0.06923076923076923,0,0,FALSE,FALSE,0,FALSE
16230247,25/06/2026 14:41:46,complete,Threat,SmilePosTen,positive,ten,I agree to participate,17,4,1,1,1,1,1,1,1,1,4,4,6,4.666666666666667,NA,5,5,5,5,2,1,1,1,1,1.2,2,6,4,8,1,2,1,1.3333333333333333,1,1,1,1,1,1,2,1.3333333333333333,5,5,5,5,5,2,1,1,1,1,1.2,1,9,2,5,3,1,3,2.3333333333333335,1,1,1,1,2,2,1,1.6666666666666667,5,5,5,5,5,2,1,1,1,1,1.2,4,7,3,7,3,3,3,3,NA,1,1,1,1,1,1,1,5,5,5,5,5,2,1,1,1,1,1.2,4,8,7,eye tracking,I don't know,48,Female,White,On the second task it took me a minute to realize that I had interpreted the instructions incorrectly so that's why I'm moving weirdly at first.,"Yes, you may use my data in the research.",2 times,0.9980769230769232,0.9923076923076924,0.19717307692307692,0.9417115384615384,0.13846153846153844,0.8,FALSE,TRUE,0,FALSE
16230248,25/06/2026 14:41:47,complete,No threat,SmileNegOne,negative,one,I agree to participate,17,4,4,4,4,4,5,6,5,5.333333333333333,6,5,6,5.666666666666667,3,3,3,4,3.25,5,6,7,5,6,5.8,2,6,4,8,4,6,5,5,4,4,5,4.333333333333333,4,5,4,4.333333333333333,3,4,3,4,3.5,5,7,6,5,6,5.8,1,9,2,5,4,3,3,3.3333333333333335,6,5,5,5.333333333333333,5,6,5,5.333333333333333,3,2,3,3,2.75,4,7,6,6,6,5.8,4,7,3,7,3,4,3,3.3333333333333335,6,5,6,5.666666666666667,5,6,5,5.333333333333333,3,2,4,3,3,4,6,5,5,7,5.4,4,8,7,To see body movement and math abilities and related emotions,Why that the study is about?,30,Female,Asian,NA,"Yes, you may use my data in the research.",2 times,NA,NA,NA,NA,NA,NA,NA,NA,0,FALSE
16230249,25/06/2026 17:41:48,complete,No threat,NaturaPosOne,positive,one,I agree to participate,17,4,5,4,3,4,2,2,2,2,3,3,2,2.6666666666666665,2,3,3,4,3,2,2,3,4,2,2.6,2,6,4,8,6,6,5,5.666666666666667,5,5,4,4.666666666666667,7,5,6,6,5,5,5,4,4.75,5,5,7,5,6,5.6,1,9,2,5,5,5,5,5,5,7,4,5.333333333333333,7,6,6,6.333333333333333,7,6,6,5,6,6,3,5,4,6,4.8,4,7,3,7,6,6,5,5.666666666666667,7,5,5,5.666666666666667,7,3,6,5.333333333333333,6,4,5,5,5,6,4,5,5,5,5,4,8,7,to test my math,to evaluate equations,30,Female,White,no problems,"Yes, you may use my data in the research.",2 times,1,1,0,0,0,0,FALSE,FALSE,0,FALSE
16230250,25/06/2026 17:41:47,complete,Threat,NaturaNegTen,negative,ten,I agree to participate,17,4,1,1,2,1.3333333333333333,1,1,1,1,1,1,1,1,1,2,1,1,1.25,2,3,5,5,5,4,2,6,4,8,1,1,1,1,1,1,1,1,1,1,1,1,1,2,1,1,1.25,3,3,6,3,6,4.2,1,9,2,5,1,1,1,1,2,1,1,1.3333333333333333,3,3,2,2.6666666666666665,1,2,1,1,1.25,3,3,5,4,6,4.2,4,7,3,7,1,1,1,1,5,1,1,2.3333333333333335,3,2,1,2,2,1,1,1,1.25,2,2,5,4,5,3.6,4,8,7,I have no idea,I have no idea,53,Male,White,no issues,"Yes, you may use my data in the research.",2 times,0.926923076923077,1,5.7692307692307725e-5,0.8352115384615385,0,0.8769230769230769,FALSE,TRUE,0,FALSE
16230251,25/06/2026 14:42:00,complete,No threat,SmileNegOne,negative,one,I agree to participate,17,4,1,1,1,1,1,1,1,1,2,2,2,2,6,7,7,7,6.75,4,1,1,1,1,1.6,6,6,4,8,1,1,2,1.3333333333333333,1,1,1,1,2,1,2,1.6666666666666667,6,7,7,7,6.75,4,1,1,1,1,1.6,1,9,2,5,3,2,3,2.6666666666666665,1,1,1,1,1,1,1,1,6,7,7,7,6.75,4,1,1,1,1,1.6,4,7,3,7,1,1,1,1,1,1,1,1,1,1,2,1.3333333333333333,6,7,7,7,6.75,4,1,1,1,1,1.6,4,8,7,To get me and others to do different things to see our natural emotions after.,Not sure entirely but maybe it is testing emotions.,30,Male,Other,NA,"Yes, you may use my data in the research.",2 times,1,1,0.33134615384615385,3.038846153846154,0,1,TRUE,TRUE,1,FALSE
16230252,25/06/2026 14:42:04,complete,Threat,NaturaPosOne,positive,one,I agree to participate,17,4,1,1,1,1,1,1,1,1,1,1,1,1,4,4,4,4,4,6,4,4,4,5,4.6,2,6,4,8,1,1,1,1,1,1,1,1,1,1,1,1,4,3,4,3,3.5,5,4,5,5,5,4.8,1,9,2,5,1,1,1,1,1,1,1,1,1,1,1,1,4,4,NA,3,3.6666666666666665,5,3,3,3,3,3.4,4,7,3,7,3,1,1,1.6666666666666667,1,1,1,1,2,1,NA,1.5,4,4,4,4,4,5,4,4,4,4,4.2,4,8,7,Something related to face expressions and body movement?,Expressions and triggers,33,Female,Other,N/A,"Yes, you may use my data in the research.",2 times,1,1,0,2.2034615384615384,0,1,TRUE,TRUE,0,FALSE
16230253,25/06/2026 16:42:03,complete,Threat,SmileNegTen,negative,ten,I agree to participate,17,4,1,1,1,1,1,1,1,1,1,1,1,1,3,3,4,4,3.5,4,2,2,2,2,2.4,2,6,4,8,1,1,1,1,1,1,1,1,1,1,1,1,3,3,3,4,3.25,4,2,2,2,2,2.4,1,9,2,5,1,1,1,1,1,1,1,1,2,2,2,2,3,3,4,4,3.5,4,2,2,2,2,2.4,4,7,3,7,1,1,1,1,1,1,1,1,1,1,1,1,3,3,4,4,3.5,4,2,2,2,2,2.4,4,8,7,To determine the effect of distressing images on someone's mood and their ability to complete tasks.,I am not sure.,22,Male,Other,NA,"Yes, you may use my data in the research.",2 times,1,1,0.04825,3.0687129898403485,0,0.959687953555878,TRUE,TRUE,0,FALSE
16230254,25/06/2026 16:42:09,complete,Threat,SmileNegOne,negative,one,I agree to participate,17,4,2,1,2,1.6666666666666667,1,1,1,1,2,1,2,1.6666666666666667,5,5,5,6,5.25,3,1,1,2,2,1.8,2,6,4,8,3,2,3,2.6666666666666665,1,1,1,1,1,1,2,1.3333333333333333,5,5,5,6,5.25,3,1,1,2,2,1.8,1,9,2,5,3,2,3,2.6666666666666665,2,1,1,1.3333333333333333,1,1,1,1,5,5,5,6,5.25,3,1,1,2,2,1.8,4,7,3,7,3,1,3,2.3333333333333335,2,1,1,1.3333333333333333,2,1,2,1.6666666666666667,5,5,5,6,5.25,3,1,1,2,2,1.8,4,8,7,To see how people racted to poor animals?,IDK.,30,Male,White,None.,"Yes, you may use my data in the research.",2 times,1,1,0.7596153846153846,2.2638461538461536,0,1,TRUE,TRUE,0,FALSE
16230256,25/06/2026 17:42:13,complete,Threat,SmilePosTen,positive,ten,I agree to participate,17,4,1,3,1,1.6666666666666667,1,1,1,1,2,2,2,2,3,4,4,5,4,6,1,1,3,1,2.4,2,6,4,8,1,3,2,2,1,1,1,1,1,1,1,1,3,4,4,5,4,6,1,1,2,1,2.2,1,9,2,5,1,2,1,1.3333333333333333,1,1,1,1,3,2,3,2.6666666666666665,3,4,3,5,3.75,6,1,1,2,1,2.2,4,7,3,7,1,2,1,1.3333333333333333,1,1,1,1,2,1,3,2,3,4,4,5,4,6,1,1,2,1,2.2,4,8,7,"at first I thought it was about the impact on particular movements on math ability, but as the study continued, I suspected it to actually be about determining  the impact of particular movements and photos on emotions anbd attitudes towards life","that it was more to study the impact on the affect of particular movements and photos on one's emotions and attitudes towards life. Although with these 2 recent questions, maybe it is actually about determining how likely people are to guess the ""real purpose"" of experiments if the initial purpose is stated to be otherwise",24,Female,White,NA,"Yes, you may use my data in the research.",2 times,1,0.95,0.01260050798258345,2.016844702467344,0.0423076923076923,0.9423076923076924,TRUE,TRUE,0,FALSE
16230257,25/06/2026 16:42:16,complete,No threat,NaturaNegOne,negative,one,I agree to participate,17,4,1,1,1,1,1,1,1,1,1,1,1,1,1,1,1,1,1,1,1,1,1,1,1,2,6,4,8,1,1,1,1,1,1,1,1,1,1,1,1,1,1,1,1,1,1,1,1,1,1,1,1,9,2,5,1,1,1,1,1,1,1,1,2,2,1,1.6666666666666667,1,1,1,1,1,1,1,1,1,1,1,4,7,3,7,1,1,1,1,1,1,1,1,1,1,1,1,1,1,1,1,1,1,1,1,1,1,1,4,8,7,I believe the purpose was to study one's facial expressions in reaction to shocking scenarios.,I believe the exercises were done to prevent Deepfakes.,26,Male,White,NA,"Yes, you may use my data in the research.",2 times,1,1,0.00173076923076923,1.3807692307692307,0,1,FALSE,TRUE,0,FALSE
16230258,25/06/2026 16:42:18,complete,No threat,SmileNegTen,negative,ten,I agree to participate,17,4,4,4,4,4,NA,2,2,2,5,2,5,4,5,4,5,3,4.25,6,2,2,4,1,3,2,6,4,8,2,3,3,2.6666666666666665,1,1,1,1,1,1,3,1.6666666666666667,5,5,5,3,4.5,6,2,2,2,1,2.6,1,9,2,5,1,1,1,1,6,6,6,6,6,6,5,5.666666666666667,4,5,5,3,4.25,6,2,2,4,2,3.2,4,7,3,7,1,1,1,1,6,5,5,5.333333333333333,7,5,6,6,5,5,4,2,4,6,2,2,2,1,2.6,4,8,7,"The effect about self perception after seeing disturbing images, and also how the focus changes",The study is about mental health,43,Female,White,No issues,"Yes, you may use my data in the research.",2 times,1,1,0.37136538461538465,1.3425769230769231,0.3692307692307693,1,FALSE,TRUE,0,FALSE
16230259,25/06/2026 16:42:21,complete,No threat,SmilePosTen,positive,ten,I agree to participate,17,4,1,5,1,2.3333333333333335,1,1,1,1,1,1,1,1,1,4,3,1,2.25,3,2,2,3,3,2.6,2,6,4,8,1,1,3,1.6666666666666667,1,1,1,1,1,1,1,1,2,3,2,1,2,3,2,1,1,2,1.8,1,9,2,5,4,4,5,4.333333333333333,1,1,1,1,2,3,2,2.3333333333333335,1,4,3,1,2.25,3,2,1,2,1,1.8,4,7,3,7,5,5,6,5.333333333333333,1,1,1,1,1,1,1,1,1,3,3,1,2,3,2,1,2,2,2,4,8,7,I think it may have to to with some sort of pavlov effect.,This study is being used to train ai bots how to respond to stimuli like humans do.,29,Male,White,"I had no issues with the study. Although I DO have a suggestion: whenever the questionaire asks how the user felt during the task, ""confused"" should be an option. That's a feeling I felt when I was asked to poke my nose once every second for five seconds.","Yes, you may use my data in the research.",2 times,1,1,0.921244557329463,1.9268715529753264,0.2576923076923077,0.30079825834542817,FALSE,FALSE,0,FALSE
16230260,25/06/2026 16:42:17,complete,Threat,NaturaPosOne,positive,one,I agree to participate,17,4,1,1,1,1,1,1,1,1,1,1,1,1,2,2,1,1,1.5,6,5,5,6,7,5.8,2,6,4,8,1,1,1,1,1,1,1,1,1,1,1,1,2,1,1,1,1.25,7,6,6,6,6,6.2,1,9,2,5,1,1,1,1,1,1,1,1,1,1,1,1,1,2,2,1,1.5,7,6,7,6,6,6.4,4,7,3,7,1,1,1,1,1,1,1,1,1,1,1,1,1,2,2,1,1.5,7,5,6,5,6,5.8,4,8,7,I dont really know. To see if doing an activity changes how one feels? I recently just got out of a toxic relationship so no matter what do I still feel horrible. My answers didn't really change cause I have been depressed lately...,Im really not sure Im sorry,22,Female,White,I dont really understand what this study is for,"Yes, you may use my data in the research.",2 times,1,1,0.4115384615384615,3.411346153846154,0,0.923076923076923,TRUE,TRUE,0,FALSE
16230261,25/06/2026 14:42:23,complete,Threat,SmilePosOne,positive,one,I agree to participate,17,4,2,1,3,2,NA,1,1,1,1,1,1,1,4,3,4,1,3,5,5,5,5,5,5,2,6,4,8,1,1,2,1.3333333333333333,1,1,1,1,1,1,1,1,1,3,4,4,3,4,3,4,4,4,3.8,1,9,2,5,3,2,1,2,1,2,1,1.3333333333333333,1,1,1,1,4,4,4,1,3.25,5,5,4,5,5,4.8,4,7,3,7,1,1,1,1,1,1,1,1,1,1,1,1,4,3,4,1,3,4,4,3,NA,4,3.75,4,8,7,Facial expressions affecting overall mood,AI information?,32,Male,Asian,NA,"Yes, you may use my data in the research.",2 times,1,1,0,2.0917307692307694,0,1,TRUE,TRUE,0,TRUE
16230262,25/06/2026 17:42:22,complete,Threat,SmilePosTen,positive,ten,I agree to participate,17,4,5,7,7,6.333333333333333,1,1,1,1,1,1,1,1,6,6,6,7,6.25,1,1,1,1,1,1,2,6,4,8,6,6,6,6,1,1,1,1,1,1,1,1,7,6,6,7,6.5,1,1,1,1,1,1,1,9,2,5,1,7,6,4.666666666666667,1,1,1,1,1,1,1,1,7,6,6,6,6.25,1,1,1,1,1,1,4,7,3,7,6,6,6,6,1,1,1,1,1,1,1,1,6,6,7,6,6.25,1,1,1,1,1,1,4,8,7,how one follows orders,to see if we obey,54,Female,White,none,"Yes, you may use my data in the research.",1 time,0.9923076923076924,1,0.07540497737556563,0.4641817496229261,0.01738310708898943,0.20961538461538465,FALSE,FALSE,0,FALSE
16230263,25/06/2026 16:42:33,complete,No threat,NaturaNegOne,negative,one,I agree to participate,17,4,4,4,5,4.333333333333333,1,1,1,1,1,2,1,1.3333333333333333,5,5,6,6,5.5,5,1,1,1,1,1.8,2,6,4,8,3,3,2,2.6666666666666665,1,1,1,1,3,2,3,2.6666666666666665,NA,4,5,5,4.666666666666667,5,1,1,1,1,1.8,1,9,2,5,1,1,1,1,1,1,1,1,7,7,7,7,5,5,5,5,5,5,1,1,1,1,1.8,4,7,3,7,1,1,1,1,3,1,2,2,6,6,6,6,5,4,5,5,4.75,5,1,1,1,1,1.8,4,8,7,NA,attention,55,Male,Black,NA,"Yes, you may use my data in the research.",2 times,1,1,0.04423076923076923,0.16826923076923073,0.07692307692307689,0,FALSE,FALSE,0,FALSE
16230264,25/06/2026 17:42:29,complete,Threat,SmileNegOne,negative,one,I agree to participate,17,4,4,4,4,4,1,1,1,1,1,1,1,1,6,7,6,4,5.75,1,1,1,1,1,1,2,6,4,8,1,1,1,1,1,1,1,1,1,1,1,1,6,6,6,4,5.5,1,1,1,1,1,1,1,9,2,5,1,1,1,1,4,1,1,2,1,1,1,1,6,6,6,4,5.5,1,1,1,1,1,1,4,7,3,7,1,1,1,1,1,1,1,1,1,1,1,1,6,6,6,4,5.5,1,1,1,1,1,1,4,8,7,I have no idea honestly.,I cannot say.,33,Male,Black,N/A,"Yes, you may use my data in the research.",2 times,1,1,0,3.689807692307693,0,1,TRUE,TRUE,0,FALSE
16230265,25/06/2026 16:42:28,complete,No threat,SmilePosTen,positive,ten,I agree to participate,17,4,2,1,2,1.6666666666666667,1,3,3,2.3333333333333335,1,1,1,1,4,3,4,3,3.5,6,4,4,5,5,4.8,2,6,4,8,1,1,1,1,1,1,1,1,1,1,2,1.3333333333333333,3,3,4,3,3.25,4,1,1,1,4,2.2,1,9,2,5,5,4,5,4.666666666666667,1,1,2,1.3333333333333333,1,1,1,1,3,3,4,3,3.25,5,1,2,1,2,2.2,4,7,3,7,2,NA,2,2,1,NA,1,1,2,1,NA,1.5,3,3,4,3,3.25,5,1,1,1,3,2.2,4,8,7,See if pictures change your mood,To tell mood not math,51,Female,White,none,"Yes, you may use my data in the research.",2 times,1,1,0,1.97675,0,1,TRUE,TRUE,0,FALSE
16230266,25/06/2026 16:42:27,complete,Threat,SmileNegOne,negative,one,I agree to participate,17,4,1,1,1,1,1,1,1,1,1,1,1,1,3,4,4,5,4,5,4,4,3,5,4.2,2,6,4,8,1,1,1,1,1,1,1,1,1,1,1,1,4,4,3,5,4,5,4,4,3,5,4.2,1,9,2,5,1,1,1,1,1,1,1,1,1,1,1,1,4,4,3,5,4,5,4,4,3,5,4.2,4,7,3,7,1,1,1,1,2,1,1,1.3333333333333333,1,1,1,1,4,4,3,5,4,5,4,4,3,5,4.2,4,8,7,I believe the purpose was evaluating how a combination of physical movements and emotional states affects one's ability to accurately solve simple math problems.,I think those details will have something to do with the study attempting to manipulate the participant's emotional state through images and facial expressions.,30,Female,White,I experienced no technical issues during the study.,"Yes, you may use my data in the research.",2 times,1,1,0,3.5159615384615384,0,1,TRUE,TRUE,0,TRUE
16230267,25/06/2026 17:42:23,complete,No threat,SmileNegOne,negative,one,I agree to participate,17,4,4,7,5,5.333333333333333,4,1,1,2,1,1,1,1,5,4,5,1,3.75,6,5,4,2,3,4,2,6,4,8,2,1,1,1.3333333333333333,1,1,1,1,1,1,1,1,4,4,5,1,3.5,5,2,2,2,2,2.6,1,9,2,5,5,3,6,4.666666666666667,1,1,1,1,1,1,1,1,5,4,5,1,3.75,5,3,3,2,2,3,4,7,3,7,1,1,1,1,1,1,1,1,1,1,2,1.3333333333333333,5,4,5,1,3.75,5,2,2,2,2,2.6,4,8,7,I have no idea. Change of emotion when given a simple command.,I have no clue.,30,Male,White,n/a,"Yes, you may use my data in the research.",2 times,0.19230769230769232,1,0,0.6882692307692307,0,0.13461538461538464,FALSE,FALSE,0,FALSE
16230268,25/06/2026 16:42:33,complete,Threat,NaturaNegTen,negative,ten,I agree to participate,17,4,3,2,1,2,1,1,1,1,1,1,1,1,6,6,6,6,6,5,1,1,1,1,1.8,2,6,4,8,1,1,1,1,1,1,1,1,1,1,1,1,6,6,6,6,6,5,1,1,1,1,1.8,1,9,2,5,1,1,1,1,1,1,1,1,2,1,2,1.6666666666666667,6,6,6,6,6,5,1,1,2,2,2.2,4,7,3,7,1,1,1,1,3,2,3,2.6666666666666665,3,3,2,2.6666666666666665,6,6,6,6,6,5,1,1,3,2,2.4,4,8,7,How people's feelings change when doing certain body movements,The math problems didn't really matter,20,Female,White,NA,"Yes, you may use my data in the research.",2 times,1,1,0,1.7324230769230768,0,0.9788461538461538,TRUE,TRUE,0,FALSE
16230269,25/06/2026 14:42:36,complete,Threat,NaturaNegTen,negative,ten,I agree to participate,17,4,1,2,1,1.3333333333333333,1,1,1,1,1,1,1,1,2,3,3,1,2.25,6,4,3,4,5,4.4,2,6,4,8,1,3,1,1.6666666666666667,1,1,1,1,1,1,1,1,2,4,3,2,2.75,6,5,3,4,5,4.6,1,9,2,5,2,1,1,1.3333333333333333,2,3,2,2.3333333333333335,3,2,2,2.3333333333333335,2,3,3,2,2.5,7,4,3,4,6,4.8,4,7,3,7,1,1,1,1,6,6,6,6,2,3,1,2,2,4,3,1,2.5,7,4,3,4,5,4.6,4,8,7,i am unsure!  understanding better how being less fully focused or present on what's in front of you can affect your current emotional state?,hopefully that those awful photos are not real,39,Female,Mixed,there were no issues :),"Yes, you may use my data in the research.",2 times,1,1,0,2.5172307692307694,0,0.9173076923076924,TRUE,TRUE,0,FALSE
16230270,25/06/2026 17:42:33,complete,Threat,SmilePosOne,positive,one,I agree to participate,17,4,7,7,7,7,NA,2,2,2,4,2,2,2.6666666666666665,7,7,7,7,7,1,3,1,1,1,1.4,2,6,4,8,7,7,7,7,1,2,1,1.3333333333333333,1,1,1,1,3,4,7,3,4.25,1,1,1,1,1,1,1,9,2,5,7,1,6,4.666666666666667,1,1,2,1.3333333333333333,1,4,3,2.6666666666666665,7,4,7,4,5.5,1,1,1,1,1,1,4,7,3,7,7,7,7,7,1,1,1,1,1,1,1,1,7,6,7,7,6.75,1,1,2,1,1,1.2,4,8,7,To perform people  experiences and thoughts,Maybe people how you  you can focus more and everything,30,Female,Mixed,No hope I did okay i  did found out at the end how to do it but thanks again this seems like great study thanks !,"Yes, you may use my data in the research.",2 times,1,0.9615384615384616,2.1234615384615383,0.22211538461538463,1,0,FALSE,FALSE,0,FALSE
16230272,25/06/2026 16:42:40,complete,Threat,NaturaPosOne,positive,one,I agree to participate,17,4,4,4,4,4,2,2,2,2,2,2,2,2,4,4,5,5,4.5,2,2,1,4,2,2.2,2,6,6,8,4,3,3,3.3333333333333335,1,1,1,1,1,1,1,1,3,3,3,4,3.25,1,1,1,3,2,1.6,1,9,2,5,3,3,3,3,1,1,1,1,1,1,1,1,4,3,4,5,4,1,1,1,3,2,1.6,4,7,3,7,4,3,3,3.3333333333333335,1,1,1,1,1,1,1,1,4,3,4,4,3.75,1,1,1,3,2,1.6,4,8,7,To see a persons facial expressions after performing math problems.,I do not know.,50,Female,Black,I did not have any issues.,"Yes, you may use my data in the research.",2 times,1,0.7692307692307693,0.7586274509803922,0.6346153846153846,0,0,FALSE,FALSE,1,FALSE
16230273,25/06/2026 16:42:46,complete,Threat,NaturaPosOne,positive,one,I agree to participate,17,4,1,2,2,1.6666666666666667,1,1,1,1,2,2,2,2,7,7,7,7,7,1,1,1,1,1,1,2,6,4,8,1,1,1,1,1,1,1,1,2,2,2,2,7,7,7,7,7,1,1,1,1,1,1,1,9,2,5,1,1,1,1,1,1,1,1,2,2,2,2,7,7,7,7,7,1,1,1,1,1,1,4,7,3,7,2,2,2,2,1,1,1,1,1,1,1,1,7,7,7,7,7,1,1,1,1,1,1,4,8,7,Not sure,Not sure,62,Female,White,No isuues,"Yes, you may use my data in the research.",2 times,1,1,0.00115384615384615,1.021730769230769,0,0,FALSE,FALSE,0,FALSE
16230274,25/06/2026 14:42:54,complete,No threat,SmilePosOne,positive,one,I agree to participate,17,4,1,1,1,1,1,1,1,1,2,1,1,1.3333333333333333,1,1,1,1,1,7,6,6,5,7,6.2,2,6,4,8,1,1,2,1.3333333333333333,1,1,1,1,1,1,1,1,1,1,1,1,1,7,6,6,5,7,6.2,1,9,2,5,5,1,2,2.6666666666666665,3,1,1,1.6666666666666667,2,3,1,2,1,1,1,1,1,7,6,6,5,7,6.2,4,7,3,7,3,1,2,2,1,1,1,1,5,4,1,3.3333333333333335,1,1,1,1,1,7,6,6,5,7,6.2,4,8,7,"I think the purpose of this study was to see if any of the tasks made me slip up in my math skills. I'm not sure though, the tasks felt pretty random.",Maybe that the study was trying to confuse the participant with random out of left field physical tasks and imagery.,30,Male,Other,It was hard to try to mimick the picture of the kitten and dog. I didn't know what to do during that task so I think I froze up.,"Yes, you may use my data in the research.",2 times,1,1,0.06326923076923076,0.11788461538461538,0.03846153846153848,0.03846153846153843,FALSE,FALSE,0,FALSE
16230275,25/06/2026 14:42:53,complete,No threat,NaturaNegTen,negative,ten,I agree to participate,17,4,1,1,2,1.3333333333333333,1,1,1,1,1,1,1,1,6,6,6,6,6,2,1,1,2,2,1.6,2,6,4,8,1,1,1,1,1,1,1,1,1,1,1,1,6,7,7,6,6.5,1,1,1,1,1,1,1,9,2,5,1,1,1,1,2,1,2,1.6666666666666667,5,4,4,4.333333333333333,6,6,7,7,6.5,2,1,1,1,2,1.4,4,7,3,7,1,1,1,1,3,1,2,2,3,3,3,3,6,7,7,6,6.5,2,1,1,1,2,1.4,4,8,7,NA,NA,30,Female,Asian,NA,"Yes, you may use my data in the research.",2 times,0.9903846153846154,1,0.04321153846153846,2.187825414781297,0,0.9923076923076924,TRUE,TRUE,0,FALSE
16230276,25/06/2026 16:43:03,complete,No threat,NaturaPosTen,positive,ten,I agree to participate,17,4,2,4,4,3.3333333333333335,2,1,1,1.3333333333333333,1,1,1,1,6,6,5,5,5.5,3,1,1,1,1,1.4,2,6,4,8,4,4,5,4.333333333333333,1,1,1,1,1,1,1,1,6,6,6,4,5.5,2,1,1,1,1,1.2,1,9,2,5,3,4,3,3.3333333333333335,2,1,1,1.3333333333333333,2,2,2,2,6,6,6,4,5.5,2,1,1,1,1,1.2,4,7,3,7,5,4,6,5,1,1,1,1,1,1,2,1.3333333333333333,6,6,6,4,5.5,2,1,1,1,1,1.2,4,8,7,"to see how different stimuli (mood enhancing pictures, physical tasks) affect the speed at answering math problems",maybe that that math problems weren't the important part of the study?,27,Male,Mixed,no issues!,"Yes, you may use my data in the research.",2 times,1,1,0.1308653846153846,2.006307692307692,0.01538461538461538,1,TRUE,TRUE,0,FALSE
16230277,25/06/2026 16:43:08,complete,No threat,SmilePosTen,positive,ten,I agree to participate,17,4,NA,1,1,1,1,1,1,1,1,1,1,1,3,3,NA,2,2.6666666666666665,2,5,5,4,5,4.2,2,6,4,8,1,1,1,1,1,1,1,1,1,1,1,1,3,3,3,2,2.75,1,1,1,1,1,1,1,9,2,6,1,1,1,1,1,1,1,1,4,NA,1,2.5,3,3,2,3,2.75,1,1,1,1,1,1,4,7,3,7,4,5,5,4.666666666666667,1,1,1,1,1,1,1,1,3,2,3,3,2.75,1,1,1,1,1,1,4,8,7,I really don't have a clue,I am not sure,23,Female,White,NA,"Yes, you may use my data in the research.",2 times,1,1,0.00680392156862745,0.10331372549019607,0,0,FALSE,FALSE,1,FALSE
16230278,25/06/2026 16:43:42,complete,No threat,SmileNegTen,negative,ten,I agree to participate,17,4,1,5,1,2.3333333333333335,1,1,1,1,1,1,1,1,2,2,4,1,2.25,3,1,1,1,1,1.4,2,6,4,8,1,4,1,2,1,1,1,1,1,1,1,1,2,2,2,1,1.75,3,1,1,1,1,1.4,1,9,2,5,1,1,1,1,4,1,1,2,4,1,1,2,2,2,2,1,1.75,3,1,1,1,1,1.4,4,7,3,7,1,1,1,1,3,1,2,2,4,1,1,2,2,2,2,1,1.75,3,1,1,1,1,1.4,4,8,7,I cannot tell. It was interesting. How distressing images linger and the effect of that lingering,That you didn't record it.,53,Male,Black,None,"Yes, you may use my data in the research.",2 times,0.996078431372549,1,0.00301923076923076,2.823016968325792,0,1,TRUE,TRUE,0,FALSE
16230279,25/06/2026 14:43:44,complete,Threat,NaturaNegTen,negative,ten,I agree to participate,17,4,6,6,7,6.333333333333333,NA,5,5,5,1,3,1,1.6666666666666667,7,6,7,1,5.25,5,1,1,5,1,2.6,2,6,4,8,6,7,6,6.333333333333333,2,1,2,1.6666666666666667,1,1,1,1,6,1,7,1,3.75,5,1,1,5,1,2.6,1,9,2,5,1,1,1,1,7,6,5,6,7,6,6,6.333333333333333,6,1,7,1,3.75,5,1,1,5,1,2.6,4,7,3,7,1,1,1,1,6,7,1,4.666666666666667,7,6,6,6.333333333333333,6,6,7,1,5,5,1,1,5,1,2.6,4,8,7,"The Effect of Physical Movement Tasks on People's Math Performance. Also to analyse human expression may be when you see robbery, burglary or cruelty to animals.",I have made some comments before. But the head touching and blinking and the noe tipping tasks were to gauge attentiveness. The image tasks were to analyse or study human expression or emotions in times when they see disturbing images and how long is it possible to put a straight face when they see things wrong.,37,Male,Asian,Eye irritation may be to view the screen that caused me to blink but other than that it was all good.,"Yes, you may use my data in the research.",2 times,1,1,0.20075,1.68,0,0.9692307692307692,FALSE,TRUE,0,FALSE
16230285,25/06/2026 17:45:12,complete,Threat,NaturaNegOne,negative,one,I agree to participate,17,4,5,7,4,5.333333333333333,2,1,1,1.3333333333333333,2,1,1,1.3333333333333333,2,2,1,6,2.75,6,5,5,2,3,4.2,2,6,4,8,4,3,3,3.3333333333333335,1,1,1,1,1,1,1,1,2,2,2,7,3.25,5,2,3,2,2,2.8,1,9,2,5,4,5,5,4.666666666666667,2,1,1,1.3333333333333333,1,2,2,1.6666666666666667,2,2,2,6,3,6,3,3,4,2,3.6,4,7,3,7,2,2,3,2.3333333333333335,5,2,2,3,5,4,5,4.666666666666667,1,2,1,6,2.5,5,5,5,2,3,4,4,8,7,to see if people read directions?,unsure,43,Female,White,ty,"Yes, you may use my data in the research.",1 time,1,1,0.255,2.4716981132075473,0,1,TRUE,TRUE,0,FALSE
16230289,25/06/2026 16:46:16,complete,No threat,SmileNegTen,negative,ten,I agree to participate,17,NA,1,1,5,2.3333333333333335,1,1,1,1,1,1,1,1,5,5,6,4,5,5,2,2,2,2,2.6,NA,NA,NA,NA,1,1,3,1.6666666666666667,1,1,1,1,1,1,1,1,5,5,5,3,4.5,NA,1,1,1,1,1,NA,NA,NA,NA,3,3,3,3,5,3,1,3,5,5,5,5,5,5,5,3,4.5,6,1,1,1,1,2,NA,NA,NA,NA,1,1,1,1,1,1,1,1,1,1,6,2.6666666666666665,5,NA,5,4,4.666666666666667,5,1,1,1,1,1.8,NA,NA,NA,impact of emotions while forcing facial images,Not sure,49,Female,White,"During the third set of actions (looking at screen without controlling emotions, right as the minute started a car alarm started going off right in front of my house, so I did turn my head (with my laptop tracking my face) to make sure it wasn't my vehicle (joys of urban living!)","Yes, you may use my data in the research.",2 times,0.9846153846153848,1,0.5841730769230769,2.5884807692307694,0,0.9923076923076924,TRUE,TRUE,16,TRUE
16230293,25/06/2026 16:48:05,complete,Threat,NaturaPosOne,positive,one,I agree to participate,17,4,1,1,1,1,1,1,1,1,1,1,1,1,5,5,5,5,5,4,1,1,1,1,1.6,2,6,4,8,1,1,1,1,1,1,1,1,1,1,1,1,5,5,5,5,5,4,1,1,1,1,1.6,1,9,2,5,4,4,4,4,1,1,1,1,1,1,1,1,5,5,5,5,5,4,1,1,1,1,1.6,4,7,3,7,1,5,6,4,1,1,1,1,1,1,1,1,5,5,5,5,5,4,1,1,1,1,1.6,4,8,7,no clue,To determine how feelings change over time,40,Female,White,none,"Yes, you may use my data in the research.",2 times,1,1,0.00326923076923077,3.1998076923076924,0,1,TRUE,TRUE,0,FALSE
16230314,25/06/2026 16:56:05,complete,No threat,NaturaPosTen,positive,ten,I agree to participate,17,4,1,1,1,1,1,1,1,1,1,1,1,1,5,5,5,5,5,4,2,2,3,2,2.6,2,6,4,8,1,1,1,1,1,1,1,1,1,1,1,1,5,5,5,5,5,4,1,1,1,1,1.6,1,9,2,5,3,3,3,3,1,1,1,1,1,1,1,1,5,5,5,5,5,4,1,1,1,1,1.6,4,7,3,7,4,2,4,3.3333333333333335,1,1,1,1,1,1,1,1,5,5,5,5,5,4,1,1,1,1,1.6,4,8,3,I'm not sure,I don't know,42,Female,Black,NA,"Yes, you may use my data in the research.",2 times,0.9942307692307693,0.9692307692307692,0.578326923076923,0.8758846153846154,0.4711538461538462,0.11730769230769232,FALSE,FALSE,1,FALSE
16230349,25/06/2026 15:08:50,complete,Threat,SmilePosOne,positive,one,I agree to participate,17,4,1,2,1,1.3333333333333333,3,3,4,3.3333333333333335,3,1,3,2.3333333333333335,5,5,6,6,5.5,4,2,2,2,4,2.8,2,6,4,8,1,1,1,1,1,2,2,1.6666666666666667,1,1,1,1,5,5,5,6,5.25,4,2,2,2,3,2.6,1,9,2,5,1,2,1,1.3333333333333333,2,2,3,2.3333333333333335,2,1,1,1.3333333333333333,5,5,6,6,5.5,4,2,2,2,3,2.6,4,7,3,7,1,3,1,1.6666666666666667,1,1,1,1,1,1,1,1,6,5,5,6,5.5,4,2,2,2,3,2.6,4,8,7,Really not sure,Something to do with the repeated questions,28,Female,White,NA,"Yes, you may use my data in the research.",2 times,1,1,0,2.8608333333333333,0,1,TRUE,TRUE,0,FALSE
16230433,25/06/2026 17:49:57,complete,No threat,NaturaNegTen,negative,ten,I agree to participate,17,4,1,1,1,1,1,1,1,1,1,1,2,1.3333333333333333,2,4,2,6,3.5,3,4,3,3,2,3,2,6,4,8,1,1,1,1,1,1,1,1,3,3,2,2.6666666666666665,2,2,2,6,3,3,4,4,3,2,3.2,1,9,2,5,1,1,1,1,4,5,5,4.666666666666667,3,3,3,3,2,2,2,6,3,3,4,4,3,2,3.2,4,7,3,7,1,1,1,1,6,3,3,4,2,1,1,1.3333333333333333,2,2,1,6,2.75,2,4,3,3,2,2.8,4,8,7,to understand how emotional distress impacts cognitive ability,relating to the distressing images shown for 2 out of 4 physical tasks,21,Gender variant / non-conforming,White,misunderstood instructions of first physical task,"Yes, you may use my data in the research.",2 times,0.9942307692307693,1,0.00811538461538461,0.09540384615384616,0,0.06153846153846153,FALSE,FALSE,0,FALSE
16232196,26/06/2026 06:27:44,complete,Threat,SmileNegTen,negative,ten,I agree to participate,17,4,1,1,1,1,1,1,1,1,1,1,1,1,7,7,7,7,7,1,1,1,1,1,1,2,6,4,8,1,1,1,1,1,1,1,1,1,1,1,1,7,7,7,7,7,1,1,1,1,1,1,1,9,2,5,1,1,1,1,5,2,3,3.3333333333333335,1,1,3,1.6666666666666667,7,7,7,7,7,1,1,1,1,1,1,4,7,3,7,1,1,1,1,1,1,1,1,1,1,1,1,7,7,7,7,7,1,1,1,1,1,1,4,8,7,I am beliving it has some reaserch potential for psychology.,Reactions to the pictures?,33,Female,White,no issues,"Yes, you may use my data in the research.",2 times,1,1,0.00657692307692307,0.29521153846153847,0,0.2846153846153846,FALSE,FALSE,0,FALSE
16232200,26/06/2026 07:28:12,complete,No threat,SmileNegTen,negative,ten,I agree to participate,17,4,4,4,1,3,NA,1,1,1,1,1,1,1,3,3,2,1,2.25,2,2,2,1,2,1.8,2,6,4,8,1,4,1,2,1,1,1,1,2,1,2,1.6666666666666667,2,2,2,2,2,2,2,2,2,2,2,1,9,2,5,1,5,1,2.3333333333333335,3,1,1,1.6666666666666667,1,1,1,1,1,3,3,1,2,2,2,2,2,2,2,4,7,3,7,4,4,1,3,4,1,1,2,1,1,1,1,2,2,2,1,1.75,2,2,2,2,2,2,4,8,7,not sure!,"something about the source of the images, perhaps",49,Female,White,NA,"Yes, you may use my data in the research.",2 times,1,1,0.00319230769230769,2.224407111756168,0,0.9942307692307693,TRUE,TRUE,0,FALSE
16232201,26/06/2026 07:28:19,complete,No threat,NaturaNegTen,negative,ten,I agree to participate,17,4,1,1,2,1.3333333333333333,1,1,1,1,1,1,1,1,5,7,7,7,6.5,5,1,1,1,1,1.8,2,5,4,8,1,1,1,1,1,1,2,1.3333333333333333,1,1,1,1,5,7,7,7,6.5,5,1,1,1,1,1.8,1,9,2,5,1,1,1,1,7,4,6,5.666666666666667,7,7,6,6.666666666666667,5,7,7,7,6.5,5,1,1,1,1,1.8,4,7,3,7,1,1,1,1,7,5,7,6.333333333333333,7,7,NA,7,5,7,7,7,6.5,5,1,1,1,1,1.8,4,8,7,To test following directions,None,35,Female,Mixed,None,"Yes, you may use my data in the research.",2 times,1,1,0.4009423076923077,0.7483986382651755,0,0,FALSE,FALSE,1,FALSE
16232205,26/06/2026 06:28:42,complete,Threat,SmilePosTen,positive,ten,I agree to participate,17,4,2,2,3,2.3333333333333335,2,2,2,2,2,1,3,2,4,4,4,4,4,5,3,2,4,4,3.6,2,6,4,8,3,2,1,2,1,1,1,1,2,3,3,2.6666666666666665,4,4,4,4,4,5,2,1,3,3,2.8,1,9,2,5,2,1,1,1.3333333333333333,4,2,1,2.3333333333333335,6,4,5,5,4,4,4,4,4,5,1,1,2,2,2.2,4,7,3,7,2,2,1,1.6666666666666667,2,2,1,1.6666666666666667,5,3,5,4.333333333333333,4,4,4,4,4,5,2,1,3,3,2.8,4,8,7,no clue,I dont know. there was alot of repetition,46,Male,White,nothing,"Yes, you may use my data in the research.",2 times,1,1,0.6152307692307692,1.9167307692307691,0.898076923076923,1,FALSE,FALSE,0,FALSE
16232212,26/06/2026 06:29:24,complete,No threat,NaturaPosTen,positive,ten,I agree to participate,17,4,1,1,1,1,1,1,1,1,1,1,1,1,4,4,4,4,4,1,1,1,1,1,1,2,6,4,8,1,1,2,1.3333333333333333,1,1,1,1,1,1,1,1,4,4,4,4,4,1,1,1,1,1,1,1,9,2,5,1,1,1,1,1,1,1,1,1,1,1,1,4,4,4,4,4,1,1,1,1,1,1,4,7,3,7,1,1,1,1,1,1,1,1,1,1,1,1,4,4,4,4,4,1,1,1,1,1,1,4,8,8,I have no idea,the physical tasks were for something else.,21,Male,Other,I had no issues,"Yes, you may use my data in the research.",2 times,1,1,0,3.549985123367199,0,0.9846153846153848,TRUE,TRUE,1,FALSE
16232214,26/06/2026 07:29:40,complete,No threat,SmileNegTen,negative,ten,I agree to participate,17,4,4,4,4,4,5,2,2,3,4,3,4,3.6666666666666665,3,3,4,2,3,4,2,3,3,3,3,2,6,4,8,4,4,4,4,2,3,2,2.3333333333333335,2,3,3,2.6666666666666665,3,3,4,2,3,2,3,3,3,3,2.8,1,9,2,5,3,3,4,3.3333333333333335,5,5,5,5,5,5,4,4.666666666666667,2,3,3,2,2.5,2,3,3,3,2,2.6,4,7,3,7,3,3,3,3,5,5,4,4.666666666666667,5,5,5,5,2,3,4,2,2.75,2,3,3,3,3,2.8,4,8,7,to see how certian phsical movements affect ones ablity to think and do math problems.,that how these diffrent patterns effect you brain when making complex decsions.,24,Male,White,NA,"Yes, you may use my data in the research.",2 times,1,0.8692307692307693,0,0.07301923076923077,0,0.17307692307692307,FALSE,FALSE,0,FALSE
16232215,26/06/2026 07:29:52,complete,Threat,NaturaNegOne,negative,one,I agree to participate,17,4,4,4,4,4,4,4,4,4,4,4,4,4,4,4,4,4,4,4,4,4,4,4,4,2,6,4,8,4,4,4,4,4,4,4,4,4,4,4,4,4,4,4,4,4,4,4,4,4,4,4,1,9,2,5,4,4,4,4,4,4,4,4,4,4,4,4,4,4,4,4,4,4,4,4,4,4,4,4,7,3,7,4,4,4,4,4,4,4,4,4,4,4,4,4,4,4,4,4,4,4,4,4,4,4,4,8,7,Facial recognition for AI.,No idea.,35,Male,White,NA,"Yes, you may use my data in the research.",2 times,1,1,0,1.403076923076923,0,0,FALSE,FALSE,0,FALSE
16232219,26/06/2026 06:30:10,complete,Threat,SmileNegOne,negative,one,I agree to participate,17,4,2,3,1,2,1,1,1,1,1,NA,1,1,6,6,6,3,5.25,1,1,1,1,NA,1,2,6,4,8,1,2,1,1.3333333333333333,1,1,1,1,1,1,1,1,6,6,6,3,5.25,2,1,1,1,1,1.2,1,9,2,5,1,1,1,1,2,2,1,1.6666666666666667,1,1,1,1,6,6,6,3,5.25,2,2,1,1,1,1.4,4,7,3,7,1,1,1,1,3,1,2,2,1,1,1,1,6,6,6,3,5.25,2,1,1,1,1,1.2,4,8,7,The effect of violent images on mood and math performance.,Deception was used in the experiment and the study is not about what the experimenters described.,67,Male,White,NA,"Yes, you may use my data in the research.",2 times,1,1,0,2.0676923076923077,0,1,TRUE,TRUE,0,FALSE
16232220,26/06/2026 07:30:10,complete,No threat,NaturaNegOne,negative,one,I agree to participate,17,4,1,1,3,1.6666666666666667,1,2,1,1.3333333333333333,1,1,1,1,6,6,7,7,6.5,2,1,1,1,3,1.6,2,6,4,8,1,2,1,1.3333333333333333,1,1,1,1,1,1,1,1,7,6,7,7,6.75,2,1,1,1,2,1.4,1,9,2,5,1,1,1,1,3,1,2,2,3,3,2,2.6666666666666665,7,6,7,7,6.75,2,1,1,2,2,1.6,4,7,3,7,1,1,1,1,1,1,2,1.3333333333333333,2,2,1,1.6666666666666667,7,7,7,7,7,2,1,1,1,2,1.4,4,8,7,attention span,i am not sure,49,Female,White,NA,"Yes, you may use my data in the research.",2 times,1,1,0,0,0,0,FALSE,FALSE,0,FALSE
16232221,26/06/2026 07:30:08,complete,Threat,NaturaPosOne,positive,one,I agree to participate,17,4,2,2,1,1.6666666666666667,2,5,5,4,2,2,3,2.3333333333333335,4,4,3,3,3.5,4,2,3,3,3,3,2,6,4,8,4,3,4,3.6666666666666665,2,1,2,1.6666666666666667,1,1,1,1,5,4,5,4,4.5,5,1,2,1,2,2.2,1,9,2,5,2,1,1,1.3333333333333333,2,1,1,1.3333333333333333,2,1,6,3,2,2,3,3,2.5,5,2,2,4,4,3.4,4,7,3,7,5,4,5,4.666666666666667,3,1,2,2,2,3,2,2.3333333333333335,5,5,5,5,5,2,1,1,2,2,1.6,4,8,7,To determine how images effect mood,That this is trying to measure mood.,35,Male,White,NA,"Yes, you may use my data in the research.",2 times,1,1,0,1.3505769230769231,0,1,FALSE,TRUE,0,FALSE
16232224,26/06/2026 07:30:35,complete,Threat,NaturaNegTen,negative,ten,I agree to participate,17,4,3,3,2,2.6666666666666665,1,1,1,1,1,1,1,1,3,5,5,1,3.5,1,1,1,1,1,1,2,6,4,8,1,2,1,1.3333333333333333,1,1,1,1,1,1,1,1,5,3,5,3,4,1,1,1,1,1,1,1,9,2,5,2,2,1,1.6666666666666667,1,1,1,1,1,1,1,1,5,3,5,3,4,1,1,1,1,1,1,4,7,3,7,2,2,1,1.6666666666666667,2,1,1,1.3333333333333333,1,1,1,1,3,5,5,3,4,1,1,1,1,1,1,4,8,7,To explore the effect of physical movement when faced with a challenge that involves stillness,"i can't say, tell me",18,Female,Black,i didn't encounter any issue and i did the study well,"Yes, you may use my data in the research.",2 times,1,0.9942307692307693,1.747346153846154,2.264884615384615,0.926923076923077,0.971153846153846,FALSE,FALSE,0,FALSE
16232230,26/06/2026 04:31:07,complete,Threat,SmilePosOne,positive,one,I agree to participate,17,4,5,5,5,5,4,1,2,2.3333333333333335,1,2,1,1.3333333333333333,5,5,5,6,5.25,1,1,1,1,NA,1,2,6,4,8,5,5,6,5.333333333333333,2,1,1,1.3333333333333333,1,2,1,1.3333333333333333,7,7,6,7,6.75,1,1,1,1,1,1,5,9,2,5,4,1,3,2.6666666666666665,1,1,1,1,1,1,1,1,5,5,5,6,5.25,1,1,1,1,1,1,4,7,3,7,5,4,5,4.666666666666667,1,1,2,1.3333333333333333,1,1,2,1.3333333333333333,6,7,6,6,6.25,1,1,1,2,1,1.2,4,8,7,Showcase skills of cognition alongside emotionality,I am not sure,26,Male,Prefer not to say,I had no issues,"Yes, you may use my data in the research.",2 times,1,1,0,0,0,0,FALSE,FALSE,1,FALSE
16232231,26/06/2026 07:31:05,complete,Threat,SmileNegTen,negative,ten,I agree to participate,17,4,1,1,1,1,1,1,1,1,1,1,1,1,1,1,1,1,1,4,7,6,6,6,5.8,2,6,4,8,1,1,1,1,1,1,1,1,1,1,1,1,1,1,1,1,1,5,7,7,6,7,6.4,1,9,2,5,1,1,1,1,1,1,1,1,6,6,5,5.666666666666667,1,1,1,1,1,4,6,6,6,7,5.8,4,7,3,7,1,1,1,1,1,1,1,1,4,2,2,2.6666666666666665,1,1,1,1,1,5,7,6,6,6,6,4,8,7,if facial expression changes emotions,I don't know.,45,Female,White,none,"Yes, you may use my data in the research.",2 times,1,1,0,2.088230769230769,0,1,TRUE,TRUE,0,TRUE
16232232,26/06/2026 04:31:20,complete,No threat,SmileNegOne,negative,one,I agree to participate,17,4,2,2,2,2,1,1,1,1,2,2,2,2,5,5,6,3,4.75,3,2,2,3,2,2.4,2,6,4,8,2,1,1,1.3333333333333333,1,1,1,1,1,1,2,1.3333333333333333,5,5,5,3,4.5,2,1,1,2,1,1.4,1,9,2,5,1,1,1,1,3,2,2,2.3333333333333335,3,2,2,2.3333333333333335,4,5,6,3,4.5,2,2,1,2,2,1.8,4,7,3,7,1,1,1,1,2,1,2,1.6666666666666667,2,2,2,2,5,5,5,3,4.5,2,2,2,2,2,2,4,8,7,reaction between emotions and tasks,not sure,52,Female,White,none,"Yes, you may use my data in the research.",2 times,1,1,0,0.1813725490196078,0,0.1960784313725489,FALSE,FALSE,0,FALSE
16232233,26/06/2026 07:31:27,complete,Threat,NaturaPosOne,positive,one,I agree to participate,17,4,3,4,2,3,1,2,1,1.3333333333333333,1,1,1,1,5,5,5,3,4.5,1,1,1,1,1,1,2,6,4,8,2,2,2,2,1,1,1,1,1,1,1,1,5,5,5,3,4.5,1,1,1,1,1,1,1,9,2,5,2,2,2,2,1,1,1,1,1,1,1,1,5,5,5,3,4.5,1,1,1,1,1,1,4,7,3,7,4,4,2,3.3333333333333335,1,1,1,1,1,1,1,1,5,5,5,3,4.5,1,1,1,1,1,1,4,8,7,To see how I followed instructions after completing mathematical problems,I am not sure,47,Female,White,no issues,"Yes, you may use my data in the research.",2 times,1,1,0.02098039215686274,2.147450980392157,0,0.9019607843137256,TRUE,TRUE,0,FALSE
16232238,26/06/2026 07:32:10,complete,Threat,NaturaPosOne,positive,one,I agree to participate,17,4,4,4,4,4,1,1,4,2,1,1,1,1,6,6,7,5,6,1,1,1,1,1,1,2,6,4,8,4,1,4,3,1,1,1,1,1,1,1,1,6,6,7,5,6,1,1,1,1,1,1,1,9,2,5,4,1,4,3,1,1,1,1,1,1,1,1,6,6,7,5,6,1,1,1,1,1,1,4,7,3,7,4,4,4,4,1,1,1,1,1,1,1,1,6,6,7,5,6,1,1,1,1,1,1,4,8,7,to evaluate facial expression,no clue,61,Male,Mixed,none,"Yes, you may use my data in the research.",2 times,1,1,0.12384615384615386,2.0540384615384615,0,1,TRUE,TRUE,0,FALSE
16232240,26/06/2026 06:32:00,complete,Threat,SmilePosTen,positive,ten,I agree to participate,17,4,1,1,1,1,4,1,1,2,1,1,3,1.6666666666666667,5,5,5,2,4.25,1,1,1,1,1,1,2,6,4,8,1,1,1,1,1,1,1,1,1,1,1,1,5,5,5,2,4.25,1,1,1,1,1,1,1,9,2,5,1,1,1,1,4,1,1,2,1,1,1,1,5,5,5,2,4.25,1,1,1,1,1,1,4,7,3,7,1,1,1,1,4,1,1,2,1,1,1,1,5,5,5,1,4,1,1,1,1,1,1,4,8,7,to see how people concerntrate,not sure,31,Female,Black,NA,"Yes, you may use my data in the research.",2 times,1,1,0.4768076923076923,2.591096153846154,0.3211538461538462,1,TRUE,TRUE,0,FALSE
16232241,26/06/2026 04:31:58,complete,No threat,NaturaPosTen,positive,ten,I agree to participate,17,4,1,1,1,1,1,1,1,1,1,1,2,1.3333333333333333,4,4,5,3,4,2,2,1,2,2,1.8,2,6,4,8,1,1,1,1,1,1,1,1,2,1,2,1.6666666666666667,4,4,5,3,4,1,1,1,2,2,1.4,1,9,2,5,2,2,1,1.6666666666666667,1,1,1,1,1,1,1,1,4,4,5,3,4,1,1,1,2,2,1.4,4,7,3,7,2,2,1,1.6666666666666667,1,1,1,1,1,1,1,1,4,4,5,3,4,2,1,1,2,2,1.6,4,8,7,not sure ... eye movement / attention,not sure,39,Male,White,no issues,"Yes, you may use my data in the research.",2 times,1,1,5.098039215686276e-4,1.1764705882352948e-4,0,0,FALSE,FALSE,0,FALSE
16232243,26/06/2026 12:32:13,complete,No threat,NaturaPosTen,positive,ten,I agree to participate,17,4,6,7,6,6.333333333333333,4,1,1,2,1,1,1,1,7,7,4,7,6.25,2,1,1,1,1,1.2,2,6,4,8,6,5,6,5.666666666666667,6,1,1,2.6666666666666665,2,1,1,1.3333333333333333,7,5,5,7,6,2,1,1,1,1,1.2,1,9,2,5,6,6,6,6,6,1,1,2.6666666666666665,2,1,1,1.3333333333333333,7,6,4,7,6,2,1,1,1,1,1.2,4,7,3,7,7,5,6,6,5,1,1,2.3333333333333335,1,1,1,1,7,6,6,7,6.5,2,1,1,1,1,1.2,4,8,7,Human Psychology,The actual purpose in full details.,30,Male,Black,Slow response after clicking the next button.,"Yes, you may use my data in the research.",2 times,0.13861236802413274,0,0.10811726998491704,0,0.02537707390648566,0,FALSE,FALSE,0,FALSE
16232246,26/06/2026 07:32:20,complete,No threat,NaturaNegTen,negative,ten,I agree to participate,17,4,3,2,3,2.6666666666666665,1,1,1,1,1,1,1,1,6,6,6,6,6,1,1,1,1,1,1,2,6,4,8,3,3,3,3,1,1,1,1,1,1,1,1,6,6,6,6,6,1,1,1,2,1,1.2,1,9,2,5,3,3,NA,3,5,3,3,3.6666666666666665,4,3,2,3,6,6,6,6,6,1,1,1,1,3,1.4,4,7,3,7,2,2,2,2,5,3,3,3.6666666666666665,5,6,2,4.333333333333333,6,6,6,6,6,1,1,1,1,3,1.4,4,8,7,Monitor how different situations may alter your emotions or math functionality.,Not sure,60,Female,White,NA,"Yes, you may use my data in the research.",2 times,1,1,0,0.9365,0,0.8769230769230769,FALSE,TRUE,0,FALSE
16232247,26/06/2026 07:32:31,complete,Threat,SmilePosOne,positive,one,I agree to participate,17,4,1,1,1,1,1,1,1,1,1,1,1,1,5,4,5,4,4.5,5,3,1,4,3,3.2,2,6,4,8,1,1,1,1,1,1,1,1,1,1,1,1,5,4,5,4,4.5,5,3,1,3,3,3,1,9,2,5,1,1,1,1,1,1,1,1,1,1,1,1,5,4,4,4,4.25,6,3,1,4,3,3.4,4,7,3,7,1,1,1,1,1,1,1,1,1,1,1,1,4,4,5,4,4.25,5,3,1,4,3,3.2,4,8,7,Despite the multitasking purpose stated at the beginning I feel this may have had something to do with AI verification do to the strangely specific arbitrary physical tasks,It is related to AI,31,Male,White,"for the first physical task, I did not realize it would start immediately with no warning or no visible video feed, so i had to scramble to accomplish the pose","Yes, you may use my data in the research.",2 times,1,1,0,2.7132692307692308,0,1,TRUE,TRUE,0,FALSE
16232248,26/06/2026 05:32:32,complete,No threat,SmilePosOne,positive,one,I agree to participate,17,4,4,6,7,5.666666666666667,1,1,1,1,1,1,1,1,6,6,6,4,5.5,1,1,1,1,1,1,2,6,4,8,6,6,7,6.333333333333333,1,1,1,1,1,1,1,1,6,6,7,4,5.75,1,1,1,1,1,1,1,9,2,5,6,6,7,6.333333333333333,1,1,1,1,1,1,1,1,6,6,6,4,5.5,1,1,1,1,1,1,4,7,3,7,5,4,6,5,1,1,1,1,1,1,1,1,6,6,6,4,5.5,1,1,1,1,1,1,4,8,7,I was just wondering that. For this one i know it had something to do with multitasking and I am guessing mood,"I honestly do not know, but am looking forward to reading about them on the next page",53,Gender variant / non-conforming,White,No issues! I think I completed the task successfully.,"Yes, you may use my data in the research.",1 time,1,1,0.2613461538461538,1.3309615384615383,0.42307692307692296,0.7307692307692308,FALSE,TRUE,0,FALSE
16232250,26/06/2026 07:33:05,complete,Threat,NaturaNegOne,negative,one,I agree to participate,17,4,1,4,4,3,1,1,1,1,1,1,1,1,2,2,2,1,1.75,7,7,6,6,7,6.6,2,6,4,8,1,5,1,2.3333333333333335,1,1,1,1,1,1,1,1,2,2,2,1,1.75,7,6,6,6,7,6.4,1,9,2,5,1,1,1,1,1,1,1,1,5,5,5,5,2,2,2,1,1.75,7,6,6,6,7,6.4,4,7,3,7,1,1,1,1,1,1,1,1,6,4,6,5.333333333333333,2,2,2,1,1.75,7,7,6,6,7,6.6,4,8,7,No clue!,Measuring how tasks and images impact mental health.,49,Female,White,"I was a little confused on the expressions and not sure I did it right, sorry!","Yes, you may use my data in the research.",2 times,1,1,0,3.162,0,1,TRUE,TRUE,0,FALSE
16232252,26/06/2026 07:33:03,complete,Threat,SmilePosTen,positive,ten,I agree to participate,17,4,3,4,3,3.3333333333333335,2,3,4,3,1,1,1,1,4,2,5,1,3,6,6,6,4,6,5.6,2,6,4,8,3,4,3,3.3333333333333335,5,5,5,5,2,2,2,2,3,3,3,3,3,6,6,5,2,6,5,1,9,2,5,3,3,4,3.3333333333333335,4,5,5,4.666666666666667,6,5,6,5.666666666666667,2,3,3,3,2.75,6,6,5,3,6,5.2,4,7,3,7,3,4,3,3.3333333333333335,2,4,4,3.3333333333333335,5,4,5,4.666666666666667,3,2,4,3,3,6,6,6,3,5,5.2,4,8,7,To understand how people's actions when provided instructions affect their academic performance.,The full extent and purpose of the study.,26,Female,Black,"No issues. Although, the images I was shown were not exactly actors, but rather animals and pictures of inanimate objects, such as flowers. Other than that, I think it was an interesting study. Thank you for allowing me to participate!","Yes, you may use my data in the research.",2 times,NA,NA,NA,NA,NA,NA,NA,NA,0,FALSE
16232254,26/06/2026 07:33:21,complete,No threat,SmileNegOne,negative,one,I agree to participate,17,4,4,4,4,4,1,1,1,1,1,1,1,1,4,4,4,4,4,1,1,1,1,1,1,2,6,4,8,5,5,5,5,1,1,1,1,1,1,1,1,5,4,5,4,4.5,1,1,1,1,1,1,1,9,2,5,5,5,5,5,1,1,1,1,1,1,1,1,4,4,4,4,4,1,1,1,1,1,1,4,7,3,7,5,5,5,5,1,1,1,1,1,1,1,1,5,4,5,4,4.5,1,1,1,1,1,1,5,8,7,i dont know,math and listening to instructions,52,Female,White,small print during instructions,"Yes, you may use my data in the research.",1 time,1,1,0,0,0,0,FALSE,FALSE,1,FALSE
16232255,26/06/2026 07:33:21,complete,Threat,NaturaNegTen,negative,ten,I agree to participate,17,4,2,3,3,2.6666666666666665,1,1,1,1,2,1,1,1.3333333333333333,6,7,7,7,6.75,3,2,1,2,2,2,2,6,4,8,1,1,1,1,1,1,1,1,1,1,2,1.3333333333333333,6,7,7,7,6.75,3,2,2,2,2,2.2,1,9,2,5,2,1,1,1.3333333333333333,2,1,1,1.3333333333333333,1,NA,1,1,6,7,7,7,6.75,3,2,2,2,2,2.2,4,7,3,7,3,1,2,2,2,1,1,1.3333333333333333,1,1,1,1,6,7,7,7,6.75,3,2,1,2,2,2,4,8,7,This is a hard one. The math was too easy to be really what you were testing. My guess is it had something to do with measuring how much certain people display their feelings on their face based on disgust.,Pretty much what I said in previous textbox. It had nothing to do with math and something to do with disgust.,44,Male,White,NA,"Yes, you may use my data in the research.",2 times,1,1,0.13759615384615384,1.9400441176470589,0.06346153846153846,1,TRUE,TRUE,0,FALSE
16232258,26/06/2026 07:33:37,complete,No threat,SmileNegOne,negative,one,I agree to participate,17,4,6,6,6,6,6,2,2,3.3333333333333335,2,2,2,2,5,5,5,2,4.25,2,2,2,2,2,2,2,6,4,8,5,5,5,5,5,2,2,3,2,2,2,2,5,5,5,2,4.25,2,2,2,2,2,2,1,9,2,5,5,5,5,5,5,2,2,3,2,2,2,2,5,5,5,2,4.25,2,2,2,2,2,2,4,7,3,7,5,5,5,5,5,2,2,3,2,2,2,2,5,5,5,2,4.25,2,2,2,2,2,2,4,8,7,my perception in life and how likely I will change my responses,people's perception and how their personality might change due to external factors,51,Male,Asian,n/a,"Yes, you may use my data in the research.",2 times,1,1,0,0,0,0,FALSE,FALSE,0,FALSE
16232260,26/06/2026 06:34:03,complete,Threat,SmileNegOne,negative,one,I agree to participate,17,4,1,1,1,1,1,1,1,1,1,1,1,1,2,3,3,3,2.75,5,5,1,5,4,4,2,6,4,8,1,2,2,1.6666666666666667,1,1,1,1,1,1,1,1,3,3,3,3,3,4,4,1,4,4,3.4,1,9,2,5,1,1,1,1,5,1,1,2.3333333333333335,1,1,1,1,2,2,2,5,2.75,5,5,1,5,4,4,4,7,3,7,1,1,1,1,2,1,1,1.3333333333333333,2,2,4,2.6666666666666665,3,3,3,3,3,4,4,1,4,4,3.4,4,8,7,Was it to prove physical activity and completing basic math problems eases lackluster feelings about life?,"I do not know, but I want to know.",50,Female,White,None that I am aware of.,"Yes, you may use my data in the research.",2 times,1,1,2.464423076923077,2.8334615384615383,1,0.7115384615384615,FALSE,FALSE,0,FALSE
16232261,26/06/2026 07:33:56,complete,No threat,SmilePosOne,positive,one,I agree to participate,17,4,1,2,2,1.6666666666666667,2,1,1,1.3333333333333333,1,1,1,1,4,5,3,3,3.75,6,3,4,6,5,4.8,2,6,4,8,1,1,2,1.3333333333333333,1,1,1,1,1,1,1,1,4,5,4,3,4,6,3,4,5,6,4.8,1,9,2,5,2,2,2,2,1,1,1,1,1,1,1,1,5,6,4,3,4.5,4,3,4,5,4,4,4,7,3,7,3,2,3,2.6666666666666665,1,1,1,1,1,1,1,1,4,6,4,3,4.25,4,4,4,5,4,4.2,4,8,7,To see how movements and images shape our cognition and emotion,i have no idea,42,Female,White,none,"Yes, you may use my data in the research.",2 times,1,1,2.6196153846153845,2.415576923076923,1,1,FALSE,FALSE,0,FALSE
16232262,26/06/2026 07:36:08,complete,Threat,NaturaNegTen,negative,ten,I agree to participate,17,4,1,1,1,1,1,1,1,1,4,1,4,3,6,6,6,6,6,4,1,1,1,1,1.6,2,6,4,8,4,4,4,4,1,1,NA,1,1,1,1,1,6,6,6,6,6,4,1,1,1,1,1.6,1,9,2,5,4,4,4,4,4,4,4,4,4,4,4,4,6,6,6,6,6,4,1,1,1,1,1.6,4,7,3,7,1,1,1,1,5,1,1,2.3333333333333335,5,2,5,4,6,6,6,6,6,4,3,1,5,3,3.2,4,8,7,To see how different stimuli can change your mood and performance.,That we were not recorded.,28,Male,White,I did not encounter any issues.,"Yes, you may use my data in the research.",2 times,1,1,0.58175,3.0991538461538464,0.25192307692307697,1,TRUE,TRUE,0,FALSE
16232263,26/06/2026 06:34:05,complete,No threat,SmilePosTen,positive,ten,I agree to participate,17,4,1,1,1,1,1,1,1,1,1,1,1,1,4,5,3,NA,4,5,2,1,2,1,2.2,2,6,4,8,1,1,1,1,1,1,1,1,1,1,1,1,5,5,3,4,4.25,5,2,1,2,1,2.2,1,9,2,5,6,5,6,5.666666666666667,1,1,1,1,1,1,1,1,4,5,3,4,4,5,2,1,2,1,2.2,4,7,3,7,6,5,6,5.666666666666667,1,1,1,1,1,1,1,1,5,5,3,4,4.25,5,2,1,2,1,2.2,4,8,7,Regulation of emotions,I am not really sure. But could it have something to do with the interaction between the left side and the right side of my brain?,47,Female,Asian,No issues. Everything worked fine.,"Yes, you may use my data in the research.",2 times,0.9942307692307693,1,1.2856923076923077,2.316,0.7288461538461538,0.9057692307692308,FALSE,FALSE,0,FALSE
16232265,26/06/2026 07:34:16,complete,No threat,NaturaNegOne,negative,one,I agree to participate,17,4,3,3,2,2.6666666666666665,3,2,2,2.3333333333333335,2,2,2,2,6,6,6,6,6,3,1,1,1,1,1.4,2,6,4,8,3,3,3,3,1,1,1,1,1,1,1,1,6,6,6,6,6,3,1,1,1,1,1.4,1,9,2,5,2,2,2,2,2,2,1,1.6666666666666667,1,1,1,1,6,6,6,6,6,3,1,1,1,1,1.4,4,7,3,7,2,2,2,2,1,1,1,1,1,1,1,1,6,6,6,6,6,3,1,1,1,1,1.4,4,8,7,to see the effect of physical movement on math problems,"do different movements or forced facial expressions change how you feel about life, or your current mental state",33,Female,White,NA - Go gators :),"Yes, you may use my data in the research.",1 time,1,1,0,2.5748076923076924,0,1,TRUE,TRUE,0,TRUE
16232266,26/06/2026 01:34:25,complete,No threat,NaturaPosOne,positive,one,I agree to participate,17,4,2,2,2,2,1,1,1,1,1,1,1,1,2,2,2,1,1.75,5,1,2,2,2,2.4,2,6,4,8,4,4,5,4.333333333333333,1,1,1,1,1,1,1,1,2,2,2,1,1.75,5,1,1,2,2,2.2,1,9,2,5,6,1,6,4.333333333333333,1,1,1,1,1,1,1,1,2,2,2,1,1.75,3,1,1,3,3,2.2,4,7,3,7,5,5,5,5,1,1,1,1,1,1,1,1,1,2,2,1,1.5,2,1,1,2,2,1.6,4,6,7,how body movement effects emotions and cognition,assesing peoples emotional well being?,58,Male,White,none i enjoyed study,"Yes, you may use my data in the research.",1 time,1,1,0.6150943396226416,1.6113461538461538,0,0.923076923076923,FALSE,TRUE,1,FALSE
16232268,26/06/2026 07:34:33,complete,Threat,NaturaPosTen,positive,ten,I agree to participate,17,4,5,4,4,4.333333333333333,1,1,1,1,1,1,1,1,7,6,6,7,6.5,3,1,1,1,1,1.4,2,6,4,8,5,4,3,4,1,1,1,1,1,1,1,1,7,7,7,7,7,3,1,1,1,1,1.4,1,9,2,5,7,7,7,7,1,1,1,1,2,1,1,1.3333333333333333,7,7,7,7,7,4,1,1,1,1,1.6,4,7,3,7,7,7,7,7,1,1,1,1,1,1,1,1,7,7,7,7,7,1,1,1,1,1,1,4,8,7,To show images and do task that could change moods of people taking these tests.,Mood changes.,23,Male,Asian,"Nothing, really.","Yes, you may use my data in the research.",2 times,0.9980769230769232,1,1.2667652394775035,3.3825319303338173,0.5641872278664731,1,TRUE,FALSE,0,FALSE
16232269,26/06/2026 07:34:41,complete,No threat,NaturaPosOne,positive,one,I agree to participate,17,4,7,7,7,7,1,1,1,1,1,1,1,1,6,6,6,5,5.75,6,2,2,4,4,3.6,2,6,4,8,7,7,NA,7,1,1,1,1,1,1,1,1,5,6,6,5,5.5,6,1,1,2,2,2.4,1,9,2,5,7,7,7,7,1,1,1,1,1,1,1,1,6,6,6,5,5.75,6,1,1,2,2,2.4,4,7,3,7,7,7,7,7,1,1,1,1,1,1,1,1,5,6,6,5,5.5,6,1,1,3,3,2.8,4,8,7,"i am not entirely sure, I was actually trying to figure that ou during the study. Maybe to just make sure I am human.",What the actual purpose is,39,Female,White,"i didnt have any issues, all of the instructions were clear and easy.","Yes, you may use my data in the research.",2 times,1,1,0,0,0,0,FALSE,FALSE,0,FALSE
16232271,26/06/2026 07:34:54,complete,Threat,NaturaNegOne,negative,one,I agree to participate,17,4,2,3,3,2.6666666666666665,2,1,2,1.6666666666666667,2,2,1,1.6666666666666667,4,3,5,6,4.5,6,4,3,4,5,4.4,2,6,4,8,1,1,1,1,1,1,1,1,1,1,1,1,3,4,4,5,4,5,3,2,3,5,3.6,1,9,2,5,1,1,1,1,1,1,2,1.3333333333333333,1,1,1,1,3,3,4,5,3.75,5,4,3,3,5,4,4,7,3,7,1,1,1,1,1,1,1,1,1,1,1,1,4,3,4,6,4.25,5,4,2,3,5,3.8,4,8,7,to see how eople moce while doing math concentration,not sure,26,Female,White,misunderstood when first task would start i thought after the count down,"Yes, you may use my data in the research.",2 times,1,1,0,0,0,0,FALSE,FALSE,0,FALSE
16232272,26/06/2026 07:34:58,complete,Threat,NaturaNegOne,negative,one,I agree to participate,17,4,2,2,2,2,1,1,1,1,3,1,3,2.3333333333333335,2,1,2,3,2,4,4,3,5,5,4.2,2,6,4,8,2,1,1,1.3333333333333333,1,1,1,1,2,1,2,1.6666666666666667,2,2,2,3,2.25,4,3,3,4,4,3.6,1,9,2,5,2,1,1,1.3333333333333333,1,1,1,1,2,1,2,1.6666666666666667,1,2,2,3,2,4,4,3,5,4,4,4,7,3,7,1,1,1,1,1,1,1,1,1,1,1,1,1,2,2,3,2,4,4,3,6,5,4.4,5,8,7,To see if ones mood could be changed through silly repetitive behaviours.,I’m not sure. Is the revelation of why I had to complete the movement exercises,33,Male,Black,i encountered no problems.,"Yes, you may use my data in the research.",2 times,1,1,0,2.418076923076923,0,1,TRUE,TRUE,1,FALSE
16232276,26/06/2026 06:35:25,complete,No threat,NaturaNegOne,negative,one,I agree to participate,17,4,5,3,5,4.333333333333333,1,1,1,1,1,1,2,1.3333333333333333,1,2,3,1,1.75,6,7,6,7,7,6.6,2,6,4,8,5,6,5,5.333333333333333,1,1,1,1,1,4,4,3,2,2,2,1,1.75,6,6,5,6,7,6,1,9,2,5,1,1,1,1,6,6,6,6,3,3,2,2.6666666666666665,2,2,1,1,1.5,6,7,5,6,7,6.2,4,7,3,7,1,2,1,1.3333333333333333,5,4,4,4.333333333333333,1,1,1,1,1,2,2,1,1.5,6,7,6,5,7,6.2,4,8,7,"To train AI? Or to test how well people can switch to a new task, such as answering math problems.","I'm really not sure, I can't think of anything",41,Female,White,"No issues, everything was great","Yes, you may use my data in the research.",2 times,1,1,0,2.855192307692308,0,1,TRUE,TRUE,0,FALSE
16232277,26/06/2026 07:35:41,complete,No threat,NaturaPosTen,positive,ten,I agree to participate,17,4,5,5,5,5,2,1,1,1.3333333333333333,1,1,1,1,5,6,7,5,5.75,4,1,1,2,1,1.8,2,6,4,8,1,4,5,3.3333333333333335,1,1,1,1,1,1,1,1,6,6,6,5,5.75,3,1,1,1,1,1.4,1,9,2,5,6,5,5,5.333333333333333,1,1,1,1,1,1,1,1,6,6,6,5,5.75,3,1,1,1,1,1.4,4,7,3,7,6,6,6,6,1,1,1,1,1,1,1,1,6,6,6,5,5.75,5,1,1,1,1,1.8,4,8,7,"I am honestly not sure, but maybe its to see what effect pleasent pictures have on ones mood and ability to perform math functions.","no ideo, but I am interested.",52,Male,White,"No issues, thanks!","Yes, you may use my data in the research.",2 times,1,1,0,0,0,0,FALSE,FALSE,0,FALSE
16232279,26/06/2026 07:35:41,complete,Threat,SmilePosOne,positive,one,I agree to participate,17,4,4,4,3,3.6666666666666665,1,1,1,1,1,1,1,1,3,3,4,5,3.75,6,2,2,1,3,2.8,2,6,4,8,4,3,5,4,1,1,1,1,1,1,1,1,3,3,3,5,3.5,7,1,2,1,2,2.6,1,9,2,5,5,4,5,4.666666666666667,1,1,1,1,1,1,1,1,3,3,3,5,3.5,7,1,2,1,2,2.6,4,7,3,7,5,3,5,4.333333333333333,1,1,1,1,1,1,1,1,3,3,3,5,3.5,7,1,2,1,2,2.6,4,8,7,I really have no idea.,I really don't have a clue.,53,Male,White,No issues.,"Yes, you may use my data in the research.",2 times,1,1,0.03196078431372549,1.1937254901960783,0,1,FALSE,TRUE,0,FALSE
16232284,26/06/2026 07:36:37,complete,Threat,SmileNegTen,negative,ten,I agree to participate,17,4,2,2,2,2,5,5,5,5,5,5,5,5,6,6,6,4,5.5,2,2,2,2,2,2,2,6,4,8,2,1,2,1.6666666666666667,1,1,1,1,4,1,4,3,6,6,6,4,5.5,1,1,1,1,1,1,1,9,2,5,1,1,1,1,6,6,6,6,7,7,6,6.666666666666667,6,6,6,4,5.5,2,2,2,2,2,2,4,7,3,7,1,1,1,1,5,5,5,5,5,5,5,5,6,6,6,4,5.5,1,1,1,1,1,1,4,8,7,Emotion related to brain cognition,How emotions relate to math,24,Female,Asian,N/A,"Yes, you may use my data in the research.",2 times,NA,NA,NA,NA,NA,NA,NA,NA,0,FALSE
16232286,26/06/2026 07:37:04,complete,No threat,NaturaNegOne,negative,one,I agree to participate,17,4,1,1,1,1,1,1,1,1,1,1,1,1,7,6,6,5,6,1,1,1,1,1,1,2,6,4,8,4,4,3,3.6666666666666665,1,1,1,1,1,1,1,1,6,6,5,5,5.5,1,1,1,1,1,1,1,9,2,5,6,6,4,5.333333333333333,1,1,1,1,1,1,1,1,7,6,5,5,5.75,1,1,1,1,1,1,4,7,3,7,1,1,1,1,1,1,1,1,1,1,1,1,6,6,6,5,5.75,1,1,1,1,1,1,4,8,7,attention to detail,mathematical skills,48,Female,Black,none,"Yes, you may use my data in the research.",2 times,1,1,0.11211538461538462,0.5659615384615385,0.05769230769230774,0,FALSE,FALSE,0,FALSE
16232287,26/06/2026 07:37:02,complete,Threat,SmilePosTen,positive,ten,I agree to participate,17,4,4,4,4,4,1,1,1,1,1,1,1,1,5,5,5,7,5.5,3,1,1,1,1,1.4,2,6,4,8,6,6,6,6,1,1,1,1,1,1,1,1,5,5,5,6,5.25,2,1,1,1,1,1.2,1,9,2,5,5,5,5,5,1,1,1,1,1,1,1,1,5,5,5,6,5.25,2,1,1,1,1,1.2,4,7,3,7,5,5,5,5,1,1,1,1,1,1,1,1,5,5,5,6,5.25,2,1,1,1,1,1.2,4,8,7,"See if people actually follow directions. Also, does movement help with the speed of answering math questions and does movement help improve feelings of satisfaction.",See if movement helps improve feelings of satisfaction.,57,Female,White,No issues. This was fun!,"Yes, you may use my data in the research.",2 times,1,1,0.2253076923076923,1.6148846153846157,0.18461538461538457,0.9057692307692308,FALSE,TRUE,0,FALSE
16232289,26/06/2026 07:37:43,complete,No threat,SmilePosTen,positive,ten,I agree to participate,17,4,6,2,6,4.666666666666667,4,2,2,2.6666666666666665,2,2,2,2,4,5,5,4,4.5,2,2,1,2,2,1.8,2,6,4,8,4,2,5,3.6666666666666665,4,3,2,3,3,1,2,2,4,4,4,3,3.75,2,1,1,1,1,1.2,1,9,2,5,6,3,5,4.666666666666667,3,2,2,2.3333333333333335,2,2,2,2,4,5,4,3,4,3,1,1,2,1,1.6,4,7,3,7,4,3,3,3.3333333333333335,2,1,2,1.6666666666666667,1,1,1,1,4,4,4,3,3.75,2,1,2,2,2,1.8,4,8,7,it is the effect of physical movement of the body and people’s math performance.,the image to the body movement part.,24,Male,Black,"i had no issues during the studys, it was a nice study.","Yes, you may use my data in the research.",2 times,1,1,0,0.5489423076923077,0,0.01153846153846153,FALSE,FALSE,0,FALSE
16232290,26/06/2026 07:37:41,complete,No threat,SmileNegTen,negative,ten,I agree to participate,17,4,4,5,4,4.333333333333333,1,1,1,1,1,1,3,1.6666666666666667,4,4,5,3,4,6,1,1,1,1,2,2,0,4,8,5,6,4,5,1,1,1,1,1,2,1,1.3333333333333333,4,4,5,3,4,6,1,1,1,1,2,2,9,2,5,4,2,3,3,4,4,4,4,3,1,1,1.6666666666666667,4,4,5,3,4,7,4,1,1,1,2.8,4,5,3,7,2,1,2,1.6666666666666667,4,4,2,3.3333333333333335,4,2,1,2.3333333333333335,4,4,5,3,4,6,1,1,1,1,2,4,8,7,to see if being subjected to pictures of certain things changed or affected your ability to thing about something that required thought immediately agter,im not sure,52,Female,White,none,"Yes, you may use my data in the research.",2 times,1,1,0,0.02129411764705883,0,0,FALSE,FALSE,3,FALSE
16232293,26/06/2026 07:37:56,complete,No threat,NaturaNegOne,negative,one,I agree to participate,17,4,3,5,4,4,1,1,1,1,1,1,1,1,5,5,5,4,4.75,6,1,1,1,1,2,2,6,4,8,3,5,3,3.6666666666666665,1,1,1,1,1,1,1,1,5,5,5,4,4.75,4,1,1,1,1,1.6,1,9,2,5,3,4,2,3,1,1,1,1,2,1,1,1.3333333333333333,5,5,5,4,4.75,5,1,1,1,1,1.8,4,7,3,7,1,2,3,2,1,1,1,1,2,1,4,2.3333333333333335,5,5,5,4,4.75,5,1,1,1,1,1.8,4,6,7,"I'm actually not sure, the maths were easy as well as the tasks...",Are yuo checking if people follow prompts just for the sake of the study,53,Female,Mixed,No issues,"Yes, you may use my data in the research.",2 times,1,1,0.5638461538461539,2.6521153846153847,0.3653846153846156,1,TRUE,TRUE,1,FALSE
16232295,26/06/2026 06:38:13,complete,Threat,SmileNegOne,negative,one,I agree to participate,17,4,1,1,1,1,1,1,1,1,1,1,1,1,4,5,5,3,4.25,6,2,4,4,4,4,2,6,4,8,1,1,2,1.3333333333333333,1,1,1,1,1,1,1,1,5,4,4,3,4,7,2,3,3,2,3.4,1,9,2,5,1,1,1,1,2,1,1,1.3333333333333333,1,1,1,1,4,4,5,3,4,7,2,4,3,3,3.8,4,7,3,7,1,1,1,1,1,1,1,1,1,1,1,1,4,4,5,3,4,7,2,2,4,3,3.6,4,8,7,To see if you could smile through some distressing images (particularly the dogs) and how that would change your mood after seeing them.,I'm honestly not sure. Perhaps the link between the math and the body movements? Maybe the sense of accomplishment came from the math?,41,Female,White,No issues of note,"Yes, you may use my data in the research.",2 times,1,1,2.489607843137255,2.7328846153846156,1,1,FALSE,FALSE,0,TRUE
16232298,26/06/2026 07:38:44,complete,No threat,SmilePosTen,positive,ten,I agree to participate,17,4,5,4,4,4.333333333333333,4,1,1,2,1,1,2,1.3333333333333333,3,5,6,2,4,4,1,1,3,2,2.2,2,6,4,8,3,2,3,2.6666666666666665,1,1,1,1,1,1,1,1,5,5,5,1,4,5,1,1,2,1,2,1,9,2,5,4,3,4,3.6666666666666665,2,1,1,1.3333333333333333,1,1,1,1,5,3,6,2,4,4,1,1,4,2,2.4,4,7,3,7,4,3,4,3.6666666666666665,1,1,1,1,1,1,1,1,5,2,5,1,3.25,4,1,1,2,2,2,4,8,7,seeing if pleasent images help moods?,seeing if answers change after images,65,Female,White,I thought I had to imitate the first set of photos.,"Yes, you may use my data in the research.",2 times,1,1,0.16731372549019607,0.13529411764705884,0.188235294117647,0.07647058823529412,FALSE,FALSE,0,FALSE
16232299,26/06/2026 06:39:02,complete,No threat,NaturaPosTen,positive,ten,I agree to participate,17,4,4,1,4,3,6,1,1,2.6666666666666665,4,2,7,4.333333333333333,5,5,6,4,5,4,3,1,2,1,2.2,2,6,4,8,1,1,1,1,3,1,1,1.6666666666666667,4,3,3,3.3333333333333335,5,5,5,5,5,4,1,1,1,1,1.6,1,9,2,5,2,1,3,2,4,2,3,3,4,6,6,5.333333333333333,5,5,5,5,5,4,1,1,1,1,1.6,4,7,3,7,4,4,4,4,1,1,1,1,1,1,1,1,5,5,5,5,5,1,1,1,1,1,1,4,8,7,how people differently react to different visuals and their descisions after what they see.,maybe how can visuals affect the brain can do math!,42,Female,White,NA,"Yes, you may use my data in the research.",2 times,1,1,0.21040384615384616,0.3928846153846154,0.1461538461538462,0.1942307692307692,FALSE,FALSE,0,FALSE
16232300,26/06/2026 04:38:52,complete,Threat,SmileNegOne,negative,one,I agree to participate,17,4,4,4,4,4,2,1,1,1.3333333333333333,3,3,3,3,6,7,7,5,6.25,2,2,4,1,3,2.4,2,6,NA,8,2,2,2,2,2,2,2,2,2,2,2,2,6,6,6,6,6,2,2,2,2,2,2,1,9,2,5,2,2,2,2,1,1,1,1,4,2,3,3,6,6,6,5,5.75,2,2,3,2,3,2.4,4,7,3,7,2,2,2,2,3,2,2,2.3333333333333335,3,3,3,3,6,6,6,6,6,2,2,2,2,2,2,4,8,7,I have no idea,No clue,46,Male,White,NA,"Yes, you may use my data in the research.",2 times,1,1,0.01249999999999999,0.59,0,0.30769230769230765,FALSE,FALSE,1,FALSE
16232306,26/06/2026 04:39:23,complete,Threat,NaturaNegTen,negative,ten,I agree to participate,17,4,1,1,1,1,1,1,1,1,1,1,1,1,1,3,3,1,2,5,1,1,1,1,1.8,2,6,4,8,1,1,1,1,1,1,1,1,1,1,1,1,1,3,3,1,2,4,1,1,1,1,1.6,1,9,2,5,1,1,1,1,3,1,1,1.6666666666666667,1,1,1,1,1,3,3,1,2,4,1,1,1,1,1.6,4,7,3,7,1,1,1,1,4,1,1,2,1,1,1,1,1,3,3,1,2,4,1,1,1,1,1.6,4,8,7,The effects of unpleasant stimuli on the human mind when computing arithmetic.,How much our amygdala can affect arithmetic thinking.,29,Male,Asian,n/a,"Yes, you may use my data in the research.",2 times,1,1,0.19848076923076924,2.4763356313497824,0,1,TRUE,TRUE,0,FALSE
16232309,26/06/2026 06:39:43,complete,No threat,NaturaPosOne,positive,one,I agree to participate,17,4,1,1,1,1,5,1,1,2.3333333333333335,6,6,6,6,1,1,1,4,1.75,7,1,1,1,6,3.2,2,6,4,8,1,1,1,1,1,1,1,1,6,6,6,6,1,1,1,1,1,6,6,6,6,6,6,1,9,2,5,1,1,1,1,1,1,1,1,6,5,7,6,1,1,1,1,1,6,6,6,6,6,6,4,7,3,7,1,1,1,1,1,1,1,1,4,4,1,3,1,1,1,1,1,6,5,5,5,5,5.2,4,8,7,no clue,i don't know,38,Male,White,none,"Yes, you may use my data in the research.",2 times,1,1,0,1.728846153846154,0,1,TRUE,TRUE,0,FALSE
16232312,26/06/2026 07:40:16,complete,Threat,NaturaPosOne,positive,one,I agree to participate,17,4,3,3,1,2.3333333333333335,1,1,1,1,2,1,2,1.6666666666666667,4,4,4,5,4.25,4,2,4,3,2,3,2,6,4,8,3,2,2,2.3333333333333335,2,1,1,1.3333333333333333,2,1,1,1.3333333333333333,4,4,4,4,4,4,1,1,2,2,2,1,9,2,5,3,1,2,2,2,1,1,1.3333333333333333,1,2,2,1.6666666666666667,4,4,4,4,4,3,2,1,2,2,2,8,7,3,7,3,2,1,2,2,1,1,1.3333333333333333,1,1,2,1.3333333333333333,4,4,4,4,4,4,1,1,2,2,2,4,8,7,To see if physical activity corelates with better mental health.,Why I need to do these exact actions for these tasks for your testing.,30,Male,Black,NA,"Yes, you may use my data in the research.",2 times,1,1,0.0023076923076923,1.2290566037735848,0,0.981132075471698,FALSE,TRUE,1,FALSE
16232313,26/06/2026 07:40:24,complete,No threat,SmilePosOne,positive,one,I agree to participate,17,4,1,1,1,1,1,1,1,1,2,2,2,2,7,7,6,6,6.5,2,1,1,1,1,1.2,2,6,4,8,2,3,2,2.3333333333333335,1,1,1,1,1,1,1,1,6,7,6,7,6.5,2,1,1,1,1,1.2,1,9,2,5,2,3,3,2.6666666666666665,1,1,1,1,1,1,1,1,7,7,6,6,6.5,2,1,1,1,1,1.2,4,7,3,7,1,2,1,1.3333333333333333,1,1,1,1,1,1,1,1,6,7,6,7,6.5,2,1,1,1,1,1.2,4,8,7,"the physical movements required very litte effort, mentally or physically, and the math problems were simple. Perhaps the speed of completing the problems was being compared to a standard?",you distracted me with the movements and math while you accessed my computer files?,67,Male,White,nothing. the directions were sufficient and I anticipated more elaborate physical movements so these were easy,"Yes, you may use my data in the research.",2 times,1,1,0,0.7623076923076924,0,0.17307692307692296,FALSE,FALSE,0,FALSE
16232314,26/06/2026 06:40:20,complete,No threat,SmilePosTen,positive,ten,I agree to participate,17,4,2,2,3,2.3333333333333335,1,2,1,1.3333333333333333,3,2,4,3,3,3,3,2,2.75,6,5,3,5,4,4.6,2,6,4,8,1,1,1,1,1,1,1,1,3,2,3,2.6666666666666665,3,3,3,2,2.75,6,4,3,5,4,4.4,1,9,2,5,3,3,3,3,1,1,1,1,1,1,1,1,3,3,2,2,2.5,6,4,4,2,3,3.8,4,7,3,7,3,3,4,3.3333333333333335,1,1,1,1,1,1,1,1,3,3,3,2,2.75,6,5,3,4,4,4.4,4,8,7,I wonder if the nature of the task (smiling and seeing cute pictures of kittens vs. a repetitive physical task that was hard to do while clicking a mouse) affected mood/outlook?,"Hm, something about analyzing what the camera was looking for?",48,Female,White,None that I can think of!,"Yes, you may use my data in the research.",2 times,1,1,1.6870377073906486,1.12725,1,0.7365384615384616,FALSE,FALSE,0,TRUE
16232315,26/06/2026 07:40:45,complete,No threat,NaturaPosOne,positive,one,I agree to participate,17,4,1,1,1,1,1,1,1,1,1,1,1,1,4,5,4,2,3.75,4,4,3,5,2,3.6,2,6,4,8,1,1,1,1,1,1,1,1,1,1,1,1,3,3,4,2,3,1,1,1,1,3,1.4,1,9,2,5,1,1,1,1,1,1,1,1,1,1,1,1,3,2,4,2,2.75,1,3,2,NA,3,2.25,4,7,3,7,2,2,1,1.6666666666666667,1,1,1,1,1,1,1,1,4,4,4,4,4,3,3,1,1,2,2,4,8,7,i have no idea.,i don't know,35,Male,Black,none,"Yes, you may use my data in the research.",2 times,1,1,0.1782692307692308,0.7453846153846153,0.07692307692307689,0.34615384615384615,FALSE,FALSE,0,FALSE
16232316,26/06/2026 07:40:50,complete,No threat,NaturaPosTen,positive,ten,I agree to participate,17,4,1,2,1,1.3333333333333333,1,1,1,1,1,1,1,1,5,5,5,3,4.5,5,2,2,2,2,2.6,2,6,4,8,2,2,1,1.6666666666666667,1,1,1,1,1,1,1,1,5,5,5,3,4.5,5,2,2,2,2,2.6,1,9,2,5,3,2,4,3,1,1,1,1,2,2,3,2.3333333333333335,5,5,5,3,4.5,5,2,2,2,2,2.6,4,7,3,7,5,3,6,4.666666666666667,1,1,1,1,1,1,1,1,5,5,5,3,4.5,5,2,2,2,2,2.6,4,8,7,To see how certain tasks affected emotions.,not sure,38,Female,White,none,"Yes, you may use my data in the research.",2 times,1,1,0.0120576923076923,1.4892307692307691,0,1,FALSE,TRUE,0,FALSE
16232317,26/06/2026 05:40:54,complete,Threat,NaturaNegTen,negative,ten,I agree to participate,17,4,1,2,2,1.6666666666666667,1,1,1,1,1,1,1,1,7,7,6,6,6.5,1,1,1,1,1,1,2,6,4,8,4,4,4,4,2,1,2,1.6666666666666667,1,1,1,1,6,7,7,6,6.5,1,1,1,1,1,1,1,9,2,5,4,4,4,4,1,1,1,1,1,1,1,1,7,7,6,6,6.5,1,1,1,1,1,1,4,7,3,7,3,3,3,3,1,1,1,1,1,1,1,1,7,6,6,6,6.25,1,1,1,1,1,1,4,8,7,I believe the purpose was to see if facial expression can override outside stimulus.,That is an interesting question. I'm not sure what the purpose that you have not told about is.,54,Male,Mixed,"Fortunately, I did not have any issues.","Yes, you may use my data in the research.",2 times,1,1,0.02089622641509433,0.3206353410740203,0,0.03838896952104498,FALSE,FALSE,0,FALSE
16232318,26/06/2026 07:40:52,complete,Threat,NaturaPosOne,positive,one,I agree to participate,17,4,2,2,2,2,4,2,2,2.6666666666666665,5,5,5,5,6,6,6,6,6,2,1,1,1,1,1.2,2,6,4,8,3,3,3,3,1,1,1,1,1,2,1,1.3333333333333333,6,6,6,6,6,2,1,1,1,1,1.2,1,9,2,5,5,4,4,4.333333333333333,1,1,1,1,1,2,1,1.3333333333333333,6,6,6,6,6,2,1,1,1,1,1.2,4,7,3,7,6,5,6,5.666666666666667,1,1,1,1,1,1,1,1,6,6,6,6,6,2,1,1,1,1,1.2,4,8,7,I'm not sure.,I'm not sure.,62,Male,White,NA,"Yes, you may use my data in the research.",2 times,1,1,0,3.043076923076923,0,1,TRUE,TRUE,0,FALSE
16232319,26/06/2026 07:40:54,complete,No threat,NaturaNegOne,negative,one,I agree to participate,17,4,6,6,6,6,1,1,1,1,1,1,1,1,5,4,5,4,4.5,1,2,1,1,1,1.2,2,6,4,8,2,1,2,1.6666666666666667,1,1,1,1,1,1,5,2.3333333333333335,5,5,5,5,5,1,1,1,1,1,1,1,9,2,5,1,1,1,1,1,1,1,1,6,6,6,6,5,5,5,5,5,1,1,1,1,1,1,4,7,3,7,2,1,2,1.6666666666666667,5,1,1,2.3333333333333335,5,5,5,5,5,5,5,5,5,1,1,1,1,1,1,4,8,7,i have no idea very hard to understand but i guess for some type of research on our reactions to horrible things to look at.,Not sure.,61,Male,Black,NA,"Yes, you may use my data in the research.",2 times,1,1,0.06960784313725489,0.6809803921568627,0,0.5294117647058825,FALSE,TRUE,0,FALSE
16232322,26/06/2026 07:41:08,complete,No threat,SmilePosOne,positive,one,I agree to participate,17,4,1,1,1,1,1,1,1,1,1,1,1,1,4,4,3,3,3.5,4,2,2,3,3,2.8,2,6,4,8,1,1,1,1,1,1,1,1,1,1,1,1,3,3,3,3,3,4,3,2,3,3,3,1,9,2,5,1,1,1,1,1,1,1,1,1,1,1,1,3,4,4,3,3.5,4,2,2,2,3,2.6,4,7,3,7,1,1,1,1,1,1,1,1,1,1,1,1,3,3,3,3,3,4,2,2,3,2,2.6,4,8,7,I don't know,I don't know,50,Female,White,NA,"Yes, you may use my data in the research.",2 times,1,1,0.00326923076923077,2.727692307692308,0,1,TRUE,TRUE,0,FALSE
16232323,26/06/2026 07:41:19,complete,No threat,NaturaNegTen,negative,ten,I agree to participate,17,4,6,2,4,4,1,1,1,1,1,1,1,1,5,5,5,6,5.25,5,2,1,2,4,2.8,2,6,4,8,5,4,2,3.6666666666666665,1,1,1,1,1,1,1,1,5,5,5,5,5,5,2,1,1,4,2.6,1,9,2,5,1,1,1,1,3,1,1,1.6666666666666667,5,3,5,4.333333333333333,5,5,5,5,5,5,2,1,1,4,2.6,4,7,3,7,1,1,1,1,4,1,1,2,5,1,5,3.6666666666666665,5,5,5,6,5.25,5,2,1,1,4,2.6,4,8,7,To understand the effect of physical movement tasks on math performance.,I have no idea.,23,Female,Black,None,"Yes, you may use my data in the research.",2 times,1,1,2.294,3.5113846153846153,0.948076923076923,1,FALSE,FALSE,0,FALSE
16232328,26/06/2026 04:41:36,complete,Threat,SmileNegTen,negative,ten,I agree to participate,17,4,5,4,5,4.666666666666667,1,1,1,1,1,1,1,1,6,5,6,5,5.5,1,1,1,1,1,1,2,6,4,8,1,2,3,2,1,1,1,1,1,1,2,1.3333333333333333,6,6,6,6,6,2,1,1,1,1,1.2,1,9,2,5,1,1,1,1,6,NA,6,6,3,5,5,4.333333333333333,6,6,6,6,6,2,1,1,1,1,1.2,4,7,3,7,1,1,1,1,7,4,4,5,3,5,4,4,6,6,6,6,6,2,1,1,1,1,1.2,4,8,7,emotions,not sure,44,Male,White,nothing,"Yes, you may use my data in the research.",2 times,NA,NA,NA,NA,NA,NA,NA,NA,0,FALSE
16232332,26/06/2026 06:41:45,complete,Threat,SmileNegTen,negative,ten,I agree to participate,17,4,2,2,2,2,2,1,1,1.3333333333333333,1,1,2,1.3333333333333333,5,6,5,2,4.5,5,2,1,5,2,3,2,6,4,8,1,1,2,1.3333333333333333,1,1,1,1,2,2,2,2,6,6,5,2,4.75,5,1,1,5,2,2.8,1,9,2,5,1,1,2,1.3333333333333333,3,1,1,1.6666666666666667,3,1,2,2,5,6,6,2,4.75,5,1,1,5,2,2.8,4,7,3,7,1,1,1,1,2,1,1,1.3333333333333333,2,2,3,2.3333333333333335,5,6,6,2,4.75,5,1,1,5,2,2.8,4,8,7,To see if some of the photos were disturbing and maybe to see how easily people get annoyed while multitasking?,Maybe the directions did not match the photos exactly to see how annoyed or irritating that might be on purpose?,51,Female,White,On the first recording I was confused about when the video would start and stop so I am not sure if I did the movements correct. Also It was a bit confusing as I thought we were supposed to copy facial features but the guy in the video had a mask so I copied his movements but that may have not come out on the close framed video.,"Yes, you may use my data in the research.",2 times,1,1,0.25325,0.08125,0.01923076923076922,0.00769230769230769,FALSE,FALSE,0,FALSE
16232333,26/06/2026 06:41:51,complete,No threat,SmileNegOne,negative,one,I agree to participate,17,4,6,3,6,5,7,3,5,5,1,6,1,2.6666666666666665,6,6,5,3,5,4,1,1,1,1,1.6,2,6,4,8,6,6,7,6.333333333333333,4,5,2,3.6666666666666665,1,1,1,1,6,6,5,3,5,2,1,1,1,1,1.2,1,9,2,5,6,6,6,6,6,3,2,3.6666666666666665,1,7,1,3,6,5,5,2,4.5,2,1,1,1,1,1.2,4,7,3,7,4,2,3,3,3,4,4,3.6666666666666665,5,6,4,5,5,5,5,3,4.5,2,1,1,5,1,2,4,8,7,To study human alertness and reaction to life situation,Mood change related to physical movement,48,Male,Black,I find the survey fun and interesting.,"Yes, you may use my data in the research.",2 times,0.9411764705882352,0.8431372549019608,0.22627450980392155,1.0501960784313726,0.627450980392157,0.7647058823529411,FALSE,FALSE,0,FALSE
16232337,26/06/2026 06:42:05,complete,No threat,NaturaNegTen,negative,ten,I agree to participate,17,4,1,1,1,1,1,1,1,1,1,1,5,2.3333333333333335,1,1,1,1,1,7,6,5,7,7,6.4,2,6,4,8,1,2,1,1.3333333333333333,1,1,1,1,3,3,3,3,1,1,1,1,1,7,7,7,6,7,6.8,1,9,2,5,1,2,1,1.3333333333333333,1,1,1,1,5,2,5,4,1,1,1,1,1,7,7,7,6,7,6.8,4,7,3,7,1,2,1,1.3333333333333333,1,1,2,1.3333333333333333,5,1,5,3.6666666666666665,1,1,1,1,1,7,7,7,6,7,6.8,4,8,7,not sure,also not sure,43,Male,White,Thanks and good luck,"Yes, you may use my data in the research.",2 times,1,1,2.1153846153846147e-4,1.6400431785195937,0,0.8907474600870827,TRUE,TRUE,0,FALSE
16232339,26/06/2026 06:42:29,complete,No threat,NaturaPosTen,positive,ten,I agree to participate,17,4,2,1,2,1.6666666666666667,6,6,5,5.666666666666667,7,6,7,6.666666666666667,2,2,2,1,1.75,7,7,7,7,7,7,4,6,4,8,1,1,1,1,7,7,7,7,7,7,7,7,2,2,1,1,1.5,7,7,7,7,7,7,1,9,2,5,2,2,2,2,7,7,7,7,7,7,7,7,2,2,1,1,1.5,7,7,7,7,7,7,4,7,3,7,2,2,2,2,6,7,6,6.333333333333333,7,7,7,7,2,2,1,1,1.5,7,7,7,7,7,7,4,8,7,To train AI with facial expressions and movements,That my images will be used to train AI,23,Male,White,NA,"Yes, you may use my data in the research.",NA,1,1,0.213921568627451,2.5196074660633485,0,1,TRUE,TRUE,1,FALSE
16232341,26/06/2026 07:42:34,complete,No threat,SmilePosOne,positive,one,I agree to participate,17,4,1,1,1,1,1,1,1,1,1,1,1,1,6,5,5,6,5.5,4,1,1,1,1,1.6,2,6,4,8,1,1,1,1,1,1,1,1,1,1,1,1,5,5,6,6,5.5,1,1,1,1,1,1,1,9,2,5,1,1,1,1,1,1,1,1,1,1,3,1.6666666666666667,6,5,6,6,5.75,4,1,1,1,1,1.6,4,7,3,7,1,1,1,1,1,1,1,1,1,1,1,1,5,6,6,6,5.75,4,1,1,1,1,1.6,4,8,7,Getting videos of people,You will use the videos for another purpose,43,Female,White,Nope,"Yes, you may use my data in the research.",2 times,1,1,2.7842307692307693,1.8478846153846151,1,1,FALSE,FALSE,0,FALSE
16232343,26/06/2026 06:42:43,complete,Threat,NaturaPosTen,positive,ten,I agree to participate,17,4,1,1,1,1,1,1,1,1,1,1,1,1,3,4,4,4,3.75,3,1,1,3,2,2,2,6,4,8,1,1,1,1,1,1,1,1,1,1,1,1,3,4,4,4,3.75,3,1,1,2,1,1.6,1,9,2,5,1,1,1,1,1,1,1,1,1,1,1,1,3,4,4,4,3.75,3,1,1,2,1,1.6,4,7,3,7,1,1,1,1,1,1,1,1,1,1,3,1.6666666666666667,3,4,4,4,3.75,3,1,1,2,1,1.6,4,8,7,I'm not sure.,NA,23,Female,Asian,"I was a bit confused on the physical task 3 and wasn't sure I was doing it right. From my understanding, I was supposed to mimic the facial impressions on the screen, but the pictures were animals so I'm not sure if that was right or I read it wrong.","Yes, you may use my data in the research.",1 time,1,1,0.2008653846153846,0.7805192307692308,0,0.04038461538461539,FALSE,FALSE,0,FALSE
16232346,26/06/2026 07:43:08,complete,No threat,NaturaNegTen,negative,ten,I agree to participate,17,4,5,5,5,5,1,1,1,1,1,1,1,1,6,7,6,7,6.5,2,1,1,1,1,1.2,2,6,NA,8,3,4,4,3.6666666666666665,1,1,1,1,1,1,1,1,6,7,6,7,6.5,2,1,1,1,1,1.2,1,9,2,5,3,1,2,2,1,1,1,1,1,1,1,1,6,7,6,7,6.5,2,1,1,1,1,1.2,4,7,3,7,3,1,3,2.3333333333333335,1,1,1,1,1,1,1,1,6,7,6,7,6.5,2,1,1,1,1,1.2,4,8,NA,The purpose of this study is to track physical movements then solve math problems.,I think to test our performance and behavior.,25,Male,White,NA,"Yes, you may use my data in the research.",2 times,1,0.9961538461538462,0.41434615384615386,0.36430769230769233,0.01153846153846153,0.09423076923076924,FALSE,FALSE,2,FALSE
16232347,26/06/2026 04:43:14,complete,No threat,SmileNegOne,negative,one,I agree to participate,17,4,1,1,2,1.3333333333333333,2,1,1,1.3333333333333333,2,1,1,1.3333333333333333,1,2,3,3,2.25,5,4,2,5,5,4.2,2,6,4,8,1,2,1,1.3333333333333333,1,1,1,1,1,1,1,1,2,1,3,3,2.25,4,3,2,4,4,3.4,1,9,2,5,1,2,2,1.6666666666666667,1,1,1,1,1,1,1,1,1,3,4,3,2.75,4,4,2,4,4,3.6,4,7,3,7,1,1,1,1,1,1,1,1,1,1,1,1,1,2,2,3,2,4,3,2,4,4,3.4,4,8,7,I really don't know maybe directions,that there was no physical directions,50,Female,Mixed,NA,"Yes, you may use my data in the research.",2 times,1,0.7115384615384616,0.0096,0.16249999999999998,0,0,FALSE,FALSE,0,FALSE
16232348,26/06/2026 07:43:17,complete,Threat,SmilePosOne,positive,one,I agree to participate,17,4,3,3,3,3,1,1,1,1,1,1,1,1,3,3,5,3,3.5,2,1,1,1,1,1.2,2,6,4,8,1,1,1,1,1,1,1,1,1,1,1,1,3,3,5,3,3.5,2,1,1,1,1,1.2,1,9,2,5,1,1,1,1,1,1,1,1,1,1,2,1.3333333333333333,3,3,5,3,3.5,2,1,1,1,1,1.2,4,7,3,7,1,1,1,1,1,1,1,1,1,1,1,1,3,3,5,3,3.5,2,1,1,1,1,1.2,4,8,7,"If a change in mood and concentration on a task changes the performance in another task... but the math problems were too easy. So, it could be aimed at testing 'honesty', in responding to the questions, since you do not have to rememer your answers if they are true.",I am not sure.,56,Female,White,I did not encounter any technical issues.,"Yes, you may use my data in the research.",2 times,1,1,0,0.8092307692307692,0,0.5576923076923078,FALSE,TRUE,0,FALSE
16232355,26/06/2026 07:43:46,complete,No threat,NaturaPosOne,positive,one,I agree to participate,17,4,6,6,5,5.666666666666667,7,4,1,4,2,3,5,3.3333333333333335,5,5,5,5,5,1,2,6,7,5,4.2,2,6,4,8,4,4,4,4,4,4,4,4,3,4,3,3.3333333333333335,6,6,6,6,6,1,2,3,3,3,2.4,1,9,2,5,5,4,4,4.333333333333333,3,4,6,4.333333333333333,5,4,5,4.666666666666667,6,5,5,5,5.25,3,3,2,3,3,2.8,4,7,3,7,5,4,4,4.333333333333333,5,4,4,4.333333333333333,4,5,3,4,5,5,5,5,5,4,4,3,3,4,3.6,4,8,7,Reactions in solving math,NA,25,Male,Black,NA,"Yes, you may use my data in the research.",2 times,0.19230769230769232,0.1153846153846154,0.29134615384615387,0.20673076923076925,0.03846153846153846,0.01923076923076921,FALSE,FALSE,0,FALSE
16232358,26/06/2026 06:44:07,complete,Threat,NaturaNegOne,negative,one,I agree to participate,17,4,4,4,4,4,1,1,1,1,1,1,1,1,3,3,3,5,3.5,1,1,1,1,1,1,2,6,4,8,1,1,1,1,1,1,1,1,1,1,1,1,4,4,4,6,4.5,1,1,1,1,1,1,1,9,2,5,1,1,1,1,1,1,1,1,1,1,1,1,4,4,4,4,4,1,1,1,1,1,1,4,7,3,7,1,1,1,1,1,1,1,1,1,1,1,1,4,4,4,4,4,1,1,1,1,1,1,4,8,7,i don't know,it feels like what i was initially told was the purpose of the survey was not the truth.,38,Female,White,NA,"Yes, you may use my data in the research.",2 times,0.75,1,0,3.721346153846154,0,1,FALSE,FALSE,0,FALSE
16232360,26/06/2026 07:44:08,complete,No threat,SmileNegOne,negative,one,I agree to participate,17,4,4,4,4,4,4,4,4,4,4,4,4,4,5,6,5,3,4.75,4,2,1,NA,1,2,2,6,4,8,5,5,4,4.666666666666667,1,1,1,1,1,1,3,1.6666666666666667,5,6,6,3,5,3,1,1,1,1,1.4,1,9,2,5,4,3,4,3.6666666666666665,5,5,5,5,5,4,5,4.666666666666667,5,5,6,3,4.75,3,2,1,1,1,1.6,4,7,3,7,2,2,2,2,5,4,4,4.333333333333333,5,5,5,5,5,5,6,3,4.75,3,2,1,1,1,1.6,4,8,7,"To see if pictures effect your face, and if motion makes you think differently","That this study is for many things such as expressions, math, and following directions",32,Female,White,None,"Yes, you may use my data in the research.",2 times,NA,NA,NA,NA,NA,NA,NA,NA,0,FALSE
16232361,26/06/2026 07:44:11,complete,Threat,SmilePosTen,positive,ten,I agree to participate,17,4,1,1,1,1,1,1,1,1,2,1,3,2,6,5,5,1,4.25,2,1,1,1,3,1.6,2,6,4,8,1,3,1,1.6666666666666667,1,1,1,1,1,1,1,1,5,3,5,1,3.5,3,1,1,1,2,1.6,1,9,2,5,1,1,1,1,1,1,1,1,5,5,5,5,5,5,5,1,4,3,1,1,1,2,1.6,4,7,3,7,4,5,4,4.333333333333333,1,1,1,1,1,1,1,1,5,5,5,1,4,3,1,1,1,2,1.6,4,8,7,To determine how physical movements affect 0ur moods?,about the relation of physical movements and our mood,20,Female,Mixed,no issues :),"Yes, you may use my data in the research.",2 times,1,1,0.17509615384615387,1.477346153846154,0,0.5846153846153845,FALSE,TRUE,0,FALSE
16232365,26/06/2026 07:44:29,complete,No threat,SmilePosTen,positive,ten,I agree to participate,17,4,1,1,1,1,1,1,1,1,1,1,1,1,6,6,5,4,5.25,3,1,1,1,1,1.4,2,6,4,8,1,1,1,1,7,5,5,5.666666666666667,1,7,1,3,6,6,6,5,5.75,3,1,1,1,1,1.4,1,9,2,5,5,5,1,3.6666666666666665,1,NA,1,1,1,1,1,1,6,6,6,5,5.75,3,1,1,1,1,1.4,4,7,3,7,5,5,1,3.6666666666666665,1,1,1,1,1,1,5,2.3333333333333335,6,6,6,5,5.75,3,1,1,1,1,1.4,4,8,7,To see if smiling would make a person feel happier - or AI training?,Maybe eye tracking and seeing which images we were looking at.,34,Female,White,"I felt ""alarmed"" and ""scared"" because I think I did the number 4 one wrong.  I loved seeing the cats, but felt a tad bit sad upon seeing the grey cat because it resembled my late pet so closely.","Yes, you may use my data in the research.",2 times,1,1,1.28780442670537,1.0429669811320754,0.9290275761973876,0.9312046444121916,FALSE,FALSE,0,TRUE
16232370,26/06/2026 07:44:50,complete,Threat,SmilePosOne,positive,one,I agree to participate,17,4,3,3,3,3,1,1,1,1,1,1,1,1,7,6,6,6,6.25,4,1,1,1,1,1.6,4,6,4,8,3,3,3,3,1,1,1,1,1,1,1,1,6,7,6,6,6.25,3,1,1,1,1,1.4,1,9,2,5,3,3,3,3,1,1,1,1,1,1,1,1,6,6,7,6,6.25,4,1,1,1,1,1.6,4,7,3,7,3,3,3,3,1,1,1,1,1,1,1,1,7,6,6,6,6.25,3,1,1,1,1,1.4,4,8,7,no idea,probably something improtant regarding the study,35,Female,White,no issues but i put 4 when the one question asked 4-2 that obviously was incorrect i apologize it was a typo i didnt realize till i hit next,"Yes, you may use my data in the research.",2 times,1,1,0.19307692307692303,2.7359615384615386,0,1,TRUE,TRUE,1,FALSE
16232371,26/06/2026 06:45:00,complete,Threat,SmilePosOne,positive,one,I agree to participate,17,4,2,2,2,2,2,2,2,2,6,6,6,6,4,4,4,4,4,1,1,1,1,1,1,2,6,4,8,NA,1,1,1,1,1,6,2.6666666666666665,6,6,6,6,4,4,4,4,4,1,1,1,1,1,1,1,9,2,5,1,1,1,1,1,1,1,1,6,6,6,6,4,4,4,4,4,1,1,1,1,1,1,4,7,3,7,1,1,1,1,1,1,6,2.6666666666666665,6,6,6,6,4,4,4,4,4,1,1,1,1,1,1,4,8,7,NA,NA,30,Male,Mixed,NA,"Yes, you may use my data in the research.",2 times,1,1,0.5671153846153846,0.1201923076923077,0.2692307692307693,0,FALSE,FALSE,0,FALSE
16232373,26/06/2026 06:45:14,complete,Threat,SmilePosTen,positive,ten,I agree to participate,17,4,1,2,2,1.6666666666666667,1,1,1,1,1,1,1,1,5,5,5,4,4.75,4,1,1,2,3,2.2,2,6,4,8,1,1,2,1.3333333333333333,1,1,1,1,1,1,1,1,5,5,5,4,4.75,3,1,1,2,1,1.6,1,9,2,5,1,1,1,1,1,1,1,1,2,1,3,2,5,4,5,4,4.5,5,1,1,2,2,2.2,4,7,3,7,2,2,2,2,1,1,1,1,1,1,1,1,5,5,5,4,4.75,4,1,1,2,2,2,4,8,7,"If the purpose is not to original one described to me at the beginning, then I beleive the purpose was to measure the impact of the cute photos to my thoughts about my life.",I think the purpose of the survey had more to do with the photos and the impact seeing cute and sweet animals / flowers have on my thoughts on my own life.,32,Female,White,I did not encounter any issues.,"Yes, you may use my data in the research.",2 times,1,1,0.01511538461538461,2.704673076923077,0,0.9884615384615384,TRUE,TRUE,0,FALSE
16232376,26/06/2026 07:45:21,complete,Threat,SmileNegTen,negative,ten,I agree to participate,17,4,3,3,3,3,1,1,1,1,1,1,2,1.3333333333333333,6,6,6,6,6,2,1,1,1,1,1.2,2,6,4,8,3,3,3,3,1,1,1,1,1,1,1,1,6,6,6,6,6,2,1,1,1,1,1.2,1,9,2,5,2,2,2,2,2,1,1,1.3333333333333333,2,1,2,1.6666666666666667,6,6,6,6,6,2,1,1,1,1,1.2,4,7,3,7,2,2,2,2,1,1,1,1,2,1,2,1.6666666666666667,6,6,6,6,6,2,1,1,1,1,1.2,4,8,7,I have no clue,I am not sure,47,Male,White,None,"Yes, you may use my data in the research.",2 times,1,1,0.00184615384615384,0.01269230769230769,0.02307692307692306,0.00384615384615384,FALSE,FALSE,0,FALSE
16232383,26/06/2026 04:46:04,complete,No threat,SmileNegOne,negative,one,I agree to participate,17,4,1,1,1,1,2,1,1,1.3333333333333333,1,1,2,1.3333333333333333,3,3,3,1,2.5,5,4,4,5,5,4.6,2,6,4,8,1,1,1,1,1,1,1,1,2,2,2,2,3,3,3,1,2.5,5,4,4,5,5,4.6,1,9,2,5,1,1,1,1,1,1,1,1,2,1,2,1.6666666666666667,2,4,4,1,2.75,5,4,4,5,5,4.6,4,7,3,7,1,1,1,1,1,1,1,1,2,2,2,2,2,3,2,2,2.25,5,4,4,5,5,4.6,4,8,7,do you see if my thoughts about myself and life changed after smiling,that people tend to rate higher satisfaction after smiling?,30,Female,White,no issues!,"Yes, you may use my data in the research.",2 times,1,1,2.208653846153846,1.9790384615384615,0.903846153846154,0.8076923076923078,FALSE,FALSE,0,TRUE
16232384,26/06/2026 06:46:04,complete,No threat,NaturaPosTen,positive,ten,I agree to participate,17,4,2,2,3,2.3333333333333335,1,1,1,1,1,2,2,1.6666666666666667,6,6,6,7,6.25,4,2,1,2,3,2.4,2,6,4,8,3,2,3,2.6666666666666665,1,1,1,1,3,3,3,3,7,6,6,7,6.5,3,1,1,2,3,2,1,9,2,5,4,4,4,4,1,1,1,1,2,1,2,1.6666666666666667,7,6,6,7,6.5,3,1,1,2,2,1.8,4,7,3,7,4,4,4,4,1,1,1,1,2,1,1,1.3333333333333333,6,7,7,6,6.5,3,1,1,2,2,1.8,4,8,7,How things can make us happy or annoyed,Maybe you wanted to see natural facial expressions would change? EG at first I had a forced smile but maybe it became more natural over time?,38,Male,White,I just wasn't sure whether to continue doing the physical movements beyond the count down screen? That was not incredibly clear. I did them through the duration of the survey but am unsure if that was the intent.,"Yes, you may use my data in the research.",2 times,1,1,0.26990384615384616,3.3590576923076925,0.025,1,TRUE,TRUE,0,FALSE
16232391,26/06/2026 07:46:46,complete,Threat,SmileNegTen,negative,ten,I agree to participate,17,4,3,2,4,3,1,2,1,1.3333333333333333,2,1,2,1.6666666666666667,3,5,5,1,3.5,3,1,2,4,2,2.4,2,6,4,8,3,2,2,2.3333333333333335,1,1,1,1,2,2,2,2,3,5,4,1,3.25,3,2,2,2,2,2.2,1,9,2,5,1,1,2,1.3333333333333333,6,4,4,4.666666666666667,5,5,5,5,3,3,4,1,2.75,3,2,2,4,3,2.8,4,7,3,7,2,2,2,2,6,3,4,4.333333333333333,5,5,4,4.666666666666667,3,3,4,1,2.75,3,2,2,4,2,2.6,4,8,7,"I think the purpose of this study may have been to see how you react to different sets of annoying and sad images as well as some aggrivating ones. Three image pairs being the illegally parked, the robber, and a sad image of abused animals. You had to smile throughout, which admittedly was a challenge. The math however, I'm not real sure what that was supposed to entail. Perhaps it was supposed to become a bit harder after viewing the images and completing the physical tasks, but I'm not sure.",I'm not real sure. Probably something to do with why the math was used and you also left out there would be some unsettling images of abused animals.,37,Male,Mixed,"I don't believe I had any issues. Thank you for this interesting study. I didn't see the second part coming, the one with the images. Interesting.","Yes, you may use my data in the research.",2 times,0.9901960784313726,1,0.0063137254901960704,2.548742081447964,0,0.9139894419306184,TRUE,TRUE,0,FALSE
16232396,26/06/2026 07:47:18,complete,Threat,SmilePosTen,positive,ten,I agree to participate,17,4,4,4,4,4,4,4,4,4,4,4,5,4.333333333333333,5,6,6,2,4.75,2,3,2,2,1,2,2,6,4,8,1,1,1,1,1,1,1,1,1,1,1,1,5,5,5,2,4.25,2,1,1,2,1,1.4,1,9,2,5,2,2,3,2.3333333333333335,1,1,1,1,3,4,4,3.6666666666666665,5,5,5,2,4.25,2,2,1,2,1,1.6,4,7,3,7,2,1,2,1.6666666666666667,1,1,1,1,1,1,1,1,5,5,5,2,4.25,2,1,1,2,1,1.4,4,8,7,Odd tasks changing choices,Something related to the tasks and decisions,25,Male,White,Maybe do the nose touching and blinking exercise for ten seconds...it is an odd task to do once then the questions (unless I was ment to do it the whole time but my camera was not on then...I believe...but nonetheless a bit confusing).,"Yes, you may use my data in the research.",2 times,1,1,0.01540384615384615,2.562153846153846,0,0.9423076923076924,TRUE,TRUE,0,FALSE
16232398,26/06/2026 07:47:27,complete,Threat,NaturaNegOne,negative,one,I agree to participate,17,4,NA,4,3,3.5,1,1,1,1,1,3,1,1.6666666666666667,3,4,4,2,3.25,5,2,4,5,3,3.8,2,6,4,8,2,2,2,2,1,1,1,1,1,1,1,1,2,3,3,2,2.5,5,2,2,3,3,3,1,9,2,5,3,2,2,2.3333333333333335,1,1,1,1,1,1,1,1,3,3,3,2,2.75,5,2,3,2,4,3.2,4,7,3,7,2,2,2,2,1,1,1,1,1,1,NA,1,3,4,3,2,3,5,2,4,5,3,3.8,4,8,7,Not really sure,I don't know,66,Male,White,none,"Yes, you may use my data in the research.",2 times,1,1,0,1.4207843137254903,0,1,FALSE,TRUE,0,FALSE
16232402,26/06/2026 07:47:45,complete,No threat,NaturaNegOne,negative,one,I agree to participate,17,4,4,3,3,3.3333333333333335,3,1,1,1.6666666666666667,2,2,2,2,6,6,6,6,6,1,1,1,1,1,1,2,6,4,8,2,2,2,2,1,1,1,1,1,1,1,1,6,6,6,6,6,1,1,1,1,1,1,1,9,2,5,2,2,2,2,1,1,1,1,1,1,1,1,6,6,6,6,6,1,1,1,1,1,1,4,7,3,7,2,2,2,2,1,1,1,1,1,1,1,1,6,6,6,6,6,1,1,1,1,1,1,4,8,7,To see if people could remain focused for each part,The physical part meant nothing,48,Female,White,The first physical tasked moved so fast I'm not sure I blinked 4 times.I did have my left arm behind my head.,"Yes, you may use my data in the research.",1 time,1,1,0,1.9432692307692307,0,1,TRUE,TRUE,0,FALSE
16232405,26/06/2026 06:47:57,complete,No threat,NaturaPosOne,positive,one,I agree to participate,17,4,1,1,1,1,1,1,1,1,1,1,2,1.3333333333333333,3,2,1,1,1.75,6,6,7,6,6,6.2,2,6,4,8,1,1,1,1,1,1,1,1,1,1,1,1,1,1,1,1,1,7,6,6,6,6,6.2,1,9,2,5,1,1,1,1,1,1,1,1,1,1,1,1,1,1,2,1,1.25,7,6,6,6,6,6.2,4,7,3,7,1,1,1,1,1,1,1,1,1,1,1,1,1,1,2,1,1.25,6,6,7,6,6,6.2,4,8,7,to test peoples math abilities with numbers and cordination.,i cant really think of any details that come to mind.,22,Male,Mixed,i didnt have any issue at all,"Yes, you may use my data in the research.",2 times,1,1,0,0,0,0,FALSE,FALSE,0,FALSE
16232407,26/06/2026 07:48:08,complete,Threat,SmileNegTen,negative,ten,I agree to participate,17,4,2,4,2,2.6666666666666665,1,1,1,1,5,4,4,4.333333333333333,1,2,1,1,1.25,4,6,6,7,7,6,2,6,4,8,1,1,1,1,4,1,NA,2.5,2,2,2,2,1,1,1,1,1,3,7,6,7,7,6,1,9,2,5,1,1,1,1,6,1,1,2.6666666666666665,5,3,5,4.333333333333333,1,1,1,1,1,3,7,6,6,7,5.8,4,7,3,7,1,1,1,1,5,2,2,3,3,4,3,3.3333333333333335,1,1,1,1,1,3,6,7,7,7,6,4,8,7,It is measuring how people feel after seeing distressing images while performing different facial expressions (both forced and natural).,Not sure what the math problems were for.,29,Male,Mixed,I had zero issues.,"Yes, you may use my data in the research.",2 times,1,1,0.3699958521870287,1.1085686274509805,0.0801659125188537,0.6960784313725491,FALSE,TRUE,0,TRUE
16232415,26/06/2026 06:48:49,complete,No threat,SmilePosOne,positive,one,I agree to participate,17,4,1,3,1,1.6666666666666667,1,1,1,1,1,1,1,1,1,1,1,1,1,7,7,7,7,7,7,2,6,4,8,1,7,4,4,1,1,1,1,1,1,1,1,1,1,1,1,1,1,7,7,7,7,5.8,1,9,2,5,1,3,1,1.6666666666666667,1,1,1,1,1,1,1,1,1,1,1,1,1,3,7,7,7,7,6.2,4,7,3,7,1,1,1,1,1,1,1,1,1,1,1,1,1,1,1,1,1,2,7,7,7,7,6,4,8,7,Natural responses to stimuli,Not sure,38,Female,White,No issues,"Yes, you may use my data in the research.",2 times,1,1,0.20673076923076925,2.186923076923077,0,0.8269230769230771,TRUE,TRUE,0,FALSE
16232427,26/06/2026 07:51:01,complete,No threat,NaturaPosOne,positive,one,I agree to participate,17,4,2,4,3,3,1,1,1,1,2,1,2,1.6666666666666667,2,4,3,1,2.5,2,2,2,4,3,2.6,2,6,4,8,2,4,4,3.3333333333333335,1,1,1,1,1,1,1,1,2,3,1,1,1.75,2,1,2,3,3,2.2,1,9,2,5,3,2,3,2.6666666666666665,1,2,1,1.3333333333333333,3,2,2,2.3333333333333335,1,2,1,1,1.25,2,2,2,5,3,2.8,4,7,3,7,6,5,6,5.666666666666667,1,1,1,1,1,1,1,1,2,3,2,1,2,2,1,2,3,2,2,4,8,7,NA,NA,28,Transgender Male,White,NA,"Yes, you may use my data in the research.",2 times,1,1,0,2.627307692307692,0,1,TRUE,TRUE,0,FALSE
16232477,26/06/2026 07:55:53,complete,Threat,SmileNegOne,negative,one,I agree to participate,17,4,4,5,4,4.333333333333333,1,1,1,1,1,1,1,1,5,5,5,3,4.5,1,1,1,1,1,1,2,6,4,8,5,5,5,5,1,1,1,1,1,1,1,1,5,5,5,3,4.5,1,1,1,1,1,1,1,9,2,5,5,5,5,5,1,1,1,1,1,1,1,1,5,5,6,3,4.75,1,1,1,1,1,1,4,7,3,7,5,5,5,5,1,1,1,1,1,1,1,1,5,5,5,3,4.5,1,1,1,1,1,1,4,8,7,The purpose was to assess if people can multitask and solve math problems.,What this study is truly measuring.,27,Female,Black,NA,"Yes, you may use my data in the research.",2 times,1,1,0.00499999999999999,3.575576923076923,0,1,TRUE,TRUE,0,FALSE
16232509,26/06/2026 08:00:18,complete,No threat,NaturaNegOne,negative,one,I agree to participate,17,4,1,1,1,1,1,1,1,1,1,1,1,1,5,4,5,1,3.75,2,1,1,1,1,1.2,2,6,4,8,1,1,1,1,1,1,1,1,1,1,1,1,5,4,5,1,3.75,2,1,1,1,1,1.2,1,9,2,5,1,1,1,1,4,1,1,2,4,3,1,2.6666666666666665,5,4,5,1,3.75,2,1,1,1,1,1.2,4,7,3,7,1,1,1,1,1,1,1,1,1,1,1,1,5,4,5,1,3.75,1,1,1,1,1,1,4,8,7,TO TEST REACTIONS TO DISTURBING IMAGES,GAUGE RESPONSES TO DISTURBING IMAGES,54,Female,Black,NONE,"Yes, you may use my data in the research.",2 times,1,1,0.33137254901960783,3.6411764705882352,0,1,TRUE,TRUE,0,FALSE
16232549,26/06/2026 08:05:42,complete,Threat,NaturaPosTen,positive,ten,I agree to participate,17,4,1,1,1,1,1,1,1,1,2,1,4,2.3333333333333335,2,1,1,1,1.25,7,6,4,7,6,6,2,6,4,8,1,1,1,1,1,1,1,1,2,1,2,1.6666666666666667,2,3,1,1,1.75,7,6,5,7,7,6.4,1,9,2,5,5,3,6,4.666666666666667,1,1,1,1,1,1,1,1,1,2,1,1,1.25,1,4,5,6,5,4.2,4,7,3,7,2,1,3,2,1,1,1,1,1,1,1,1,2,1,1,1,1.25,7,6,5,5,7,6,4,8,7,See how our physical tasks affect our emotions and how we feel about ourselves,The only thing I can think of is the math part is probably irrelevant to the actual study taking place.,42,Male,Mixed,My browser shut out halfway through and I had to restart it. I am using an up to date chrome browser on HP laptop.,"Yes, you may use my data in the research.",2 times,1,1,0,2.02575,0,0.8769230769230769,TRUE,TRUE,0,FALSE
16232652,26/06/2026 08:17:56,complete,Threat,NaturaNegTen,negative,ten,I agree to participate,17,4,1,1,1,1,1,1,1,1,2,1,1,1.3333333333333333,3,4,5,3,3.75,4,2,2,4,3,3,2,6,4,4,3,5,3,3.6666666666666665,1,1,1,1,1,1,1,1,2,2,3,2,2.25,5,2,2,3,2,2.8,1,9,2,5,1,1,2,1.3333333333333333,1,1,1,1,1,1,NA,1,NA,2,3,2,2.3333333333333335,5,3,2,3,2,3,4,7,3,7,1,1,1,1,2,1,1,1.3333333333333333,1,1,1,1,3,2,4,2,2.75,4,2,2,3,3,2.8,4,8,7,maybe to see how well people follow instructions based on their emotional state,"maybe the reson for the physical movements, they were very minor so just curious what they could be measuring",29,Female,Black,"no issues at all, thank you!","Yes, you may use my data in the research.",2 times,1,1,0,1.3168148567119156,0,1,FALSE,TRUE,1,FALSE
16232759,26/06/2026 08:36:09,complete,Threat,SmilePosTen,positive,ten,I agree to participate,17,4,4,4,4,4,1,1,1,1,1,1,1,1,7,7,7,7,7,2,1,1,1,1,1.2,2,6,4,8,4,4,4,4,1,1,1,1,1,1,1,1,7,7,7,7,7,1,1,1,1,1,1,1,9,2,5,4,3,3,3.3333333333333335,1,1,1,1,5,5,5,5,7,7,7,7,7,2,1,1,1,1,1.2,4,7,3,7,4,4,4,4,1,1,1,1,1,1,1,1,7,7,7,7,7,2,1,1,1,1,1.2,4,8,7,I have no idea. The facial expression sections did not make sense to me.,Different testers are provided different images,37,Male,White,NA,"Yes, you may use my data in the research.",2 times,1,1,0.04257918552036198,0.6924532428355957,0.03846153846153846,0.34653092006033187,FALSE,FALSE,0,FALSE
16232765,26/06/2026 05:38:00,complete,No threat,SmilePosOne,positive,one,I agree to participate,17,4,3,2,3,2.6666666666666665,1,1,1,1,2,2,2,2,4,4,3,3,3.5,3,1,1,3,3,2.2,2,6,4,8,3,2,2,2.3333333333333335,1,1,1,1,1,1,2,1.3333333333333333,3,4,3,3,3.25,2,1,1,2,2,1.6,1,9,2,5,3,4,3,3.3333333333333335,1,1,1,1,2,2,2,2,4,4,3,3,3.5,2,1,1,2,2,1.6,4,7,3,7,3,2,3,2.6666666666666665,1,1,1,1,1,1,2,1.3333333333333333,4,4,3,3,3.5,2,1,1,2,2,1.6,4,8,NA,to solve math problems,im not sure,30,Male,Black,NA,"Yes, you may use my data in the research.",1 time,1,1,0.13807692307692304,0.6146153846153847,0.09615384615384612,1,FALSE,TRUE,1,FALSE
16232791,26/06/2026 08:43:49,complete,Threat,SmileNegTen,negative,ten,I agree to participate,17,4,7,7,7,7,1,1,1,1,1,1,1,1,7,7,7,7,7,1,1,1,1,1,1,2,6,4,8,7,7,7,7,1,1,1,1,1,1,1,1,7,7,7,7,7,1,1,1,1,1,1,1,9,2,5,1,1,1,1,7,4,4,5,7,7,7,7,7,7,7,7,7,4,4,4,4,4,4,4,7,3,7,1,1,1,1,4,1,4,3,4,5,4,4.333333333333333,7,7,7,7,7,4,4,1,7,4,4,4,8,7,Measuring the impact of faking emotion,What the actual purpose was,38,Female,White,NA,"Yes, you may use my data in the research.",2 times,1,1,0.1297579185520362,2.387134992458522,0.10444947209653092,1,TRUE,TRUE,0,FALSE
16233441,26/06/2026 09:04:25,complete,No threat,NaturaPosOne,positive,one,I agree to participate,17,4,4,4,4,4,1,1,1,1,1,1,1,1,6,6,6,5,5.75,1,1,1,1,1,1,2,6,4,8,4,4,4,4,1,1,1,1,1,1,1,1,6,6,6,5,5.75,1,1,1,1,1,1,5,9,2,5,4,4,4,4,1,1,1,1,1,1,1,1,6,6,6,5,5.75,1,1,1,1,1,1,4,7,3,7,4,4,4,4,1,1,1,1,1,1,1,1,6,6,6,5,5.75,1,1,1,1,1,1,4,8,7,Not sure,I'm not quite certain.,39,Female,Black,None,"Yes, you may use my data in the research.",2 times,1,1,0,0.38173076923076926,0,0.46153846153846145,FALSE,FALSE,1,FALSE
16233443,26/06/2026 10:04:31,complete,Threat,SmileNegOne,negative,one,I agree to participate,17,4,3,3,4,3.3333333333333335,2,2,2,2,2,3,2,2.3333333333333335,6,6,6,5,5.75,3,5,2,5,4,3.8,2,6,4,8,3,4,4,3.6666666666666665,1,1,1,1,1,1,3,1.6666666666666667,6,6,6,4,5.5,2,2,2,2,2,2,1,9,2,5,6,3,5,4.666666666666667,3,2,1,2,5,4,5,4.666666666666667,5,6,6,4,5.25,2,2,2,2,2,2,4,7,3,7,2,2,2,2,5,4,5,4.666666666666667,6,5,5,5.333333333333333,6,6,2,2,4,2,2,2,1,1,1.6,4,8,7,math and body movements andhow they correlate,How your body moves in seconds and how math incorporates your brain to thinking and adding movements!,41,Female,Mixed,no issues and this was FUN!,"Yes, you may use my data in the research.",2 times,1,1,0.38745098039215686,1.5842307692307696,0,0.5192307692307689,FALSE,TRUE,0,FALSE
16233444,26/06/2026 07:04:33,complete,Threat,NaturaNegOne,negative,one,I agree to participate,17,4,4,4,4,4,3,1,1,1.6666666666666667,5,5,5,5,6,6,5,5,5.5,3,1,1,3,1,1.8,2,6,4,8,4,4,5,4.333333333333333,1,1,1,1,1,1,1,1,6,6,6,5,5.75,1,1,1,1,1,1,1,9,2,5,4,5,4,4.333333333333333,1,1,1,1,1,1,1,1,6,6,6,5,5.75,1,1,1,2,1,1.2,4,7,3,7,4,4,4,4,1,1,1,1,1,1,1,1,6,6,6,5,5.75,1,1,1,2,1,1.2,4,8,7,I think this study was following facial expressions and eye movement during the parts where pictures were shown.  Followed by how it effects decision making and collecting that data,facial expresssions/psycology/cause&effect on decision making,41,Male,White,none,"Yes, you may use my data in the research.",2 times,1,1,0.0272549019607843,2.3059615384615384,0,1,TRUE,TRUE,0,FALSE
16233447,26/06/2026 10:04:40,complete,No threat,SmileNegOne,negative,one,I agree to participate,17,4,1,1,1,1,1,1,1,1,1,1,1,1,4,4,5,3,4,2,1,1,1,1,1.2,2,6,4,8,1,2,2,1.6666666666666667,1,1,1,1,1,1,1,1,4,5,5,4,4.5,2,1,1,1,2,1.4,1,9,2,5,1,1,1,1,5,3,3,3.6666666666666665,1,1,1,1,4,5,5,3,4.25,2,1,1,1,1,1.2,4,7,3,7,1,1,1,1,3,3,3,3,1,2,1,1.3333333333333333,4,5,5,4,4.5,2,1,1,1,2,1.4,4,8,7,See how my judgments change after being exposed to disturbing images,No idea,37,Female,White,NA,"Yes, you may use my data in the research.",2 times,1,1,0,2.1323529411764706,0,1,TRUE,TRUE,0,FALSE
16233448,26/06/2026 10:04:42,complete,No threat,NaturaNegTen,negative,ten,I agree to participate,17,4,1,1,1,1,1,1,1,1,1,1,1,1,4,3,5,3,3.75,4,1,1,1,1,1.6,2,6,4,8,1,1,4,2,1,1,1,1,1,1,1,1,4,3,5,3,3.75,5,1,1,1,1,1.8,1,9,2,5,1,1,1,1,1,1,1,1,4,4,4,4,4,3,5,3,3.75,5,NA,NA,1,1,2.3333333333333335,4,7,3,7,1,1,1,1,1,1,1,1,6,5,6,5.666666666666667,4,3,5,3,3.75,5,1,NA,1,1,2,4,8,7,im not sure to study what people feel,the reasoning,24,Female,White,NA,"Yes, you may use my data in the research.",2 times,0.9884615384615384,0.9769230769230768,0.00129411764705882,1.351877828054299,0,0.9519230769230768,FALSE,TRUE,0,FALSE
16233450,26/06/2026 10:04:57,complete,No threat,NaturaPosOne,positive,one,I agree to participate,17,4,4,4,3,3.6666666666666665,1,1,1,1,1,2,1,1.3333333333333333,6,6,6,6,6,1,1,1,1,1,1,2,6,4,8,6,6,6,6,1,1,1,1,1,1,1,1,6,6,6,6,6,2,1,1,1,1,1.2,1,9,2,5,6,6,6,6,1,1,1,1,1,1,1,1,6,6,6,6,6,2,1,1,1,1,1.2,4,7,3,7,6,6,6,6,1,1,1,1,1,1,1,1,6,6,6,6,6,2,1,1,1,1,1.2,4,8,7,"Sorry, not really sure?","Again, not sure?",71,Male,White,"I found myself not knowing when to start.  Sorry, hope I did Okay.","Yes, you may use my data in the research.",2 times,1,1,0,2.0984615384615384,0,0.923076923076923,TRUE,TRUE,0,FALSE
16233451,26/06/2026 09:05:04,complete,Threat,NaturaPosTen,positive,ten,I agree to participate,17,4,1,1,1,1,2,1,1,1.3333333333333333,2,1,2,1.6666666666666667,1,1,2,1,1.25,NA,4,3,5,5,4.25,2,6,4,8,1,1,1,1,2,1,1,1.3333333333333333,1,1,1,1,1,1,1,1,1,4,4,4,4,6,4.4,1,9,2,5,1,1,1,1,1,1,1,1,1,1,1,1,1,1,2,1,1.25,6,4,4,4,6,4.8,4,7,3,7,1,1,1,1,1,1,1,1,1,1,1,1,1,1,1,1,1,6,4,4,4,6,4.8,4,6,7,NA,NA,45,Female,Black,NA,"Yes, you may use my data in the research.",2 times,1,0.9961538461538462,1.7672978955007257,2.758153846153846,0.675,0.9519230769230768,FALSE,FALSE,1,FALSE
16233453,26/06/2026 09:05:17,complete,Threat,SmilePosOne,positive,one,I agree to participate,17,4,1,1,1,1,1,1,1,1,1,1,1,1,7,7,7,6,6.75,1,1,1,1,1,1,2,6,4,8,1,1,1,1,1,1,1,1,1,1,1,1,7,7,7,6,6.75,1,1,1,1,1,1,1,9,2,5,1,1,1,1,1,1,1,1,1,1,NA,1,7,7,7,6,6.75,1,1,1,1,1,1,4,7,3,7,1,1,1,1,1,1,1,1,1,1,1,1,7,7,7,6,6.75,1,1,1,1,1,1,4,8,7,To gage the emotions and found in humans after viewing simple images and performaing simple math equations.,I honestly have no idea!,35,Male,White,NA,"Yes, you may use my data in the research.",2 times,1,1,1.675686274509804,0.12403846153846154,1,0.01923076923076921,FALSE,FALSE,0,FALSE
16233455,26/06/2026 10:05:24,complete,No threat,NaturaPosTen,positive,ten,I agree to participate,17,4,2,2,2,2,3,1,1,1.6666666666666667,5,3,5,4.333333333333333,3,3,4,3,3.25,7,4,6,5,6,5.6,2,6,4,8,2,2,NA,2,3,2,2,2.3333333333333335,5,3,5,4.333333333333333,3,3,2,2,2.5,6,3,3,5,5,4.4,1,9,2,5,2,2,3,2.3333333333333335,1,2,2,1.6666666666666667,5,4,5,4.666666666666667,3,2,3,2,2.5,6,3,4,5,NA,4.5,4,7,3,7,4,3,3,3.3333333333333335,2,1,1,1.3333333333333333,1,1,2,1.3333333333333333,4,2,3,2,2.75,6,3,5,3,6,4.6,4,8,7,to see if our emotions would change based on tasks and picture shown,you were trying to make us think differently than how we actually feel,32,Gender variant / non-conforming,Other,The page didn't always reload so I had to refresh it in order to continue the study a few times at the end of each recording,"Yes, you may use my data in the research.",2 times,1,1,0.1460989010989011,1.1431602564102563,0.00274725274725274,0.42756410256410254,FALSE,FALSE,0,FALSE
16233456,26/06/2026 07:05:25,complete,Threat,NaturaPosTen,positive,ten,I agree to participate,17,4,2,2,2,2,2,2,2,2,2,2,2,2,5,5,6,3,4.75,2,2,2,2,2,2,2,6,4,8,1,1,1,1,1,1,1,1,1,1,1,1,6,5,6,3,5,1,1,1,1,1,1,1,9,2,5,2,2,4,2.6666666666666665,1,1,1,1,2,1,1,1.3333333333333333,5,6,6,3,5,1,1,1,1,1,1,4,7,3,7,5,5,5,5,1,1,1,1,1,1,1,1,6,6,5,3,5,1,1,1,1,1,1,4,8,7,?,"Do positive, cute images change someone's perspective?",67,Female,White,"After the third part, the study had a 500 error, but I reloaded study and it finished as expected.","Yes, you may use my data in the research.",2 times,1,1,0.23363461538461536,1.7070384615384615,0.08076923076923073,0.9769230769230768,FALSE,TRUE,0,FALSE
16233457,26/06/2026 10:05:25,complete,No threat,SmileNegTen,negative,ten,I agree to participate,17,4,2,1,2,1.6666666666666667,1,1,1,1,6,1,5,4,5,6,5,6,5.5,3,1,2,2,1,1.8,2,6,4,8,2,1,1,1.3333333333333333,3,2,2,2.3333333333333335,5,3,4,4,5,5,6,5,5.25,4,3,1,5,2,3,1,9,2,5,4,2,3,3,1,2,2,1.6666666666666667,4,1,5,3.3333333333333335,5,6,6,5,5.5,3,1,1,1,2,1.6,4,7,3,7,1,1,1,1,4,4,2,3.3333333333333335,3,4,5,4,6,5,5,6,5.5,6,4,2,3,2,3.4,4,8,7,to see if our feelings changed after seeing back videos,that we were manipulated and lied to,28,Female,White,NA,"Yes, you may use my data in the research.",2 times,1,1,0.15444230769230768,1.54025,0,0.9865384615384616,FALSE,TRUE,0,FALSE
16233459,26/06/2026 10:05:41,complete,Threat,SmilePosTen,positive,ten,I agree to participate,17,4,3,3,3,3,1,2,2,1.6666666666666667,4,2,2,2.6666666666666665,3,2,2,1,2,6,5,5,5,6,5.4,2,6,4,8,2,2,2,2,1,1,1,1,1,1,1,1,2,2,2,2,2,6,5,5,3,6,5,1,9,2,5,3,2,2,2.3333333333333335,1,1,1,1,4,3,4,3.6666666666666665,2,3,2,2,2.25,6,3,4,5,5,4.6,4,7,3,7,4,5,5,4.666666666666667,1,1,1,1,1,2,2,1.6666666666666667,2,2,3,2,2.25,6,6,5,3,6,5.2,4,8,7,to study how movements  influence emotion,I don't know,23,Female,White,NA,"Yes, you may use my data in the research.",2 times,0.9961538461538462,1,0.03509125188536954,1.825397058823529,0,0.922737556561086,TRUE,TRUE,0,FALSE
16233460,26/06/2026 10:05:59,complete,Threat,SmilePosTen,positive,ten,I agree to participate,17,4,2,4,3,3,1,1,1,1,1,1,2,1.3333333333333333,3,5,5,5,4.5,3,2,1,1,2,1.8,2,6,4,8,2,1,1,1.3333333333333333,1,1,1,1,1,1,1,1,5,5,3,3,4,2,1,1,1,1,1.2,1,9,2,5,6,3,6,5,1,1,1,1,1,1,1,1,3,5,5,6,4.75,2,1,1,1,1,1.2,4,7,3,7,6,5,6,5.666666666666667,1,1,1,1,1,1,1,1,5,6,6,5,5.5,1,1,1,1,1,1,4,8,7,Whether genuine movement/emotion changes speed of completing math problems?,Maybe you're measuring something else like eye movements,45,Female,White,NA,"Yes, you may use my data in the research.",2 times,1,1,1.1248461538461538,2.5695,0.8384615384615385,1,FALSE,FALSE,0,FALSE
16233464,26/06/2026 10:06:10,complete,No threat,NaturaNegOne,negative,one,I agree to participate,17,4,2,1,2,1.6666666666666667,1,1,1,1,1,1,1,1,6,6,7,5,6,5,1,1,1,1,1.8,2,6,4,8,1,1,1,1,1,1,1,1,1,1,2,1.3333333333333333,6,6,7,5,6,5,1,1,1,1,1.8,1,9,2,5,1,1,1,1,2,1,1,1.3333333333333333,3,3,3,3,6,6,7,5,6,5,1,1,1,1,1.8,4,7,4,7,1,1,1,1,5,1,1,2.3333333333333335,4,5,5,4.666666666666667,6,6,7,5,6,5,1,1,1,1,1.8,4,8,7,Ability to follow instructions.,Reactions to unsetting images?,39,Male,White,I had no issues.,"Yes, you may use my data in the research.",2 times,1,1,0,0,0,0,FALSE,FALSE,1,FALSE
16233465,26/06/2026 10:06:13,complete,Threat,NaturaPosOne,positive,one,I agree to participate,17,4,7,7,3,5.666666666666667,1,1,1,1,1,1,1,1,7,7,7,7,7,1,1,1,1,1,1,2,6,4,8,7,7,5,6.333333333333333,1,1,1,1,1,1,1,1,7,7,7,7,7,1,1,1,1,1,1,1,9,2,5,7,7,7,7,1,1,1,1,1,1,1,1,7,7,7,7,7,1,1,1,1,1,1,4,7,3,7,7,7,6,6.666666666666667,1,1,1,1,1,1,1,1,7,7,7,7,7,1,1,1,1,1,1,4,8,7,i'm not actually sure. something about happiness and facial expressions and movement.,what the real purpose of the study was.,47,Female,White,none,"Yes, you may use my data in the research.",2 times,1,1,0,1.1521153846153849,0,1,FALSE,TRUE,0,TRUE
16233466,26/06/2026 09:05:59,complete,No threat,NaturaPosOne,positive,one,I agree to participate,17,4,2,2,2,2,2,2,2,2,4,4,4,4,2,2,5,2,2.75,2,2,2,3,2,2.2,2,6,4,8,2,2,2,2,2,2,2,2,4,3,3,3.3333333333333335,NA,2,4,2,2.6666666666666665,2,2,2,2,2,2,1,9,2,5,2,2,2,2,2,2,2,2,2,2,2,2,2,2,4,2,2.5,2,2,2,2,2,2,4,7,3,7,3,3,3,3,3,3,3,3,3,3,3,3,2,2,4,2,2.5,2,2,2,2,2,2,4,8,7,no idea,no idea,58,Female,White,NA,"Yes, you may use my data in the research.",2 times,1,1,0,0.44823529411764707,0,0,FALSE,FALSE,0,FALSE
16233467,26/06/2026 07:06:17,complete,Threat,NaturaNegOne,negative,one,I agree to participate,17,4,1,1,1,1,1,1,1,1,1,1,1,1,5,5,5,5,5,5,3,2,3,3,3.2,2,6,4,8,1,1,1,1,1,1,1,1,1,1,1,1,5,5,5,5,5,4,2,1,1,3,2.2,1,9,2,5,1,1,1,1,3,1,1,1.6666666666666667,1,1,1,1,5,5,5,5,5,3,2,2,2,3,2.4,4,7,3,7,1,1,1,1,3,2,1,2,1,1,1,1,5,5,5,5,5,3,3,2,2,3,2.6,4,8,7,unsure,what the study is about,34,Transgender Male,NA,NA,"Yes, you may use my data in the research.",2 times,1,1,2.2815384615384615,3.0317307692307693,0.4038461538461538,1,FALSE,TRUE,0,FALSE
16233468,26/06/2026 10:06:19,complete,No threat,SmileNegOne,negative,one,I agree to participate,17,4,1,1,1,1,1,1,3,1.6666666666666667,1,1,1,1,7,6,7,7,6.75,4,1,1,1,1,1.6,2,6,4,8,1,3,1,1.6666666666666667,1,1,1,1,1,1,1,1,7,6,7,7,6.75,1,1,1,1,1,1,1,9,2,5,1,1,1,1,7,3,3,4.333333333333333,3,2,3,2.6666666666666665,7,6,7,7,6.75,1,1,1,1,1,1,4,7,3,7,1,1,1,1,3,3,3,3,3,3,3,3,7,6,7,7,6.75,1,1,1,1,1,1,3,8,7,"To see how peole react to bad images
",NO,22,Female,White,Its kind of hard to click the small circles,"Yes, you may use my data in the research.",2 times,1,1,2.930576923076923,2.5190384615384613,1,1,FALSE,FALSE,1,FALSE
16233469,26/06/2026 07:06:22,complete,Threat,SmileNegTen,negative,ten,I agree to participate,17,4,1,1,1,1,1,1,1,1,1,1,1,1,5,5,6,5,5.25,1,2,3,2,3,2.2,2,6,4,8,1,1,1,1,1,1,1,1,1,1,1,1,5,5,6,5,5.25,1,2,2,3,2,2,1,9,2,5,1,1,1,1,7,5,7,6.333333333333333,3,2,3,2.6666666666666665,5,6,6,5,5.5,1,1,2,3,3,2,4,7,3,7,1,1,1,1,7,7,6,6.666666666666667,5,1,1,2.3333333333333335,6,6,6,5,5.75,1,3,2,4,4,2.8,4,6,7,I am not sure.,I am not sure,37,Male,White,NA,"Yes, you may use my data in the research.",2 times,1,1,0,0.8261346153846154,0,0.2846153846153846,FALSE,FALSE,1,FALSE
16233470,26/06/2026 09:06:26,complete,No threat,NaturaPosOne,positive,one,I agree to participate,17,4,2,4,3,3,1,1,1,1,1,1,1,1,6,5,6,4,5.25,4,1,1,3,2,2.2,2,6,4,8,3,2,3,2.6666666666666665,1,1,1,1,1,1,1,1,6,6,6,5,5.75,3,1,1,1,1,1.4,1,9,2,5,3,3,3,3,1,1,1,1,1,1,1,1,6,6,6,5,5.75,4,1,1,1,1,1.6,4,7,3,7,3,2,2,2.3333333333333335,1,1,1,1,1,1,1,1,6,5,6,4,5.25,3,1,1,2,1,1.6,4,8,7,to see if the pictures have anything to do with mood,pictures may make you think differently,51,Female,White,no issues,"Yes, you may use my data in the research.",2 times,1,1,0,1.9433333333333336,0,0.9019607843137256,TRUE,TRUE,0,FALSE
16233472,26/06/2026 09:06:29,complete,Threat,SmileNegTen,negative,ten,I agree to participate,17,4,2,4,2,2.6666666666666665,2,1,3,2,4,2,2,2.6666666666666665,5,5,6,5,5.25,2,2,2,1,1,1.6,2,6,4,8,2,2,2,2,1,1,1,1,1,1,1,1,6,6,5,6,5.75,3,1,1,1,1,1.4,1,9,2,5,1,2,1,1.3333333333333333,4,4,1,3,5,5,4,4.666666666666667,6,6,6,5,5.75,3,1,1,1,2,1.6,4,7,3,7,1,1,1,1,4,3,3,3.3333333333333335,4,4,5,4.333333333333333,6,6,6,5,5.75,3,1,1,2,1,1.6,4,8,7,testing if we reacted to the pictures when we were supposed to keep a smile,that what you were testing was reactions,39,Female,White,"the first test i didnt have my hand in place, so i missed one of the blinks unfortunately, I am very sorry about that","Yes, you may use my data in the research.",2 times,1,1,0.04773076923076922,2.0923269230769233,0.00961538461538461,1,TRUE,TRUE,0,FALSE
16233473,26/06/2026 10:06:30,complete,Threat,SmilePosOne,positive,one,I agree to participate,17,4,4,4,5,4.333333333333333,2,2,2,2,2,3,2,2.3333333333333335,6,5,7,4,5.5,3,1,1,3,1,1.8,2,6,4,8,NA,6,6,6,1,1,1,1,1,1,1,1,5,4,5,5,4.75,1,1,1,1,1,1,1,9,2,5,5,4,5,4.666666666666667,1,1,1,1,1,1,1,1,5,4,5,4,4.5,1,1,1,2,1,1.2,4,7,3,7,5,5,5,5,1,1,1,1,1,1,1,1,4,5,7,5,5.25,1,1,1,1,1,1,4,8,7,"to measure how small things can trigger ones emotions and what they think about their life overall. Do they feel like life is moving the way they wanted, would they cahnge anything if given a chance and the videos where to test if there is an actual person completing the study and how they were triggered by the requests like tapping nose for 5 seconds.",The goal was to explore physical movement on people's math performance. i think study is not detailed yet,36,Female,Black,none,"Yes, you may use my data in the research.",2 times,0.9230769230769232,1,0.2428846153846154,2.089423076923077,0,1,TRUE,TRUE,0,FALSE
16233474,26/06/2026 09:06:31,complete,No threat,NaturaPosOne,positive,one,I agree to participate,17,4,2,3,3,2.6666666666666665,1,1,1,1,1,1,1,1,6,6,6,3,5.25,2,1,1,2,1,1.4,2,6,4,8,1,1,1,1,1,1,1,1,1,1,1,1,6,6,6,3,5.25,2,1,1,2,1,1.4,1,9,2,5,2,1,2,1.6666666666666667,1,1,1,1,1,1,1,1,6,6,6,3,5.25,2,1,1,2,1,1.4,4,7,3,7,4,4,4,4,1,1,1,1,1,1,1,1,6,6,6,3,5.25,2,1,1,2,1,1.4,4,8,7,No clue,I don't know,50,Female,Mixed,NA,"Yes, you may use my data in the research.",2 times,1,1,0,0.4623529411764706,0,0,FALSE,FALSE,0,FALSE
16233475,26/06/2026 09:06:32,complete,No threat,SmilePosOne,positive,one,I agree to participate,17,4,1,4,2,2.3333333333333335,1,1,1,1,3,1,3,2.3333333333333335,3,3,5,5,4,2,1,2,2,3,2,2,6,4,8,2,4,3,3,1,1,1,1,2,2,2,2,3,2,6,5,4,2,1,1,1,1,1.2,1,9,2,5,3,5,4,4,1,1,1,1,1,2,1,1.3333333333333333,3,2,5,5,3.75,2,1,1,2,2,1.6,4,7,3,7,4,5,5,4.666666666666667,1,1,1,1,1,1,1,1,3,2,6,5,4,2,1,1,1,2,1.4,4,8,7,To determine the affects of facial expressions on people's outlook on life.,This study wasn't about how physical activity affects math performance.,41,Male,White,Nothing comes to mind.,"Yes, you may use my data in the research.",2 times,1,1,0.44538461538461543,3.052641509433962,0.09615384615384612,0.8490566037735849,TRUE,TRUE,0,TRUE
16233476,26/06/2026 10:06:37,complete,Threat,SmileNegTen,negative,ten,I agree to participate,17,4,1,1,1,1,1,1,1,1,2,2,2,2,4,5,4,3,4,3,3,3,3,3,3,2,6,4,8,1,1,1,1,1,1,1,1,1,1,1,1,5,5,5,4,4.75,2,1,1,1,2,1.4,1,9,2,5,1,1,1,1,3,1,1,1.6666666666666667,2,2,2,2,5,5,4,3,4.25,3,2,2,3,2,2.4,4,7,3,7,1,1,1,1,1,1,1,1,1,1,1,1,4,3,2,3,3,2,2,1,2,2,1.8,4,8,7,"To determine if negative images effect my feelings on life?
","not sure
",45,Female,White,"no issues
","Yes, you may use my data in the research.",2 times,1,1,0.00334615384615384,2.043596153846154,0.00961538461538461,1,TRUE,TRUE,0,FALSE
16233477,26/06/2026 10:07:19,complete,Threat,SmileNegOne,negative,one,I agree to participate,17,4,4,4,3,3.6666666666666665,2,1,2,1.6666666666666667,2,3,4,3,6,6,5,5,5.5,1,1,1,1,1,1,2,6,4,8,2,3,2,2.3333333333333335,1,1,1,1,4,4,4,4,6,6,5,5,5.5,1,1,1,1,1,1,1,9,2,5,2,2,2,2,2,2,1,1.6666666666666667,3,3,3,3,6,6,6,6,6,1,1,1,1,1,1,4,7,3,7,2,2,2,2,2,2,2,2,3,3,3,3,5,6,6,5,5.5,2,2,1,1,2,1.6,4,8,7,To see if repeated exposure to umpleasnat images or seemingly random motor movements would impact mood or life satisfaction.,The images were AI generated.,52,Female,White,NA,"Yes, you may use my data in the research.",2 times,1,1,2.690769230769231,2.4419607843137254,0.903846153846154,0.8627450980392155,FALSE,FALSE,0,FALSE
16233478,26/06/2026 10:06:45,complete,No threat,NaturaNegTen,negative,ten,I agree to participate,17,4,3,4,4,3.6666666666666665,3,3,3,3,3,4,4,3.6666666666666665,3,4,4,5,4,3,4,3,3,3,3.2,2,6,4,8,3,2,2,2.3333333333333335,3,4,3,3.3333333333333335,2,3,3,2.6666666666666665,3,3,4,4,3.5,3,2,3,2,2,2.4,1,9,2,5,3,4,3,3.3333333333333335,4,4,4,4,3,3,3,3,4,4,3,3,3.5,3,3,3,3,4,3.2,4,7,3,7,3,3,3,3,4,3,3,3.3333333333333335,4,4,4,4,3,3,3,4,3.25,3,3,4,3,4,3.4,4,8,7,see if people can complete the math problems if they're sad,how emotions change results in math,20,Male,Black,NA,"Yes, you may use my data in the research.",2 times,1,1,0.02963461538461539,1.6262394775036284,0.01538461538461538,0.9653846153846154,TRUE,TRUE,0,FALSE
16233480,26/06/2026 07:07:07,complete,No threat,SmileNegTen,negative,ten,I agree to participate,17,4,4,2,4,3.3333333333333335,7,1,1,3,1,1,1,1,7,7,7,7,7,1,1,1,1,1,1,2,6,4,8,1,1,1,1,1,1,1,1,7,7,7,7,7,7,7,7,7,1,1,1,1,1,1,1,9,2,5,1,1,1,1,4,1,4,3,7,1,7,5,7,7,7,7,7,1,1,1,1,1,1,4,7,3,7,1,1,1,1,7,1,1,3,7,7,7,7,7,7,7,7,7,1,1,1,1,1,1,4,8,7,To understand the face expressions of human when see an image or photos of anything.,N/A,29,Male,Black,everything was clear.,"Yes, you may use my data in the research.",2 times,1,1,0.04446568627450979,1.054157616892911,0.01730769230769229,0.8957767722473605,FALSE,TRUE,0,FALSE
16233482,26/06/2026 07:07:00,complete,No threat,SmileNegTen,negative,ten,I agree to participate,17,4,5,5,3,4.333333333333333,1,1,1,1,1,1,1,1,5,6,6,5,5.5,4,1,1,1,1,1.6,2,6,4,8,3,3,3,3,1,1,1,1,1,1,1,1,5,5,5,5,5,2,1,1,1,1,1.2,1,9,2,5,1,1,1,1,3,2,2,2.3333333333333335,2,2,2,2,5,5,6,5,5.25,2,1,1,1,1,1.2,4,7,3,7,1,1,1,1,4,2,3,3,4,3,3,3.3333333333333335,5,5,6,5,5.25,1,1,1,1,1,1,4,8,7,state of mind vs mathematical computation,emotions have a large influence on our ability to function well,56,Female,White,"none, I did as best as i could","Yes, you may use my data in the research.",2 times,1,1,0,0.20742307692307693,0,0.0423076923076923,FALSE,FALSE,0,FALSE
16233486,26/06/2026 10:07:19,complete,Threat,SmilePosOne,positive,one,I agree to participate,17,4,5,4,4,4.333333333333333,1,1,1,1,2,1,2,1.6666666666666667,7,7,7,7,7,1,1,1,1,1,1,2,6,4,8,6,6,5,5.666666666666667,1,1,1,1,1,1,1,1,7,7,7,7,7,1,1,1,1,1,1,1,9,2,5,6,6,4,5.333333333333333,1,1,1,1,1,1,1,1,7,7,7,7,7,1,1,1,1,1,1,4,7,3,7,6,6,5,5.666666666666667,1,1,1,1,1,1,1,1,7,7,7,7,7,1,1,1,1,1,1,4,8,7,Not sure,I have no idea.,37,Female,White,"On the first video, I accidentally started a second late.","Yes, you may use my data in the research.",2 times,1,1,0.3290384615384615,2.7175,0.5192307692307693,1,TRUE,FALSE,0,FALSE
16233489,26/06/2026 10:07:16,complete,No threat,SmilePosTen,positive,ten,I agree to participate,17,4,3,1,2,2,1,1,1,1,2,NA,6,4,3,4,3,1,2.75,5,1,1,2,2,2.2,2,6,4,8,3,5,2,3.3333333333333335,1,1,1,1,1,1,3,1.6666666666666667,2,4,4,1,2.75,1,1,1,1,1,1,1,9,2,5,7,2,5,4.666666666666667,1,1,1,1,1,1,1,1,3,4,3,1,2.75,4,1,1,1,2,1.8,4,7,3,7,6,5,5,5.333333333333333,1,1,1,1,1,1,1,1,4,3,4,1,3,3,1,1,1,1,1.4,4,8,7,NA,NA,39,Female,White,NA,"Yes, you may use my data in the research.",2 times,1,1,0.4465620464441219,2.1582971698113207,0.1193033381712627,0.94644412191582,TRUE,TRUE,0,FALSE
16233491,26/06/2026 10:07:20,complete,Threat,SmilePosTen,positive,ten,I agree to participate,17,4,4,4,4,4,1,1,1,1,3,2,3,2.6666666666666665,5,5,6,5,5.25,2,1,1,2,1,1.4,2,6,4,8,2,1,1,1.3333333333333333,1,1,1,1,2,2,3,2.3333333333333335,6,6,6,5,5.75,2,1,1,1,1,1.2,1,9,2,5,1,1,2,1.3333333333333333,1,1,1,1,5,5,5,5,5,5,6,6,5.5,2,1,1,1,1,1.2,4,7,3,7,2,1,2,1.6666666666666667,1,1,1,1,4,3,3,3.3333333333333335,6,6,6,5,5.75,2,1,1,1,1,1.2,4,8,7,math and physical exercise correlation,how would I know? what a stupid question,36,Male,White,NA,"Yes, you may use my data in the research.",2 times,0.948076923076923,1,1.7641538461538462,1.9014615384615383,0.7846153846153847,0.9173076923076924,FALSE,FALSE,0,FALSE
16233492,26/06/2026 09:07:23,complete,No threat,NaturaPosTen,positive,ten,I agree to participate,17,4,2,1,1,1.3333333333333333,1,1,1,1,1,1,1,1,5,5,6,6,5.5,4,2,1,1,1,1.8,2,6,4,8,2,1,2,1.6666666666666667,1,1,1,1,1,1,1,1,6,6,6,6,6,3,1,1,1,1,1.4,1,9,2,5,4,3,4,3.6666666666666665,1,1,1,1,1,1,1,1,6,6,6,5,5.75,1,1,1,1,1,1,4,7,3,7,5,2,4,3.6666666666666665,1,1,1,1,1,1,1,1,6,5,6,6,5.75,3,1,1,1,1,1.4,4,8,7,I think the purpose of this study was seeing how our emotions react to certain images.,I'm not sure,23,Female,White,none,"Yes, you may use my data in the research.",2 times,1,1,0.1553996983408748,0.557802790346908,0.02141779788838611,0.2523755656108597,FALSE,FALSE,0,FALSE
16233494,26/06/2026 10:07:29,complete,Threat,SmilePosTen,positive,ten,I agree to participate,17,4,1,4,1,2,1,1,1,1,1,1,1,1,3,2,2,2,2.25,6,6,6,4,7,5.8,2,6,4,8,2,1,2,1.6666666666666667,1,1,1,1,1,1,1,1,2,2,2,3,2.25,7,6,6,6,7,6.4,1,9,2,5,1,2,2,1.6666666666666667,1,1,1,1,2,1,1,1.3333333333333333,3,2,2,2,2.25,6,6,6,6,7,6.2,4,7,3,7,4,3,4,3.6666666666666665,1,1,1,1,1,1,1,1,2,3,3,2,2.5,7,6,6,6,7,6.4,4,8,7,Possibly AI training,"That my motions, which involved placing my hand around my head, is to train AI, which is notoriously bad at hands in front of faces",51,Male,White,NA,"Yes, you may use my data in the research.",2 times,1,1,0.2941179245283019,0.8828095065312047,0.14615384615384616,0.9200653120464442,FALSE,TRUE,0,FALSE
16233498,26/06/2026 07:07:32,complete,No threat,NaturaNegOne,negative,one,I agree to participate,17,4,5,5,5,5,2,1,1,1.3333333333333333,1,1,1,1,5,4,3,1,3.25,4,6,5,7,6,5.6,2,6,4,8,2,3,3,2.6666666666666665,3,2,1,2,3,3,3,3,3,3,2,1,2.25,5,6,6,7,6,6,1,9,2,5,2,2,2,2,5,5,4,4.666666666666667,4,4,4,4,3,4,2,1,2.5,5,6,6,7,6,6,4,7,3,7,1,2,1,1.3333333333333333,4,4,4,4,3,3,3,3,2,2,4,1,2.25,5,6,6,7,7,6.2,4,8,7,To see if people feel emotional in different capacities performing tasks.,This is a psychological study?,30,Female,Other,NA,"Yes, you may use my data in the research.",2 times,0.03846153846153846,0,0.00692307692307692,0,0,0,FALSE,FALSE,0,FALSE
16233501,26/06/2026 10:07:34,complete,No threat,SmilePosOne,positive,one,I agree to participate,17,4,4,1,4,3,1,1,1,1,1,1,1,1,5,6,5,3,4.75,6,1,1,1,1,2,2,9,4,8,4,1,4,3,1,1,1,1,1,1,1,1,5,5,5,3,4.5,5,1,1,1,1,1.8,1,9,2,5,4,1,4,3,1,1,1,1,1,1,1,1,5,5,5,3,4.5,6,1,1,1,1,2,3,7,3,7,4,1,4,3,1,1,1,1,1,1,1,1,5,5,5,3,4.5,5,1,1,1,1,1.8,4,8,7,"I'm not sure. Possibly how long it takes us after asking questions of hopelessness and the quality of our lives, how long it takes to pull ourselves out of that?",Possibly that the questions you asked us about our lives and feelings have a much deeper purpose than previously described.,31,Female,Black,I had no issues.,"Yes, you may use my data in the research.",2 times,1,1,0.10285714285714286,0.7990196078431372,0.08163265306122444,1,FALSE,TRUE,2,FALSE
16233502,26/06/2026 10:07:36,complete,Threat,NaturaNegTen,negative,ten,I agree to participate,17,4,2,2,2,2,4,5,5,4.666666666666667,5,3,4,4,3,4,3,5,3.75,4,5,4,5,5,4.6,2,6,4,8,2,2,2,2,2,2,2,2,5,2,5,4,3,3,3,3,3,5,5,5,5,5,5,1,9,2,5,2,2,2,2,2,2,2,2,6,5,5,5.333333333333333,3,3,3,3,3,5,5,5,6,6,5.4,4,7,3,7,3,3,3,3,3,3,3,3,3,3,3,3,3,3,3,5,3.5,5,4,5,5,5,4.8,4,8,7,The images/actions impact on our wellbeing,What the role of the math problems is,20,Female,White,NA,"Yes, you may use my data in the research.",1 time,1,1,0,1.1332692307692307,0,0.39807692307692305,FALSE,FALSE,0,FALSE
16233503,26/06/2026 10:08:12,complete,Threat,SmilePosTen,positive,ten,I agree to participate,17,4,1,2,1,1.3333333333333333,1,1,1,1,1,1,1,1,7,7,7,2,5.75,1,1,1,1,1,1,2,6,4,8,2,2,2,2,1,1,1,1,1,1,1,1,7,7,7,2,5.75,1,1,1,1,1,1,1,9,2,5,5,5,4,4.666666666666667,1,1,1,1,1,1,1,1,7,7,7,2,5.75,1,1,1,1,1,1,4,7,3,7,4,4,4,4,1,1,1,1,1,1,1,1,7,7,7,2,5.75,1,1,1,1,1,1,4,8,7,To see what people felt when looking at animals.,Figuring out how different people react emotionally to cats and dogs.,32,Male,White,No issues,"Yes, you may use my data in the research.",2 times,1,1,0.3015576923076923,0.6757307692307691,0.13846153846153847,0.2923076923076923,FALSE,FALSE,0,FALSE
16233504,26/06/2026 09:07:51,complete,Threat,NaturaNegTen,negative,ten,I agree to participate,17,4,4,5,4,4.333333333333333,1,1,1,1,1,1,1,1,6,6,6,3,5.25,1,1,1,1,1,1,2,6,4,8,3,3,3,3,1,1,1,1,1,1,1,1,6,6,6,3,5.25,1,1,1,1,1,1,1,9,2,5,1,1,1,1,2,1,1,1.3333333333333333,2,2,2,2,6,6,6,3,5.25,1,1,1,1,1,1,4,7,3,7,1,1,1,1,4,1,1,2,2,2,2,2,6,6,6,3,5.25,1,1,1,1,1,1,4,8,7,to see if you could follow the directions and then still concentrate after to do the math.,I don't know.,43,Female,White,NA,"Yes, you may use my data in the research.",1 time,0.9823529411764704,0.9784313725490196,0,1.4005490196078432,0,0.992156862745098,FALSE,TRUE,0,FALSE
16233505,26/06/2026 10:07:58,complete,No threat,SmilePosOne,positive,one,I agree to participate,17,4,1,1,1,1,1,1,1,1,4,3,4,3.6666666666666665,6,6,6,6,6,3,1,1,1,1,1.4,2,6,4,8,1,1,1,1,1,1,1,1,3,2,3,2.6666666666666665,6,6,6,6,6,3,1,1,1,1,1.4,1,9,2,5,4,3,3,3.3333333333333335,1,1,1,1,2,2,2,2,6,6,6,6,6,3,1,1,1,1,1.4,4,7,3,7,2,2,2,2,1,1,1,1,1,1,1,1,6,6,6,6,6,3,1,1,1,1,1.4,4,8,7,To see if showing forced happy faces made us feel more positive about ourselves vs if we're just sitting here or doing a random face task,"That it was measuring happiness/self worth, and had nothing to do with the math, those were just fillers",37,Female,White,NA,"Yes, you may use my data in the research.",2 times,1,1,0.4774509803921569,3.362941176470588,0.6274509803921572,1,TRUE,FALSE,0,TRUE
16233506,26/06/2026 10:08:00,complete,Threat,SmileNegOne,negative,one,I agree to participate,17,4,4,4,4,4,1,1,1,1,4,4,2,3.3333333333333335,4,4,5,3,4,6,2,1,4,3,3.2,2,6,4,8,2,2,2,2,1,1,1,1,1,1,1,1,3,4,4,3,3.5,6,1,1,3,3,2.8,1,9,2,5,3,1,3,2.3333333333333335,1,1,1,1,2,1,2,1.6666666666666667,3,4,4,3,3.5,6,2,2,4,3,3.4,4,7,3,7,2,2,2,2,1,1,1,1,1,1,1,1,3,4,4,3,3.5,6,1,1,3,3,2.8,4,8,7,trying to tie physical activity to math performance when also including the emotional element.,not sure,42,Female,Mixed,n/a,"Yes, you may use my data in the research.",2 times,0.7647058823529411,1,0.01411764705882353,2.4568627450980394,0,1,FALSE,FALSE,0,FALSE
16233507,26/06/2026 08:07:58,complete,No threat,NaturaNegTen,negative,ten,I agree to participate,17,4,1,1,1,1,1,1,1,1,1,1,1,1,5,6,6,5,5.5,1,1,1,1,1,1,2,6,4,8,1,1,1,1,1,1,1,1,1,1,1,1,6,6,6,5,5.75,2,1,1,1,1,1.2,1,9,2,5,1,1,1,1,2,1,1,1.3333333333333333,2,2,2,2,6,6,6,6,6,2,1,1,1,1,1.2,4,7,3,7,1,1,1,1,3,1,1,1.6666666666666667,2,2,2,2,6,6,5,5,5.5,2,1,1,1,1,1.2,4,8,7,NA,NA,25,Female,Mixed,NA,"Yes, you may use my data in the research.",2 times,1,1,0.01753846153846153,0.4353623680241327,0,0,FALSE,FALSE,0,FALSE
16233508,26/06/2026 10:08:02,complete,Threat,SmileNegTen,negative,ten,I agree to participate,17,4,4,5,5,4.666666666666667,1,1,1,1,1,1,1,1,3,6,5,4,4.5,1,1,1,1,1,1,2,6,4,8,3,5,5,4.333333333333333,1,1,1,1,1,1,NA,1,3,6,5,4,4.5,1,1,1,1,1,1,1,9,2,5,2,2,2,2,1,1,1,1,5,6,5,5.333333333333333,3,6,5,4,4.5,1,1,1,1,1,1,4,7,3,7,2,2,2,2,1,1,1,1,3,3,3,3,3,6,5,4,4.5,1,1,1,1,1,1,4,8,7,To see how forcing our expressions or thoughts in a positive or negative way has an effect on emotional wellbeing.,The fact that it is not about math performance and instead about psychological and emotional evaluation.,20,Male,White,NA,"Yes, you may use my data in the research.",2 times,1,1,0.2597496229260935,2.788423076923077,0,0.9901960784313726,TRUE,TRUE,0,TRUE
16233509,26/06/2026 10:08:04,complete,No threat,SmileNegOne,negative,one,I agree to participate,17,4,5,4,4,4.333333333333333,1,1,1,1,1,1,1,1,7,7,7,4,6.25,1,1,1,1,1,1,2,6,4,8,1,1,1,1,1,1,1,1,1,1,1,1,7,7,7,7,7,1,1,1,1,1,1,1,9,2,5,1,1,1,1,1,1,1,1,1,1,1,1,7,6,6,6,6.25,1,1,1,1,1,1,4,7,3,7,4,4,3,3.6666666666666665,1,1,1,1,1,1,1,1,7,7,7,6,6.75,1,1,1,1,1,1,4,8,7,based on my facial expressions it shows how i feel at the moment and maybe in life.,based on facial expression you can tell how a person feels,33,Female,Asian,"i reallyenjoyed taking this study,thank you! i had no issues.","Yes, you may use my data in the research.",2 times,1,1,0.01346153846153846,0.01749999999999999,0,0,FALSE,FALSE,0,TRUE
16233513,26/06/2026 10:08:11,complete,Threat,NaturaPosTen,positive,ten,I agree to participate,17,4,1,1,1,1,1,1,1,1,1,1,1,1,6,5,5,3,4.75,3,1,1,1,1,1.4,2,6,4,8,1,1,1,1,1,1,1,1,1,1,1,1,6,6,5,3,5,4,1,1,1,1,1.6,1,9,2,5,1,1,1,1,1,1,1,1,3,2,3,2.6666666666666665,6,6,5,3,5,3,1,1,1,1,1.4,4,7,3,7,6,5,5,5.333333333333333,1,1,1,1,1,1,1,1,6,5,5,3,4.75,3,1,1,1,1,1.4,4,8,7,I honestly don't know.,Something to do with how faking emotions makes us feel?,32,Male,White,NA,"Yes, you may use my data in the research.",2 times,1,1,0.8728847719058596,3.609049709724238,0.2533381712626996,1,TRUE,TRUE,0,FALSE
16233514,26/06/2026 09:08:15,complete,No threat,NaturaPosOne,positive,one,I agree to participate,17,4,4,2,4,3.3333333333333335,1,1,1,1,3,3,3,3,2,1,2,3,2,6,4,2,6,4,4.4,2,6,4,8,4,4,4,4,1,1,1,1,3,2,3,2.6666666666666665,2,2,2,2,2,7,4,4,2,6,4.6,1,9,2,5,4,2,4,3.3333333333333335,4,2,2,2.6666666666666665,4,3,6,4.333333333333333,2,2,2,1,1.75,6,4,4,6,6,5.2,4,7,3,7,6,6,6,6,1,1,1,1,1,1,1,1,2,2,4,3,2.75,7,5,3,7,7,5.8,4,8,7,"To see if we could multitask and stay on the task of doing math. Not sure, tbh",Something about multitasking and staying on task and in tune,36,Male,White,NA,"Yes, you may use my data in the research.",2 times,1,1,0.09647058823529409,0.43607843137254915,0,0.31372549019607837,FALSE,FALSE,0,FALSE
16233515,26/06/2026 09:08:15,complete,No threat,SmileNegOne,negative,one,I agree to participate,17,4,5,3,2,3.3333333333333335,1,1,1,1,1,1,1,1,6,6,6,5,5.75,4,1,1,3,1,2,4,6,4,8,5,5,5,5,1,1,1,1,1,1,2,1.3333333333333333,6,6,6,5,5.75,3,1,1,2,1,1.6,1,9,2,5,2,2,2,2,5,4,4,4.333333333333333,5,5,6,5.333333333333333,6,6,6,5,5.75,3,2,1,2,1,1.8,4,7,3,7,4,3,2,3,5,1,3,3,5,4,5,4.666666666666667,6,6,6,5,5.75,3,1,1,2,1,1.6,4,8,7,"peoples emtional state after seeing stressful things and if they feel better naturally expressing emotion or pretending to be happy, and how it changes their outlook on the world, themselves and their life.","that math had little to do with it, maybe math is a slight stressor for some people but i think people enjoy doing simple routines that make them feel accomplished like tapping their nose, i think the study is really about how images can shape our mood and outlook",36,Male,White,NA,"Yes, you may use my data in the research.",2 times,1,1,0,1.965576923076923,0,1,TRUE,TRUE,1,TRUE
16233516,26/06/2026 09:08:17,complete,No threat,SmilePosTen,positive,ten,I agree to participate,17,4,1,1,1,1,1,1,1,1,1,1,2,1.3333333333333333,6,4,6,4,5,3,1,1,2,1,1.6,2,6,4,8,2,3,4,3,1,1,1,1,1,1,1,1,6,5,6,6,5.75,1,1,1,1,1,1,1,9,2,5,4,4,4,4,1,1,1,1,1,1,1,1,6,5,6,6,5.75,1,1,1,1,1,1,4,7,3,7,5,4,4,4.333333333333333,1,1,1,1,1,1,1,1,6,5,6,6,5.75,1,1,1,1,1,1,4,8,7,what sites help people to feel more positive about themselves,i am not sure,77,Female,White,had a popup screen interrupt for a sec a couple of times,"Yes, you may use my data in the research.",2 times,1,1,1.10825,1.4467692307692308,0.8711538461538462,0.9903846153846154,FALSE,FALSE,0,FALSE
16233517,26/06/2026 10:08:19,complete,Threat,NaturaNegOne,negative,one,I agree to participate,17,4,1,1,1,1,1,1,1,1,1,1,1,1,7,7,7,7,7,1,1,1,1,1,1,2,6,4,8,1,1,1,1,1,1,1,1,1,1,1,1,7,7,7,7,7,1,1,1,1,1,1,1,9,2,5,1,1,1,1,1,1,1,1,1,1,1,1,7,7,7,7,7,1,1,1,1,1,1,4,7,3,7,1,1,1,1,1,1,1,1,1,1,1,1,7,7,7,7,7,1,1,1,1,1,1,4,6,7,Impact of actions and images on ability to focus.,That we were not really being recorded.,50,Female,Black,NA,"Yes, you may use my data in the research.",2 times,1,1,0,1.673846153846154,0,0.9615384615384616,TRUE,TRUE,1,FALSE
16233518,26/06/2026 10:08:18,complete,No threat,SmilePosOne,positive,one,I agree to participate,17,4,3,3,2,2.6666666666666665,1,1,1,1,5,5,5,5,2,3,5,1,2.75,4,1,1,3,2,2.2,2,6,4,8,2,2,2,2,1,1,1,1,1,1,1,1,2,2,5,1,2.5,2,1,1,1,1,1.2,1,9,2,5,3,3,3,3,1,1,1,1,4,4,3,3.6666666666666665,2,3,5,1,2.75,4,1,1,3,2,2.2,4,7,3,7,3,2,3,2.6666666666666665,1,1,1,1,2,2,2,2,2,3,5,1,2.75,3,1,1,1,1,1.4,4,8,7,See the effects of using certain brain functions in combination with emotion?,To see the effects of how emotions change. I noticed that I became more relaxed after the study progressed!,43,Female,White,none,"Yes, you may use my data in the research.",2 times,1,1,1.31,1.2725,1,1,FALSE,FALSE,0,FALSE
16233519,26/06/2026 10:08:19,complete,No threat,NaturaNegOne,negative,one,I agree to participate,17,4,2,3,2,2.3333333333333335,1,1,1,1,1,1,3,1.6666666666666667,4,4,4,3,3.75,6,4,4,5,5,4.8,2,6,4,8,1,1,2,1.3333333333333333,1,1,1,1,3,1,4,2.6666666666666665,4,4,5,4,4.25,6,4,3,5,5,4.6,1,9,2,5,1,1,1,1,1,1,1,1,3,2,5,3.3333333333333335,5,5,4,4,4.5,6,4,3,5,5,4.6,4,7,3,7,2,1,1,1.3333333333333333,2,2,2,2,1,1,1,1,4,5,4,4,4.25,6,4,3,4,5,4.4,4,8,7,To test how much our emotional responses changed based on the physical activity,It was about something completely unrelated to what we may think,46,Female,White,NA,"Yes, you may use my data in the research.",2 times,1,1,0,0,0,0,FALSE,FALSE,0,FALSE
16233520,26/06/2026 10:08:24,complete,No threat,SmileNegTen,negative,ten,I agree to participate,17,4,3,4,4,3.6666666666666665,1,2,2,1.6666666666666667,1,1,1,1,3,3,3,1,2.5,2,2,2,1,2,1.8,2,6,4,8,3,4,3,3.3333333333333335,1,1,1,1,1,1,1,1,2,2,1,1,1.5,1,1,1,1,1,1,1,9,2,5,5,6,5,5.333333333333333,1,1,1,1,1,1,1,1,2,1,2,1,1.5,2,1,2,1,1,1.4,4,7,3,7,1,1,2,1.3333333333333333,5,2,1,2.6666666666666665,5,5,5,5,2,2,2,1,1.75,1,1,2,2,1,1.4,4,8,7,To track facial movements in response to negative images,I dont have a clue honestly,60,Male,White,"No issues, I enjoyed participating","Yes, you may use my data in the research.",2 times,1,1,0.6454807692307692,1.382210407239819,0.14807692307692305,1,FALSE,TRUE,0,FALSE
16233522,26/06/2026 10:08:30,complete,No threat,NaturaNegTen,negative,ten,I agree to participate,17,4,3,3,4,3.3333333333333335,4,4,4,4,3,3,5,3.6666666666666665,2,3,6,2,3.25,5,5,4,5,3,4.4,2,6,4,8,4,4,4,4,1,1,1,1,1,1,3,1.6666666666666667,2,3,4,2,2.75,5,4,4,5,3,4.2,1,9,2,5,1,1,1,1,4,4,3,3.6666666666666665,5,6,6,5.666666666666667,2,3,4,2,2.75,5,4,5,5,3,4.4,4,7,3,7,2,1,1,1.3333333333333333,5,5,4,4.666666666666667,5,3,2,3.3333333333333335,2,3,4,2,2.75,5,4,5,4,3,4.2,4,8,7,To see psychological behaviors of facial expressions when seeing certain images.,"The reason for the math questions, and also why the same questions were asked about how I felt.",19,Male,White,NA,"Yes, you may use my data in the research.",2 times,1,1,0.07717307692307693,2.1601153846153847,0,1,TRUE,TRUE,0,FALSE
16233524,26/06/2026 10:08:37,complete,Threat,NaturaPosTen,positive,ten,I agree to participate,17,4,4,3,6,4.333333333333333,2,1,1,1.3333333333333333,1,1,1,1,6,6,6,4,5.5,2,1,1,1,1,1.2,2,6,4,8,5,5,5,5,1,1,1,1,1,1,1,1,6,6,6,6,6,2,1,1,1,1,1.2,1,9,2,5,4,4,4,4,1,1,1,1,1,1,1,1,6,6,6,6,6,2,1,1,1,1,1.2,4,7,3,7,5,5,5,5,1,1,1,1,1,1,1,1,6,6,6,6,6,2,1,1,1,1,1.2,4,8,7,I believe the purpose of this study is to examine facial reactions.,I am not sure.... maybe that this had to do with AI facial recognition?,26,Female,Other,"Hello, I really enjoyed this study. My only input is some of the instructions were a little unclear and I had to read it over again to understand. There was also an extra ""or"" on one of the questions. You guys have a wonderful day! Thank you for allowing me to take this.","Yes, you may use my data in the research.",1 time,1,1,1.1155384615384616,2.889653846153846,0.29230769230769227,0.9923076923076924,TRUE,TRUE,0,FALSE
16233525,26/06/2026 08:08:40,complete,No threat,NaturaNegTen,negative,ten,I agree to participate,17,4,1,1,1,1,1,1,1,1,1,1,1,1,1,4,4,1,2.5,7,2,7,3,7,5.2,2,6,4,8,1,1,1,1,1,1,1,1,1,1,1,1,1,3,2,1,1.75,7,7,7,7,7,7,1,9,2,5,1,1,1,1,7,7,7,7,7,7,7,7,1,3,3,1,2,7,7,7,7,7,7,4,7,3,7,1,1,1,1,7,7,7,7,7,7,7,7,1,3,3,1,2,7,7,7,7,7,7,4,8,7,"I'm not sure, but the animal abuse photos were traumatic",not sure,35,Female,White,NA,"Yes, you may use my data in the research.",2 times,0.9826923076923076,1,0.05582692307692308,0.06734615384615385,0.01538461538461538,0.04230769230769228,FALSE,FALSE,0,FALSE
16233527,26/06/2026 10:09:04,complete,Threat,NaturaNegOne,negative,one,I agree to participate,17,4,1,1,1,1,1,1,1,1,1,1,1,1,6,6,7,5,6,1,1,1,1,1,1,2,6,4,8,1,1,1,1,1,1,1,1,1,1,1,1,6,6,7,5,6,1,1,1,1,1,1,1,9,2,5,1,1,1,1,1,1,1,1,1,1,1,1,6,6,7,5,6,1,1,1,1,1,1,4,7,3,7,1,1,1,1,1,1,1,1,1,1,1,1,6,6,7,5,6,1,1,1,1,1,1,4,8,7,I really have no idea.,"Again, I have no idea.",68,Male,White,NA,"Yes, you may use my data in the research.",2 times,1,1,0.04352941176470587,1.2590384615384616,0,0.3653846153846156,FALSE,FALSE,0,FALSE
16233529,26/06/2026 10:09:03,complete,Threat,NaturaPosTen,positive,ten,I agree to participate,17,4,1,1,1,1,7,6,5,6,2,1,1,1.3333333333333333,1,6,6,2,3.75,2,2,4,3,6,3.4,2,6,4,8,4,6,6,5.333333333333333,1,1,1,1,1,1,1,1,4,5,1,1,2.75,1,1,1,1,1,1,1,9,2,5,6,6,6,6,1,1,1,1,1,1,2,1.3333333333333333,6,3,5,2,4,1,1,2,1,1,1.2,4,7,3,7,6,7,6,6.333333333333333,1,1,1,1,1,1,2,1.3333333333333333,4,5,5,2,4,5,1,1,3,2,2.4,4,8,7,It was to see if images/mood improved how fast i can do math equations,Not quite sure perhaps maybe what the actual purpose of the study is used for perhaps a system to track moods,23,Male,Mixed,NA,"Yes, you may use my data in the research.",2 times,1,1,0.20877866473149492,2.1024615384615384,0,0.6826923076923077,TRUE,TRUE,0,FALSE
16233534,26/06/2026 10:09:26,complete,No threat,NaturaPosOne,positive,one,I agree to participate,17,4,2,2,2,2,1,1,1,1,1,1,1,1,4,4,5,3,4,5,3,2,5,4,3.8,2,6,4,8,4,3,4,3.6666666666666665,1,1,1,1,1,1,1,1,4,4,5,5,4.5,5,5,4,4,5,4.6,1,9,2,5,5,NA,4,4.5,1,1,1,1,1,1,1,1,3,4,5,5,4.25,5,3,5,2,3,3.6,4,7,3,7,6,4,5,5,1,1,1,1,1,1,1,1,3,3,5,3,3.5,5,3,5,3,4,4,4,8,7,How to follow directions and perform basic math skills.,How images effect your thinking and rationalaztion.,47,Female,White,The first task I thought the camera would come on and I missed the task of blinking my eyes and outting my left hand behind my head.,"Yes, you may use my data in the research.",2 times,1,1,0.12115384615384613,2.7475,0,0.8076923076923078,TRUE,TRUE,0,FALSE
16233535,26/06/2026 10:09:24,complete,Threat,NaturaNegTen,negative,ten,I agree to participate,17,4,1,1,1,1,1,1,1,1,1,1,1,1,4,4,4,1,3.25,1,1,1,1,1,1,2,6,4,8,1,1,1,1,1,1,1,1,1,1,1,1,4,4,4,1,3.25,1,1,1,1,1,1,1,9,2,5,1,1,1,1,1,1,1,1,1,1,1,1,1,4,4,4,3.25,1,1,1,1,1,1,4,7,3,7,1,1,1,1,1,1,1,1,1,1,1,1,4,4,4,1,3.25,1,1,1,1,1,1,4,8,7,To track eye movements.,Some of the pictures were real.,23,Female,Black,none.,"Yes, you may use my data in the research.",2 times,1,1,0.08998076923076924,0.08119230769230769,0,0,FALSE,FALSE,0,FALSE
16233536,26/06/2026 10:09:25,complete,No threat,NaturaPosOne,positive,one,I agree to participate,17,4,1,1,1,1,1,1,1,1,2,1,1,1.3333333333333333,3,3,3,2,2.75,5,4,2,4,4,3.8,2,6,4,8,2,2,2,2,1,1,1,1,1,1,1,1,3,3,3,2,2.75,5,2,2,2,3,2.8,1,9,2,5,2,1,2,1.6666666666666667,1,1,1,1,3,2,3,2.6666666666666665,3,3,3,2,2.75,5,3,2,2,3,3,4,7,3,7,5,5,5,5,1,1,1,1,1,1,1,1,2,3,3,3,2.75,5,3,2,3,3,3.2,4,8,7,Maybe to see if people could follow instructions or how fast they were at math after doing another task,I honestly am not sure. I am curious to know though,27,Female,White,I didn't have any issues. The instructions were clear and easy to follow. Overall it was a good study!,"Yes, you may use my data in the research.",2 times,1,1,0.45326923076923087,2.6434615384615383,0.3846153846153844,1,TRUE,TRUE,0,FALSE
16233537,26/06/2026 09:09:26,complete,No threat,NaturaPosTen,positive,ten,I agree to participate,17,4,1,1,1,1,1,1,1,1,1,1,1,1,1,1,1,1,1,7,7,7,7,7,7,2,6,4,8,1,1,1,1,1,1,1,1,1,1,1,1,1,1,1,1,1,7,7,7,7,7,7,1,9,2,5,1,1,1,1,1,1,1,1,4,4,4,4,1,1,1,1,1,7,7,7,7,7,7,4,7,3,7,2,1,2,1.6666666666666667,1,1,1,1,1,1,1,1,1,1,1,1,1,7,7,7,7,7,7,4,8,7,I am not sure. To see if im a psychopath? I wasn't sure what facial expressions were shown.,Who knows. Im not a psychologist and have no schooling or experience in research,45,Male,White,NA,"Yes, you may use my data in the research.",0 times,1,1,0.00658521870286576,0.18563423831070888,0,0.05384615384615385,FALSE,FALSE,0,FALSE
16233540,26/06/2026 10:09:35,complete,Threat,SmilePosTen,positive,ten,I agree to participate,17,4,2,3,1,2,1,1,1,1,1,1,3,1.6666666666666667,7,7,7,7,7,3,1,1,1,1,1.4,2,6,4,8,3,3,1,2.3333333333333335,1,1,1,1,5,2,6,4.333333333333333,7,7,7,7,7,3,1,1,1,1,1.4,1,9,2,5,3,NA,1,2,1,1,1,1,2,1,3,2,7,7,7,7,7,3,1,1,1,1,1.4,4,7,3,7,2,3,1,2,1,1,1,1,4,3,5,4,7,7,7,7,7,3,1,1,1,1,1.4,4,8,7,No clue,No clue,48,Male,White,"I had my glasses on at the start, but then took them off before the first task started , figured you could not see my eyes blinking with the glasses on.","Yes, you may use my data in the research.",2 times,1,1,1.952485946455505,0.45549672667757773,0.9979166666666668,0.14423076923076925,FALSE,FALSE,0,FALSE
16233542,26/06/2026 09:09:52,complete,No threat,SmilePosTen,positive,ten,I agree to participate,17,4,1,1,1,1,1,1,1,1,1,1,1,1,6,6,6,6,6,2,2,2,2,2,2,2,6,4,8,4,4,4,4,2,2,2,2,2,2,2,2,6,6,6,6,6,2,2,2,2,2,2,1,9,2,5,4,1,1,2,1,1,1,1,1,1,1,1,6,6,6,6,6,2,2,2,2,2,2,4,7,3,7,6,6,6,6,2,2,2,2,2,2,2,2,6,6,6,6,6,2,2,2,2,2,2,7,8,7,to test focus,it has nothing to do with how distractions can affect math skills,38,Female,White,none that I can distinguish,"Yes, you may use my data in the research.",2 times,1,1,0.09323413877925751,1.9050164758210977,0.01538461538461537,1,TRUE,TRUE,1,FALSE
16233543,26/06/2026 09:09:49,complete,No threat,NaturaNegOne,negative,one,I agree to participate,17,4,1,1,1,1,2,1,1,1.3333333333333333,4,4,5,4.333333333333333,1,1,5,1,2,5,6,1,6,7,5,2,6,4,8,1,1,1,1,1,1,1,1,6,4,6,5.333333333333333,1,1,5,1,2,6,7,1,7,7,5.6,19,NA,2,5,1,1,1,1,1,1,1,1,4,4,6,4.666666666666667,1,1,5,1,2,6,6,1,6,7,5.2,4,7,3,7,1,1,1,1,4,1,1,2,7,7,7,7,1,1,5,1,2,5,6,1,6,7,5,4,8,7,I am not sure. Following instructions?,i have no idea,48,Female,White,NA,"Yes, you may use my data in the research.",2 times,1,0,0,0,0,0,FALSE,FALSE,2,FALSE
16233544,26/06/2026 09:10:14,complete,Threat,SmileNegTen,negative,ten,I agree to participate,17,4,1,1,1,1,1,1,1,1,3,3,5,3.6666666666666665,2,2,2,1,1.75,2,4,1,4,3,2.8,2,6,4,8,1,1,1,1,1,1,1,1,1,1,1,1,2,2,2,2,2,2,2,2,2,2,2,1,9,2,5,1,1,1,1,1,1,1,1,4,3,6,4.333333333333333,3,2,2,1,2,4,5,3,5,5,4.4,4,7,3,7,1,1,1,1,1,1,1,1,4,3,7,4.666666666666667,4,2,2,1,2.25,2,3,3,4,4,3.2,4,8,7,burn grant money,"whatever it is, i dont care",55,Male,White,my no job is better than whatever this is,"Yes, you may use my data in the research.",1 time,0.2792452830188679,0.604644412191582,0.1535656748911466,0.2567703193033382,0,0.01346153846153844,FALSE,FALSE,0,FALSE
16233552,26/06/2026 10:10:09,complete,Threat,NaturaNegTen,negative,ten,I agree to participate,17,4,4,4,4,4,4,2,2,2.6666666666666665,1,1,1,1,1,1,4,1,1.75,7,5,4,5,7,5.6,2,6,4,8,4,4,2,3.3333333333333335,1,1,1,1,1,1,1,1,1,1,1,1,1,7,4,4,6,6,5.4,1,9,2,5,1,1,1,1,7,7,7,7,7,7,7,7,1,1,1,1,1,7,4,4,6,7,5.6,4,7,3,7,1,1,1,1,7,7,7,7,7,7,7,7,1,1,1,1,1,7,4,4,6,7,5.6,4,8,7,I believe the purpose of this study was to observe how we feel after viewing those images and how it impacts out mental and physical state,I feel that you wanted to observe out mental state and if the different exercise makes us feel better or worse through each task. Those images were awful and very hard to keep smiling when viewing so I feel that observation would tell alot,43,Female,Black,I did not have any issues during the study. Thank you so much for the opportunity.,"Yes, you may use my data in the research.",2 times,1,1,0.00948076923076923,1.6671993139687638,0,0.9941176470588236,TRUE,TRUE,0,FALSE
16233553,26/06/2026 10:10:09,complete,Threat,NaturaPosTen,positive,ten,I agree to participate,17,4,1,2,1,1.3333333333333333,1,1,1,1,1,1,1,1,3,2,5,3,3.25,3,2,2,3,1,2.2,2,6,4,8,1,1,1,1,1,1,1,1,1,1,1,1,3,3,5,5,4,3,1,1,2,1,1.6,1,9,2,5,1,1,1,1,1,1,1,1,2,1,2,1.6666666666666667,5,3,5,5,4.5,3,1,1,2,1,1.6,4,7,3,7,1,1,1,1,1,1,1,1,1,1,1,1,3,2,5,5,3.75,3,1,2,2,1,1.8,4,8,7,no idea,i try not to judge,49,Male,White,"none, thanks","Yes, you may use my data in the research.",2 times,1,1,4.615384615384618e-4,1.4575014513788098,0,0.8637518142235123,FALSE,TRUE,0,FALSE
16233554,26/06/2026 10:10:13,complete,No threat,NaturaPosOne,positive,one,I agree to participate,17,4,1,2,2,1.6666666666666667,1,1,1,1,1,1,1,1,5,5,5,2,4.25,4,3,1,2,3,2.6,2,6,4,8,2,1,2,1.6666666666666667,1,1,1,1,1,1,1,1,5,3,5,2,3.75,3,1,1,1,2,1.6,1,9,2,5,2,1,2,1.6666666666666667,1,1,1,1,1,1,1,1,5,3,5,2,3.75,3,2,1,1,2,1.8,4,7,3,7,1,1,1,1,1,1,1,1,1,1,1,1,5,3,5,2,3.75,3,2,1,1,2,1.8,4,8,7,To tests how physical activities affect math computation,Impact on my feelings about life after different tasks,35,Female,White,NA,"Yes, you may use my data in the research.",2 times,1,1,0,0.3550980392156862,0,0.33333333333333326,FALSE,FALSE,0,FALSE
16233555,25/06/2026 14:00:01,complete,Threat,NaturaNegOne,negative,one,I agree to participate,17,4,4,2,3,3,1,NA,1,1,1,1,1,1,6,6,6,3,5.25,2,1,1,1,1,1.2,2,6,4,8,3,3,3,3,1,1,1,1,1,1,1,1,6,6,6,3,5.25,1,1,1,1,1,1,1,9,2,5,1,1,1,1,4,2,2,2.6666666666666665,3,3,3,3,6,6,6,3,5.25,1,1,1,1,1,1,4,7,3,7,3,1,3,2.3333333333333335,3,1,NA,2,1,1,3,1.6666666666666667,6,6,6,3,5.25,1,1,1,1,1,1,4,8,7,I really don't know. Maybe to see what pictures emote different feelings and emotons after seeing them?,I have no clue.,39,Female,White,i had none!,"Yes, you may use my data in the research.",2 times,1,1,0.08288461538461538,3.2842307692307693,0,1,TRUE,TRUE,0,FALSE
16233558,26/06/2026 10:10:21,complete,No threat,NaturaNegOne,negative,one,I agree to participate,17,4,3,5,1,3,1,1,1,1,1,1,1,1,5,6,5,1,4.25,1,1,1,5,2,2,2,6,4,8,1,2,1,1.3333333333333333,1,1,1,1,2,2,2,2,5,6,5,1,4.25,1,1,1,3,2,1.6,1,9,2,5,1,1,1,1,6,5,5,5.333333333333333,3,2,3,2.6666666666666665,5,5,5,1,4,1,2,1,5,2,2.2,4,7,3,7,3,4,2,3,2,1,2,1.6666666666666667,1,1,1,1,5,6,5,1,4.25,1,1,1,4,2,1.8,4,8,7,determine effects of simple tasks on feelings,the tasks were chosen based on previous performance,67,Female,White,no issues,"Yes, you may use my data in the research.",2 times,1,1,0,0.02450980392156862,0,0,FALSE,FALSE,0,FALSE
16233561,26/06/2026 10:10:20,complete,No threat,SmileNegOne,negative,one,I agree to participate,17,4,2,2,1,1.6666666666666667,1,1,1,1,1,1,1,1,7,7,7,7,7,5,1,2,1,1,2,2,6,4,8,1,1,1,1,1,1,1,1,1,1,1,1,7,7,7,7,7,4,1,1,1,1,1.6,1,9,2,5,2,2,2,2,1,1,1,1,1,1,1,1,7,7,7,7,7,4,1,2,1,1,1.8,4,7,3,7,1,1,1,1,3,1,2,2,1,2,1,1.3333333333333333,7,7,7,7,7,4,1,1,1,1,1.6,4,8,7,I think it was to determine how certain imagery impacted a persons mood,perhaps you were tracking my facial expressions duirng the comprehension portion - like how I reacted to reading the instructions vs actually performing the task.,38,Female,White,No issues,"Yes, you may use my data in the research.",2 times,1,1,0,2.977692307692308,0,1,TRUE,TRUE,0,FALSE
16233562,26/06/2026 10:10:21,complete,No threat,SmilePosOne,positive,one,I agree to participate,17,4,4,4,4,4,1,1,1,1,1,1,1,1,3,2,5,2,3,5,1,2,5,3,3.2,2,6,4,8,4,4,4,4,1,1,1,1,1,1,1,1,3,3,2,3,2.75,5,1,1,2,3,2.4,1,9,2,5,4,4,4,4,1,1,1,1,1,1,1,1,2,2,3,2,2.25,6,2,1,5,3,3.4,4,7,3,7,4,4,4,4,1,1,1,1,1,1,1,1,3,3,3,2,2.75,5,1,1,2,3,2.4,4,8,7,n/a,NA,41,Male,Black,NA,"Yes, you may use my data in the research.",2 times,1,1,0,0.3144230769230769,0,0,FALSE,FALSE,0,FALSE
16233563,26/06/2026 10:10:27,complete,Threat,SmilePosTen,positive,ten,I agree to participate,17,4,1,1,4,2,1,2,1,1.3333333333333333,1,1,1,1,1,1,1,1,1,4,1,1,1,2,1.8,2,6,4,8,4,1,3,2.6666666666666665,1,1,1,1,1,1,1,1,1,1,1,1,1,3,1,1,1,1,1.4,1,9,2,5,5,1,4,3.3333333333333335,1,1,1,1,1,1,1,1,1,1,1,1,1,3,1,1,1,1,1.4,4,7,3,7,5,2,5,4,1,1,1,1,1,1,1,1,1,1,1,1,1,3,1,1,1,1,1.4,4,8,7,to see if peoples mood changes after doing certain things,i'm really not sure,39,Female,White,n/a,"Yes, you may use my data in the research.",2 times,1,1,0.27305769230769233,1.4810576923076924,0.07692307692307693,0.9865384615384616,FALSE,TRUE,0,FALSE
16233566,26/06/2026 10:10:41,complete,No threat,NaturaNegTen,negative,ten,I agree to participate,17,4,3,2,3,2.6666666666666665,1,1,1,1,1,1,1,1,5,5,5,2,4.25,3,1,1,1,1,1.4,2,6,4,8,1,1,1,1,1,1,1,1,2,2,1,1.6666666666666667,5,5,5,2,4.25,3,1,1,1,1,1.4,1,9,2,5,1,1,1,1,2,1,2,1.6666666666666667,2,2,2,2,5,5,5,2,4.25,3,1,1,1,1,1.4,4,7,3,7,1,1,1,1,2,1,2,1.6666666666666667,1,1,1,1,5,5,5,2,4.25,3,1,1,1,1,1.4,4,8,7,perhaps if viewing unsettling images would change my current state of feeling.,most people view their life as not ideal but then being exposed to sad or negative photos may make them appreciate their own life a bit more,36,Female,White,did not experience any issues during the study,"Yes, you may use my data in the research.",2 times,1,1,0,0.00437028657616892,0,0,FALSE,FALSE,0,FALSE
16233569,26/06/2026 09:10:41,complete,No threat,SmilePosOne,positive,one,I agree to participate,17,4,5,5,6,5.333333333333333,1,1,1,1,1,1,1,1,2,5,6,1,3.5,3,2,1,2,1,1.8,2,6,4,8,3,2,2,2.3333333333333335,1,1,1,1,1,1,1,1,5,3,5,1,3.5,1,1,1,1,1,1,1,9,2,5,3,3,4,3.3333333333333335,1,1,1,1,1,1,1,1,3,5,5,2,3.75,2,1,1,1,1,1.2,4,7,3,7,2,2,2,2,1,1,1,1,1,1,1,1,2,3,3,2,2.5,1,1,1,1,1,1,4,8,7,To see if the physical tasks were distractions for the math questions.,I think that maybe there was some hidden messages in the instructions for physical tasks that may get missed and the purpose of this study was to make sure they were read carefully.,42,Male,White,NA,"Yes, you may use my data in the research.",2 times,1,1,0,1.8707692307692307,0,1,TRUE,TRUE,0,FALSE
16233571,26/06/2026 10:10:46,complete,No threat,SmileNegOne,negative,one,I agree to participate,17,4,2,1,2,1.6666666666666667,1,1,1,1,2,2,2,2,6,6,6,6,6,3,1,1,1,1,1.4,2,6,4,8,1,1,1,1,1,1,1,1,1,1,1,1,6,6,6,6,6,3,1,1,1,1,1.4,1,9,2,5,1,1,1,1,1,1,1,1,1,1,1,1,6,6,6,6,6,3,1,1,1,1,1.4,4,7,3,7,1,1,1,1,1,1,1,1,2,2,2,2,6,6,6,6,6,3,1,1,1,1,1.4,4,8,7,Mood vs math?,"I'm not sure, but I feel like it was mood related, not physical movement/math.",42,Female,White,"Right after the last math problem, the page didn't refresh correctly and said ""page not found"". I hit refresh and then the age/gender page popped up.","Yes, you may use my data in the research.",2 times,1,1,0.09019607843137258,1.0490196078431373,0,0.8823529411764705,FALSE,TRUE,0,FALSE
16233572,26/06/2026 10:10:48,complete,Threat,NaturaPosOne,positive,one,I agree to participate,17,4,5,4,4,4.333333333333333,1,1,1,1,1,1,1,1,5,5,6,6,5.5,2,1,2,2,1,1.6,2,6,4,8,7,6,6,6.333333333333333,1,1,1,1,1,1,1,1,6,6,6,6,6,2,1,1,2,1,1.4,1,9,2,5,5,6,6,5.666666666666667,1,1,1,1,1,1,1,1,6,6,6,6,6,2,1,1,2,1,1.4,4,7,3,7,6,5,6,5.666666666666667,1,1,1,1,1,1,1,1,6,6,5,6,5.75,2,1,1,2,1,1.4,4,8,7,to see how viewing different images could control how you feel,the reason for the study or proposed hypothesis,38,Female,White,"none, thank you for the opportunity, have a great day!","Yes, you may use my data in the research.",2 times,1,1,0,1.9396153846153843,0,1,TRUE,TRUE,0,FALSE
16233574,26/06/2026 10:10:55,complete,Threat,NaturaPosTen,positive,ten,I agree to participate,17,4,3,3,3,3,2,1,1,1.3333333333333333,1,1,1,1,2,2,2,1,1.75,4,4,4,5,4,4.2,2,6,4,8,4,4,4,4,1,1,1,1,1,1,1,1,2,2,2,1,1.75,5,4,4,4,4,4.2,1,9,2,5,2,1,2,1.6666666666666667,2,1,2,1.6666666666666667,3,2,2,2.3333333333333335,2,2,2,1,1.75,5,4,4,4,4,4.2,4,7,3,7,5,4,5,4.666666666666667,1,1,1,1,1,1,1,1,2,2,2,1,1.75,5,4,4,4,4,4.2,4,8,7,I am genuinely not sure,it will probably be a debriefing about the study,33,__other,White,"I was a bit confused about how to emulate the expressions of animals and flowers in the third movement task of the study, so I apologize if I didn't do the instructions correctly.","Yes, you may use my data in the research.",2 times,1,1,0.24890384615384617,0.1091346153846154,0.07115384615384616,0.04423076923076922,FALSE,FALSE,0,FALSE
16233577,26/06/2026 10:11:01,complete,Threat,SmileNegTen,negative,ten,I agree to participate,17,4,4,4,4,4,2,1,1,1.3333333333333333,1,1,1,1,6,6,6,7,6.25,2,1,1,1,1,1.2,2,6,4,8,4,4,4,4,1,1,1,1,1,1,1,1,6,6,6,7,6.25,1,1,1,1,1,1,1,9,2,5,1,1,1,1,2,1,1,1.3333333333333333,6,6,5,5.666666666666667,6,6,6,7,6.25,2,1,1,1,1,1.2,4,7,3,7,1,1,1,1,1,1,1,1,6,6,5,5.666666666666667,6,6,6,7,6.25,2,1,1,3,1,1.6,4,8,7,facial expression when seeing bad or evil stuff,not sure maybe something to do with the physical tasks,51,Female,White,NA,"Yes, you may use my data in the research.",2 times,1,1,0,0,0,0,FALSE,FALSE,0,FALSE
16233578,26/06/2026 09:11:09,complete,Threat,SmileNegOne,negative,one,I agree to participate,17,4,2,3,2,2.3333333333333335,1,3,3,2.3333333333333335,1,1,1,1,6,6,6,6,6,2,2,1,2,3,2,2,6,4,8,2,2,2,2,1,2,2,1.6666666666666667,1,1,1,1,6,6,6,6,6,2,1,1,1,3,1.6,1,9,2,5,3,2,3,2.6666666666666665,2,2,2,2,1,1,1,1,6,6,6,6,6,2,1,1,1,3,1.6,4,7,3,7,2,2,2,2,1,2,2,1.6666666666666667,1,1,1,1,6,6,6,6,6,2,1,1,1,3,1.6,4,8,7,See if the movements and feelings have any effects on simple math computation,Length of time in solving the problems,43,Male,Mixed,n/a,"Yes, you may use my data in the research.",2 times,1,1,0.5325,3.802307692307693,0.25,1,TRUE,TRUE,0,FALSE
16233579,26/06/2026 10:11:17,complete,No threat,SmileNegOne,negative,one,I agree to participate,17,4,1,1,1,1,1,1,1,1,2,1,2,1.6666666666666667,6,6,6,6,6,3,1,1,1,1,1.4,2,6,4,8,1,1,1,1,1,1,1,1,2,1,2,1.6666666666666667,6,6,6,6,6,3,1,1,1,1,1.4,1,9,2,5,1,1,1,1,2,1,1,1.3333333333333333,2,2,1,1.6666666666666667,6,6,6,6,6,3,1,1,1,1,1.4,4,7,3,7,1,1,1,1,2,1,1,1.3333333333333333,2,1,2,1.6666666666666667,6,6,6,6,6,3,1,1,1,1,1.4,4,8,7,Test how movement and viewing difficult images affects cognition.,Relation to movements and the images shown.,40,Female,White,N/A,"Yes, you may use my data in the research.",2 times,1,1,0,3.331176470588235,0,1,TRUE,TRUE,0,FALSE
16233581,26/06/2026 10:11:28,complete,Threat,NaturaPosOne,positive,one,I agree to participate,17,4,5,1,6,4,1,1,1,1,1,1,1,1,4,4,4,4,4,4,1,1,1,1,1.6,2,6,4,8,3,1,6,3.3333333333333335,1,1,1,1,1,1,1,1,4,4,4,4,4,4,1,1,1,1,1.6,1,9,2,5,4,1,6,3.6666666666666665,1,1,1,1,1,1,NA,1,4,4,4,4,4,4,1,1,1,1,1.6,4,7,3,7,4,6,6,5.333333333333333,1,1,1,1,1,1,1,1,4,4,4,4,4,1,1,1,1,1,1,4,8,7,Seeing if the participant follows directions.,Not sure.,37,Male,Black,None.,"Yes, you may use my data in the research.",2 times,1,1,0.13941176470588235,0.31470588235294117,0,0,FALSE,FALSE,0,FALSE
16233582,26/06/2026 08:11:42,complete,No threat,NaturaNegTen,negative,ten,I agree to participate,17,4,4,4,4,4,4,1,1,2,1,1,1,1,4,4,4,4,4,5,5,5,5,5,5,2,6,4,8,4,4,4,4,1,1,4,2,1,1,1,1,4,4,4,4,4,5,5,5,5,5,5,1,9,2,5,3,3,3,3,2,1,1,1.3333333333333333,2,2,2,2,4,4,4,4,4,5,5,5,5,5,5,4,7,3,7,4,4,4,4,1,2,2,1.6666666666666667,2,2,2,2,4,4,4,4,4,5,5,5,5,5,5,4,6,7,Sorry I meant to input this in the first box - my wife was calling me to help her with the baby. She did not know I was in a prolific survey that required camera and microphone access. I do sincerely apologize.,"No idea, there might be some kind of psychology between showing distressing photos and ones outlook on life.",31,Male,White,NA,"Yes, you may use my data in the research.",0 times,1,1,0.00330995475113122,0,0,0,FALSE,FALSE,1,FALSE
16233585,26/06/2026 09:11:48,complete,Threat,NaturaNegOne,negative,one,I agree to participate,17,4,1,2,1,1.3333333333333333,3,2,1,2,5,4,5,4.666666666666667,3,4,4,3,3.5,5,2,1,4,1,2.6,2,6,4,8,1,3,1,1.6666666666666667,1,2,1,1.3333333333333333,4,2,5,3.6666666666666665,1,2,3,1,1.75,5,1,1,5,1,2.6,1,9,2,5,1,4,1,2,1,2,2,1.6666666666666667,5,4,5,4.666666666666667,2,2,3,2,2.25,5,1,1,2,1,2,4,7,3,7,1,2,1,1.3333333333333333,2,4,2,2.6666666666666665,5,NA,3,4,2,NA,4,2,2.6666666666666665,5,1,1,2,1,2,4,8,7,Movements while using critical thinking or intellectual exercises plus physical movement.,"Secretive study details, possibly facial recognition and nothing else dealing with math.",50,Female,Black,N/A,"Yes, you may use my data in the research.",2 times,1,1,0.13288461538461538,0.03307692307692307,0,0.5961538461538463,FALSE,TRUE,0,FALSE
16233586,26/06/2026 09:11:59,complete,Threat,NaturaPosOne,positive,one,I agree to participate,17,4,4,2,4,3.3333333333333335,5,4,4,4.333333333333333,5,3,5,4.333333333333333,2,2,2,1,1.75,6,6,6,6,6,6,2,6,4,8,1,4,4,3,1,1,1,1,1,1,1,1,2,2,2,1,1.75,6,6,6,6,6,6,1,9,2,5,4,4,4,4,1,1,1,1,1,1,1,1,2,2,2,1,1.75,6,6,6,6,6,6,4,7,3,7,4,4,4,4,1,1,1,1,1,1,1,1,2,2,2,1,1.75,6,6,6,6,6,6,4,8,7,Testing how people react to different tasks and how it affects their mood,Maybe seeing how we react to certain tasks/instructions,34,Male,White,"I wasn't ready for the first task, I didn't realize it was already in progress since I thought the numbers were a countdown to a video feed. I think it would be better to give some type of announcement, or a redo option","Yes, you may use my data in the research.",2 times,1,1,0,2.066730769230769,0,1,TRUE,TRUE,0,FALSE
16233587,26/06/2026 10:11:41,complete,No threat,SmileNegOne,negative,one,I agree to participate,17,4,4,2,3,3,6,5,6,5.666666666666667,7,7,7,7,1,1,1,2,1.25,3,3,3,3,3,3,2,6,4,8,4,4,4,4,4,4,4,4,4,4,4,4,1,1,1,1,1,3,3,3,3,3,3,1,9,2,5,1,1,1,1,1,1,1,1,7,7,7,7,1,1,1,1,1,3,3,3,3,3,3,4,7,3,7,2,7,2,3.6666666666666665,2,2,2,2,7,7,7,7,1,1,1,1,1,3,3,3,3,3,3,4,8,7,to see if emotions hurt your reasoning skills,i d k,46,Male,White,none,"Yes, you may use my data in the research.",2 times,1,1,0.23153846153846153,2.0328846153846154,0,0.7884615384615385,TRUE,TRUE,0,FALSE
16233588,26/06/2026 09:12:19,complete,No threat,NaturaPosTen,positive,ten,I agree to participate,17,4,3,4,3,3.3333333333333335,1,1,1,1,1,1,2,1.3333333333333333,6,5,6,3,5,1,1,1,1,1,1,2,6,4,8,2,2,2,2,1,1,1,1,1,1,1,1,6,5,6,3,5,1,1,1,1,1,1,1,9,2,5,2,2,2,2,1,1,1,1,1,1,1,1,6,5,6,3,5,1,1,1,1,1,1,4,7,3,7,3,2,3,2.6666666666666665,1,1,1,1,1,1,1,1,6,6,6,2,5,1,1,1,1,1,1,4,8,7,I really don't know,to see if I followed instructions,53,Female,Black,no issues,"Yes, you may use my data in the research.",2 times,1,1,0.37725,0.00746153846153845,0.5173076923076924,0.02692307692307691,FALSE,FALSE,0,FALSE
16233589,26/06/2026 10:12:27,complete,No threat,NaturaNegOne,negative,one,I agree to participate,17,4,1,1,1,1,1,1,1,1,1,1,1,1,5,5,5,7,5.5,5,1,1,2,3,2.4,2,6,4,8,1,1,1,1,1,1,1,1,1,1,1,1,5,5,5,5,5,4,1,1,2,2,2,1,9,2,5,1,1,2,1.3333333333333333,1,1,1,1,2,2,4,2.6666666666666665,5,5,5,5,5,5,1,1,3,2,2.4,4,7,3,7,1,1,1,1,1,1,1,1,1,1,1,1,5,5,5,5,5,5,1,1,3,2,2.4,4,8,7,To study how certain instances before seeing a math problem can affect performance and feelings regarding math,I have no clue.  Is it about math anxiety?,44,Female,Mixed,None,"Yes, you may use my data in the research.",2 times,1,1,0,2.289038461538462,0,1,TRUE,TRUE,0,FALSE
16233595,26/06/2026 09:12:53,complete,No threat,SmilePosOne,positive,one,I agree to participate,17,4,1,1,1,1,1,1,1,1,1,1,1,1,2,4,4,4,3.5,2,1,1,1,1,1.2,2,6,4,8,1,1,1,1,1,1,1,1,1,1,1,1,4,4,4,5,4.25,3,1,1,1,1,1.4,1,9,2,5,1,1,1,1,1,1,1,1,1,1,1,1,3,4,4,4,3.75,3,1,1,1,1,1.4,4,7,3,7,1,1,1,1,1,1,1,1,1,1,1,1,3,4,4,5,4,3,1,1,1,1,1.4,4,8,7,I am unsure what the purpose is,NA,28,Female,Other,NA,"Yes, you may use my data in the research.",2 times,1,1,0.4,1.205576923076923,0.07692307692307694,0.6730769230769229,FALSE,TRUE,0,FALSE
16233618,26/06/2026 10:15:22,complete,Threat,SmileNegTen,negative,ten,I agree to participate,17,4,1,1,1,1,1,1,1,1,3,3,4,3.3333333333333335,6,6,7,6,6.25,3,1,2,2,2,2,2,6,4,8,1,1,1,1,1,1,1,1,1,1,1,1,6,6,7,6,6.25,4,1,2,1,2,2,1,9,2,5,1,1,1,1,1,1,1,1,4,3,5,4,6,6,7,6,6.25,4,1,2,1,2,2,4,7,3,7,1,1,1,1,1,1,1,1,2,2,3,2.3333333333333335,6,6,7,6,6.25,4,1,2,1,2,2,4,8,7,Not sure,Why you're doign it,31,Male,White,"The directions for the second movement task were confusing. I thought the faces on the instruction screen were an example, and I was waiting for a set of images in the 10 sets to give me directions for what face I should have.","Yes, you may use my data in the research.",2 times,1,1,0.33128374455732945,0.5015576923076923,0.41894049346879536,1,FALSE,TRUE,0,FALSE
16233626,26/06/2026 10:16:36,complete,Threat,NaturaNegTen,negative,ten,I agree to participate,17,4,1,5,1,2.3333333333333335,1,1,1,1,1,1,1,1,6,7,7,7,6.75,1,1,1,1,1,1,2,6,4,8,1,4,1,2,1,1,1,1,1,1,1,1,6,7,7,7,6.75,1,1,1,1,1,1,1,9,2,5,1,1,1,1,7,1,1,3,7,7,7,7,7,7,7,6,6.75,1,1,1,1,1,1,4,7,3,7,1,1,1,1,7,1,1,3,7,7,7,7,6,7,7,7,6.75,1,1,1,1,1,1,4,8,7,Study how images make people feel.,What the research is used for!,46,Male,White,I did not have any issues.,"Yes, you may use my data in the research.",2 times,1,1,0,0.24963461538461537,0,0.00961538461538461,FALSE,FALSE,0,FALSE
16233634,26/06/2026 07:17:21,complete,No threat,SmilePosOne,positive,one,I agree to participate,17,4,4,4,4,4,1,1,1,1,1,1,1,1,5,4,4,3,4,3,2,2,2,2,2.2,2,6,4,8,5,4,4,4.333333333333333,1,2,1,1.3333333333333333,2,2,2,2,5,5,5,5,5,2,1,1,1,2,1.4,1,9,2,5,5,5,4,4.666666666666667,2,1,2,1.6666666666666667,2,1,2,1.6666666666666667,4,5,5,4,4.5,2,2,1,1,1,1.4,4,7,3,7,5,4,5,4.666666666666667,2,2,2,2,1,2,2,1.6666666666666667,5,5,4,5,4.75,1,2,2,1,1,1.4,4,8,7,To gauge the ability to complete simple math problems after being shown a picture or after doing an unrelated activity.,People that see positive images and do less strenuous tasks perform better than people who see negative images and more strenuous tasks.,26,Male,Other,"The second and third tasks were slightly confusing, it would have great to have an example in the instructions. I believe I completed the tasks correctly, but had to re-read the instructions multiple times before attempting.","Yes, you may use my data in the research.",2 times,1,1,0.9913461538461538,0,0.5769230769230771,0,FALSE,FALSE,0,FALSE
16233636,26/06/2026 10:17:48,complete,No threat,SmilePosOne,positive,one,I agree to participate,17,4,1,1,1,1,2,1,1,1.3333333333333333,2,1,2,1.6666666666666667,3,3,3,2,2.75,4,3,3,5,4,3.8,2,6,4,8,2,1,1,1.3333333333333333,1,1,1,1,2,1,2,1.6666666666666667,3,3,3,2,2.75,4,3,3,3,4,3.4,1,9,2,5,1,1,1,1,3,2,2,2.3333333333333335,1,1,1,1,3,3,3,2,2.75,4,3,3,3,4,3.4,4,7,3,7,2,1,1,1.3333333333333333,1,1,1,1,1,1,1,1,3,3,3,2,2.75,4,3,3,4,4,3.6,4,6,7,See how people deal with annoyances? or aggrevation and how it effects performance.,Im not sure,37,Male,White,I had no issues at all thank you for letting me take part.,"Yes, you may use my data in the research.",2 times,1,1,0,0.6475,0,1,FALSE,TRUE,1,FALSE
16233642,26/06/2026 09:18:17,complete,Threat,SmileNegTen,negative,ten,I agree to participate,17,4,1,1,1,1,1,1,1,1,1,1,1,1,2,2,2,7,3.25,6,3,1,1,2,2.6,2,6,4,8,1,1,1,1,1,1,1,1,1,1,1,1,2,2,2,6,3,6,4,1,3,2,3.2,1,9,2,5,1,1,1,1,1,1,1,1,1,1,1,1,2,2,2,7,3.25,6,4,1,3,2,3.2,4,7,3,7,1,1,1,1,1,1,1,1,1,1,1,1,2,2,2,6,3,6,4,1,3,2,3.2,4,8,7,No idea,I don't know.,41,Male,White,"On the emotion checklist, maybe add angry.  I didn't feel any of the other emotions but when the image of the man holding a dog by its neck with it raised way off the ground I became quite angry with that image, then with the fact that it was shown to me, then with the fact that I had to smile during it.","Yes, you may use my data in the research.",2 times,1,1,2.0649038461538463,2.2672307692307694,1,1,FALSE,FALSE,0,FALSE
16233646,26/06/2026 10:18:46,complete,No threat,NaturaPosOne,positive,one,I agree to participate,17,4,6,6,5,5.666666666666667,1,1,1,1,1,1,1,1,5,6,6,6,5.75,1,1,1,2,1,1.2,2,6,4,8,7,6,6,6.333333333333333,1,1,1,1,1,1,1,1,5,6,6,6,5.75,1,1,1,1,1,1,1,9,2,5,5,1,5,3.6666666666666665,2,1,1,1.3333333333333333,1,2,1,1.3333333333333333,5,6,6,5,5.5,1,1,1,1,1,1,4,7,3,7,3,4,4,3.6666666666666665,5,1,1,2.3333333333333335,4,3,1,2.6666666666666665,5,6,6,6,5.75,1,1,1,1,1,1,4,8,7,not about math...perceptionofmylife maybe after easy/confusing tasks...kind of like life easy or confusing,not math...haha,75,Female,White,"sometimes the font was hard to read ...especially the light blue...and I was laughing some so it interfered with my performance maybe:( (...LOL LOL)
thx for an interesting study...not about ""math"" at all huh??","Yes, you may use my data in the research.",2 times,1,1,0.8178846153846154,1.5609433962264152,0.8076923076923078,0.7735849056603773,FALSE,FALSE,0,FALSE
16233666,26/06/2026 10:21:32,complete,No threat,SmileNegTen,negative,ten,I agree to participate,17,4,1,1,1,1,1,1,1,1,3,1,3,2.3333333333333335,2,3,4,3,3,NA,NA,NA,NA,NA,NA,2,6,4,8,1,3,1,1.6666666666666667,1,1,1,1,3,1,4,2.6666666666666665,2,2,3,2,2.25,7,2,2,4,2,3.4,1,9,2,5,1,1,1,1,1,1,1,1,7,7,7,7,2,2,4,2,2.5,7,2,2,5,2,3.6,4,7,3,7,1,1,1,1,1,1,1,1,7,7,7,7,2,2,4,2,2.5,7,2,2,4,2,3.4,4,8,7,unsure,unsure,29,Female,White,NA,"Yes, you may use my data in the research.",2 times,1,1,0.6338823529411765,0.9631395173453996,0,0.04660633484162895,FALSE,FALSE,0,FALSE
16234036,26/06/2026 10:00:22,complete,Threat,NaturaPosTen,positive,ten,I agree to participate,17,4,2,2,3,2.3333333333333335,3,1,2,2,1,1,1,1,5,5,5,4,4.75,2,3,1,5,2,2.6,2,6,4,8,3,4,5,4,1,1,1,1,1,1,1,1,5,5,5,4,4.75,2,2,2,3,1,2,1,9,2,5,4,4,4,4,2,2,1,1.6666666666666667,1,1,1,1,5,5,5,4,4.75,2,2,2,3,1,2,4,7,3,7,3,3,4,3.3333333333333335,1,2,1,1.3333333333333333,1,1,1,1,5,5,5,4,4.75,2,2,2,4,1,2.2,4,8,7,How good participants can multi-task.,What this study is actually going to be studied for.,29,Female,White,No issues.,"Yes, you may use my data in the research.",2 times,1,1,0.00321153846153846,0.7295896226415094,0,0.3752177068214804,FALSE,FALSE,0,FALSE
16234038,26/06/2026 11:00:28,complete,Threat,SmilePosOne,positive,one,I agree to participate,17,4,1,1,1,1,1,1,1,1,1,1,1,1,3,5,6,2,4,1,1,1,1,1,1,2,6,4,8,1,1,1,1,1,1,1,1,1,1,1,1,3,5,6,1,3.75,1,1,1,1,1,1,1,9,2,5,1,1,1,1,1,1,1,1,1,1,1,1,3,5,6,1,3.75,1,1,1,1,1,1,4,7,3,7,1,1,1,1,1,1,1,1,1,1,1,1,3,5,6,1,3.75,1,1,1,1,1,1,4,8,7,I have no clue.,I have no idea.,52,Male,White,"I missed the first task completely and just watched the 1, 2, 3, 4, 5 not realizing it had already started.  You should have put a countdown timer so we know when to start.","Yes, you may use my data in the research.",2 times,1,1,0,1.4419230769230769,0,1,FALSE,TRUE,0,FALSE
16246310,29/06/2026 08:49:19,complete,No threat,SmilePosOne,positive,one,I agree to participate,17,4,2,1,2,1.6666666666666667,1,1,1,1,3,1,2,2,7,7,7,6,6.75,4,1,1,1,1,1.6,2,6,4,8,1,2,2,1.6666666666666667,1,1,1,1,1,1,1,1,7,7,6,7,6.75,1,1,1,1,1,1,1,9,2,5,1,1,4,2,1,1,1,1,1,1,1,1,7,7,7,6,6.75,3,1,1,1,1,1.4,4,7,3,7,1,4,1,2,1,1,1,1,1,1,1,1,6,7,7,7,6.75,3,1,1,1,1,1.4,4,8,7,To see if physical activity impacts ability to solve math problems,Not sure!,47,Female,White,None!,"Yes, you may use my data in the research.",2 times,1,1,1.265384615384615,3.945192307692308,0,1,TRUE,TRUE,0,FALSE
16246311,29/06/2026 08:55:01,complete,No threat,SmilePosTen,positive,ten,I agree to participate,17,4,1,1,1,1,1,1,1,1,1,1,1,1,1,1,1,1,1,6,6,6,6,6,6,2,6,4,8,1,1,1,1,1,1,1,1,4,1,4,3,1,1,1,1,1,5,5,5,5,5,5,1,9,2,5,7,7,7,7,1,1,1,1,1,1,1,1,1,1,1,1,1,5,5,5,5,5,5,4,7,3,7,7,6,6,6.333333333333333,1,1,1,1,1,1,1,1,1,1,1,1,1,5,5,5,5,5,5,4,8,7,I am not sure but the puppies and kitties made me smile.,I am not sure.,46,Female,White,none,"Yes, you may use my data in the research.",2 times,1,1,1.1253273001508295,1.326936274509804,0.7610105580693816,0.8923076923076922,FALSE,FALSE,0,FALSE
16246312,29/06/2026 08:49:33,complete,Threat,SmileNegOne,negative,one,I agree to participate,17,4,3,3,2,2.6666666666666665,4,6,5,5,5,5,7,5.666666666666667,1,1,1,4,1.75,7,7,4,6,7,6.2,2,6,4,8,1,1,6,2.6666666666666665,6,6,6,6,6,6,6,6,NA,2,2,4,2.6666666666666665,5,5,4,5,5,4.8,1,9,2,5,1,1,1,1,7,5,7,6.333333333333333,7,6,7,6.666666666666667,2,2,2,4,2.5,5,5,4,5,5,4.8,4,7,3,7,1,1,1,1,6,6,6,6,6,6,6,6,2,6,2,2,3,6,6,4,6,6,5.6,4,8,7,I actually have no clue,Not sure. Maybe this study is trying to understand the connection between certain bidy movements and cognition,30,Male,White,NA,"Yes, you may use my data in the research.",2 times,1,1,2.876346153846154,2.181923076923077,1,0.7692307692307692,FALSE,FALSE,0,FALSE
16246319,29/06/2026 08:50:11,complete,No threat,NaturaPosTen,positive,ten,I agree to participate,17,4,1,1,3,1.6666666666666667,1,1,1,1,1,1,1,1,4,4,4,3,3.75,5,3,4,5,4,4.2,2,6,4,8,1,2,2,1.6666666666666667,1,1,1,1,1,1,1,1,3,4,3,3,3.25,5,4,4,5,4,4.4,1,9,2,5,4,3,3,3.3333333333333335,1,1,1,1,1,1,1,1,3,4,NA,3,3.3333333333333335,5,4,4,5,3,4.2,4,7,3,7,5,5,5,5,1,1,1,1,1,1,1,1,4,4,3,3,3.5,4,4,4,5,4,4.2,4,8,7,mood change/facial expression change after watching cute photos ....,"AI training?
",59,Female,White,NA,"Yes, you may use my data in the research.",2 times,1,1,0.0936923076923077,0.04434615384615384,0.22692307692307695,0.01730769230769231,FALSE,FALSE,0,FALSE
16246320,29/06/2026 08:50:16,complete,No threat,SmilePosTen,positive,ten,I agree to participate,17,4,5,3,5,4.333333333333333,1,1,1,1,1,1,1,1,2,1,3,2,2,5,3,4,6,5,4.6,2,6,4,8,2,2,2,2,1,1,1,1,1,1,1,1,3,3,2,2,2.5,6,4,5,6,4,5,1,9,2,5,6,5,5,5.333333333333333,1,1,2,1.3333333333333333,1,1,1,1,3,2,2,3,2.5,5,3,3,5,4,4,4,7,3,7,3,3,3,3,1,2,2,1.6666666666666667,1,1,1,1,2,3,2,2,2.25,5,4,4,6,5,4.8,4,8,7,Smiling at images vs not smiling and feelings of depression and life satisfaction.,That it's not about math at all.,43,Female,Black,No issues.,"Yes, you may use my data in the research.",2 times,0.9923076923076924,0.9769230769230768,0.2894038461538462,1.2351923076923077,0.5442307692307693,0.9769230769230768,FALSE,FALSE,0,TRUE
16246322,29/06/2026 08:50:46,complete,Threat,NaturaNegOne,negative,one,I agree to participate,17,4,4,6,5,5,2,2,2,2,2,2,3,2.3333333333333335,5,6,5,3,4.75,6,5,3,5,5,4.8,2,6,4,8,3,3,4,3.3333333333333335,3,3,2,2.6666666666666665,3,3,4,3.3333333333333335,5,5,4,3,4.25,6,5,4,5,5,5,1,9,2,5,1,1,1,1,5,4,4,4.333333333333333,3,3,3,3,5,5,5,3,4.5,6,5,4,5,5,5,4,7,3,7,3,3,1,2.3333333333333335,3,3,3,3,3,3,5,3.6666666666666665,5,5,4,3,4.25,6,5,4,5,5,5,4,8,7,"Honestly, no idea. Some sort of calibration of facial cues during tasks/surveys.",It's not about math?,35,Female,White,None,"Yes, you may use my data in the research.",2 times,1,1,0.23215686274509809,2.3140384615384617,0,1,TRUE,TRUE,0,FALSE
16246324,29/06/2026 07:50:51,complete,No threat,SmilePosOne,positive,one,I agree to participate,17,4,1,1,1,1,1,1,1,1,1,1,1,1,2,2,2,2,2,2,2,2,1,2,1.8,2,6,4,8,1,1,1,1,1,1,1,1,1,1,1,1,2,2,2,2,2,2,2,2,2,2,2,1,9,2,5,1,1,1,1,1,1,1,1,1,1,1,1,2,2,2,2,2,2,2,2,2,2,2,4,7,3,7,2,2,2,2,1,1,1,1,1,1,1,1,2,2,2,2,2,2,2,2,2,2,2,4,8,7,"I won't lie I have no idea. Usually I at least have a guess, but with this one I'm not sure",Maybe that audio was recorded in between physical activities? That's my only guess,24,Male,White,NA,"Yes, you may use my data in the research.",2 times,1,1,0,2.295,0,1,TRUE,TRUE,0,FALSE
16246326,29/06/2026 08:51:18,complete,Threat,SmileNegOne,negative,one,I agree to participate,17,4,2,3,1,2,1,1,1,1,1,1,1,1,3,4,3,1,2.75,2,4,5,7,6,4.8,2,6,4,8,2,2,2,2,1,1,1,1,1,1,1,1,3,5,4,1,3.25,2,3,5,6,5,4.2,1,9,2,5,3,2,3,2.6666666666666665,1,1,1,1,1,1,1,1,3,5,4,1,3.25,2,4,6,6,6,4.8,4,7,5,7,2,2,1,1.6666666666666667,2,1,1,1.3333333333333333,1,1,1,1,3,4,3,1,2.75,2,4,5,6,6,4.6,4,8,7,multitasking as described and its effects on math problem solving - or th effects of images on mood,movemnets and images effect on mood.,32,Male,White,none,"Yes, you may use my data in the research.",2 times,1,1,0,0.8926923076923077,0,0.5769230769230771,FALSE,TRUE,1,FALSE
16246328,29/06/2026 08:51:21,complete,No threat,SmileNegTen,negative,ten,I agree to participate,17,4,1,1,1,1,1,1,1,1,2,2,2,2,6,5,6,6,5.75,2,1,1,1,2,1.4,2,6,4,8,2,2,2,2,1,1,1,1,1,2,1,1.3333333333333333,6,6,6,6,6,2,1,1,1,2,1.4,1,9,2,5,1,1,1,1,4,1,3,2.6666666666666665,5,5,3,4.333333333333333,6,6,6,6,6,3,4,1,4,3,3,4,7,3,7,1,1,1,1,1,1,1,1,4,4,4,4,6,6,6,6,6,3,3,1,5,2,2.8,4,8,7,to see if my expressions would change seeing bad things,desensitization,44,Male,White,NA,"Yes, you may use my data in the research.",2 times,1,1,1.8974807692307691,1.4289807692307692,1,1,FALSE,FALSE,0,FALSE
16246330,29/06/2026 08:51:24,complete,Threat,NaturaNegTen,negative,ten,I agree to participate,17,4,4,NA,4,4,1,1,1,1,1,1,1,1,5,6,6,5,5.5,5,2,3,3,3,3.2,2,6,4,8,4,1,4,3,1,1,1,1,1,1,1,1,5,4,6,5,5,4,2,2,2,2,2.4,1,9,2,5,1,1,1,1,7,7,NA,7,7,7,7,7,5,4,6,5,5,5,3,3,3,3,3.4,4,7,3,7,1,1,1,1,7,5,6,6,7,7,7,7,6,4,5,5,5,5,3,3,3,3,3.4,4,8,7,test people's reactions/emotions,unsure,26,Female,White,none,"Yes, you may use my data in the research.",2 times,1,1,9.230769230769232e-4,0.09363461538461536,0,0.07115384615384615,FALSE,FALSE,0,FALSE
16246332,29/06/2026 08:51:44,complete,No threat,NaturaPosTen,positive,ten,I agree to participate,17,4,4,2,3,3,1,1,1,1,1,1,1,1,3,4,3,4,3.5,3,4,1,4,5,3.4,2,6,4,8,3,3,3,3,1,1,1,1,1,1,1,1,3,3,3,3,3,3,1,1,1,3,1.8,1,9,2,5,7,6,7,6.666666666666667,2,1,1,1.3333333333333333,1,1,1,1,2,3,3,3,2.75,3,1,1,3,3,2.2,4,7,3,7,6,7,6,6.333333333333333,1,1,1,1,1,1,1,1,4,3,3,3,3.25,3,3,1,3,4,2.8,4,8,7,The purpose of the study was to evaluate individal perceptions and emotions after viewing images while completing multiple tasks.  I would say are there changes in feelings and emotions after viewing positive images.,"Details of the study that had not been disclosed might be how reactions to the images overalll might change how you view your mood after seeing the images.  Unfortunately, I believe that PTSD has set in becaue of the current socioeconomic climate we are experiencing as a collective on a macro scale.  I personnally have recently experienced direct consequenses of having a dictator and pedophile as a president.",55,Female,White,When participating in the study I had no difficulty or issues.,"Yes, you may use my data in the research.",2 times,1,1,0.975173076923077,1.052694847605225,0.5038461538461538,0.4812409288824383,FALSE,FALSE,0,FALSE
16246333,29/06/2026 08:51:42,complete,Threat,SmilePosTen,positive,ten,I agree to participate,17,4,1,3,1,1.6666666666666667,1,1,1,1,1,1,1,1,4,3,6,2,3.75,1,1,1,1,1,1,2,6,4,8,3,3,4,3.3333333333333335,1,1,1,1,1,1,1,1,3,3,5,2,3.25,1,1,1,1,1,1,1,9,2,5,1,2,1,1.3333333333333333,1,1,1,1,1,1,2,1.3333333333333333,3,3,6,1,3.25,1,1,1,1,1,1,4,7,3,7,3,3,3,3,1,1,1,1,1,1,1,1,3,4,5,2,3.5,1,1,1,1,1,1,4,8,7,I thought it was perhaps AI training then again I assumed it was wonder how we pay attention when we are given other tasks to do and do images effect how we feel about ourselves.,"I'm not quite sure, maybe how we see ourselves or selfesteem.",34,Female,Black,I had no issues on my end.,"Yes, you may use my data in the research.",2 times,1,0.9962264150943396,0.5247550798258346,2.2459706095791003,0.00961538461538461,0.9194121915820028,TRUE,TRUE,0,FALSE
16246334,29/06/2026 08:51:42,complete,Threat,NaturaPosTen,positive,ten,I agree to participate,17,4,2,2,2,2,1,1,1,1,4,1,4,3,4,1,7,7,4.75,1,1,1,1,1,1,2,6,4,8,1,1,1,1,1,1,1,1,1,1,1,1,1,1,7,7,4,1,1,1,1,1,1,1,9,2,5,1,1,1,1,1,1,1,1,4,4,1,3,1,1,7,7,4,5,NA,1,1,NA,2.3333333333333335,4,7,3,7,1,1,1,1,1,1,1,1,7,7,7,7,1,1,5,7,3.5,1,1,1,1,1,1,4,8,7,to see if people follow directions,it is a general study,33,Female,Mixed,noje,"Yes, you may use my data in the research.",2 times,0.9961538461538462,0.32794117647058824,0.7686236802413273,0.09720965309200603,0.3805806938159879,0,FALSE,FALSE,0,FALSE
16246336,29/06/2026 08:51:47,complete,No threat,NaturaPosOne,positive,one,I agree to participate,17,4,4,4,4,4,1,1,1,1,1,1,1,1,5,5,6,5,5.25,2,1,1,1,1,1.2,2,6,4,8,4,4,4,4,1,1,1,1,1,1,1,1,5,5,6,5,5.25,2,1,1,1,1,1.2,1,9,2,5,5,5,5,5,1,1,1,1,1,1,1,1,5,5,6,5,5.25,2,1,1,1,1,1.2,4,7,3,7,5,5,5,5,1,1,1,1,1,1,1,1,5,5,6,5,5.25,2,1,1,1,1,1.2,4,8,7,To see the impact of multitasking,Not sure,35,Female,White,NA,"Yes, you may use my data in the research.",2 times,1,1,0.9327450980392156,3.3419607843137253,0.15686274509803916,1,TRUE,TRUE,0,FALSE
16246337,29/06/2026 07:51:49,complete,No threat,NaturaNegOne,negative,one,I agree to participate,17,4,1,2,2,1.6666666666666667,1,1,1,1,1,1,1,1,4,4,5,5,4.5,5,2,1,4,2,2.8,2,6,4,8,2,4,2,2.6666666666666665,1,1,1,1,1,1,1,1,4,4,5,5,4.5,4,2,1,3,2,2.4,1,9,2,5,1,1,1,1,1,1,1,1,3,5,3,3.6666666666666665,4,4,4,5,4.25,4,2,1,3,4,2.8,4,7,3,7,1,1,1,1,4,1,1,2,7,6,3,5.333333333333333,4,4,5,5,4.5,5,2,1,2,2,2.4,4,8,7,Perhaps to see how our emotions may change viewing different pictures while stimulating our minds.,To be honest I'm not sure.  Maybe to judge how we feel emotionally.,66,Male,White,I didn't have any problems with the study.  I did put on headphones because I thought I would need to talk and I wanted to make sure you could hear.  I hope that was okay and if not please let me know and I will return the study.  Thank you,"Yes, you may use my data in the research.",2 times,1,1,0,1.301923076923077,0,0.8269230769230771,FALSE,TRUE,0,FALSE
16246339,29/06/2026 08:51:51,complete,Threat,NaturaPosTen,positive,ten,I agree to participate,17,4,7,7,6,6.666666666666667,5,1,3,3,1,1,1,1,6,6,6,1,4.75,1,1,1,1,1,1,2,6,4,8,7,6,7,6.666666666666667,1,1,1,1,1,1,2,1.3333333333333333,6,6,6,1,4.75,1,1,1,1,1,1,1,9,2,5,7,7,7,7,1,1,1,1,1,1,1,1,6,6,6,1,4.75,1,1,1,1,1,1,4,7,3,7,7,7,7,7,1,1,1,1,1,1,1,1,6,6,6,1,4.75,1,1,1,1,1,1,4,8,7,To see how your body movement correlate to math problems.,I am not sure.,36,Female,White,I had none.,"Yes, you may use my data in the research.",2 times,1,1,0.06698076923076923,2.7374724238026125,0,0.9826923076923076,TRUE,TRUE,0,FALSE
16246340,29/06/2026 07:51:54,complete,Threat,SmileNegTen,negative,ten,I agree to participate,17,4,1,1,1,1,1,1,1,1,1,1,1,1,3,2,4,2,2.75,2,2,2,3,2,2.2,2,6,4,8,1,1,1,1,2,1,1,1.3333333333333333,1,1,1,1,2,2,2,2,2,6,5,5,5,5,5.2,1,9,2,5,1,1,1,1,5,4,4,4.333333333333333,4,4,4,4,2,2,3,5,3,2,1,2,3,1,1.8,4,7,3,7,1,1,1,1,6,4,4,4.666666666666667,5,5,5,5,2,2,2,2,2,6,6,6,6,6,6,4,8,7,To see if emotions naturally changed as a reaction to violent images and if it caused a delay in answering math problems.,"Maybe that I'm supposed to feel worse after everything I saw and should have at least a little delay in answering problems. However, since I didn't do any math at the very beginning, I'm not sure how to show how quickly I would normally do a math problem.",38,Female,White,"At first I was thinking of the emotional responses in relation to the task I was doing and then it occurred to me that it was probably how I was feeling after seeing the images. Not sure which was right, but based on the wording in the study, I just wasn't sure. I do have a neurodivergent mind, but I am usually able to complete tasks like anyone else. However, additional instructions benefit people like me. Thank you.","Yes, you may use my data in the research.",2 times,1,1,0.11696153846153848,2.219826923076923,0,0.7596153846153846,TRUE,TRUE,0,FALSE
16246344,29/06/2026 08:52:00,complete,No threat,NaturaPosTen,positive,ten,I agree to participate,17,4,5,4,2,3.6666666666666665,1,1,1,1,1,1,2,1.3333333333333333,1,2,2,1,1.5,5,5,2,6,4,4.4,2,6,NA,8,3,3,2,2.6666666666666665,1,1,1,1,1,1,1,1,1,2,2,1,1.5,5,4,3,7,4,4.6,5,9,2,5,5,4,5,4.666666666666667,1,1,1,1,1,1,1,1,1,2,2,1,1.5,5,4,4,7,4,4.8,4,7,3,7,5,3,5,4.333333333333333,1,1,1,1,1,1,1,1,1,2,1,1,1.25,5,4,3,6,4,4.4,4,8,NA,Unkown,Unknown,47,Prefer not to answer,White,NA,"Yes, you may use my data in the research.",2 times,1,1,1.9230769230769225e-5,0.013,0,0.02307692307692308,FALSE,FALSE,3,FALSE
16246345,29/06/2026 08:52:05,complete,Threat,NaturaPosOne,positive,one,I agree to participate,17,NA,2,2,2,2,2,2,2,2,2,4,5,3.6666666666666665,2,1,1,1,1.25,7,NA,1,6,5,4.75,6,6,4,8,5,5,4,4.666666666666667,1,1,1,1,5,1,1,2.3333333333333335,3,3,2,1,2.25,5,1,1,5,4,3.2,1,9,2,5,2,3,3,2.6666666666666665,4,3,3,3.3333333333333335,5,5,5,5,1,1,1,1,1,7,1,3,6,7,4.8,4,7,3,7,3,4,NA,3.5,4,4,4,4,4,4,3,3.6666666666666665,1,1,1,1,1,7,3,1,7,5,4.6,4,8,7,"To discover the connection betweem body movement, visual cues and mood","What you do can influence how you feel more than what you see. You're trying to determine if that's true, and if so, which movements or thoughts have the strongest effect",59,Male,White,"None. Surprisingly, the tap your nose test made me feel better for some reason. The fake smile thing annoyed me.","Yes, you may use my data in the research.",1 time,1,1,0,3.1971153846153846,0,1,TRUE,TRUE,2,FALSE
16246347,29/06/2026 05:52:25,complete,No threat,SmileNegTen,negative,ten,I agree to participate,17,4,2,2,1,1.6666666666666667,4,1,1,2,3,2,3,2.6666666666666665,2,2,2,1,1.75,5,2,1,3,1,2.4,2,6,4,8,2,2,3,2.3333333333333335,4,1,1,2,1,2,1,1.3333333333333333,2,2,1,1,1.5,4,1,1,2,1,1.8,1,9,2,5,1,1,1,1,3,1,1,1.6666666666666667,5,2,1,2.6666666666666665,2,2,2,1,1.75,5,1,1,2,1,2,4,7,3,7,1,2,2,1.6666666666666667,3,1,1,1.6666666666666667,2,2,2,2,2,2,1,1,1.5,5,1,1,2,2,2.2,4,8,7,To know how people react to maths,NA,26,Male,Black,"It was a bit slow but aside from that, everything went well","Yes, you may use my data in the research.",2 times,0.9923076923076924,0.9844630467571645,0.5388665309200603,1.0392200150829562,0.00384615384615384,0.06996078431372549,FALSE,FALSE,0,FALSE
16246348,29/06/2026 08:52:09,complete,Threat,SmileNegTen,negative,ten,I agree to participate,17,4,1,4,1,2,1,1,1,1,1,NA,2,1.5,2,5,6,1,3.5,2,2,2,2,2,2,2,6,4,8,1,1,1,1,1,1,1,1,4,4,4,4,5,5,NA,1,3.6666666666666665,1,1,1,1,1,1,1,9,2,5,1,1,1,1,6,1,1,2.6666666666666665,7,7,7,7,5,5,5,1,4,1,1,1,1,1,1,4,7,3,7,1,1,1,1,7,1,1,3,7,7,7,7,5,5,5,1,4,1,1,1,1,1,1,4,8,7,?,?,76,Male,White,In the first set on pictures I had a muscle spasm in my right jaw while trying to maintain the smile. Sorry...,"Yes, you may use my data in the research.",1 time,1,1,0,0.8781309869375906,0,0.5038461538461538,FALSE,TRUE,0,FALSE
16246349,29/06/2026 07:52:22,complete,Threat,NaturaPosOne,positive,one,I agree to participate,17,4,1,1,1,1,1,1,1,1,2,2,2,2,2,3,3,2,2.5,2,2,2,6,2,2.8,2,6,4,8,1,1,1,1,1,1,1,1,1,1,1,1,3,2,1,4,2.5,1,1,1,5,1,1.8,1,9,2,5,1,1,1,1,1,1,1,1,1,1,5,2.3333333333333335,4,4,4,4,4,1,2,1,7,1,2.4,4,7,3,7,1,1,1,1,1,1,1,1,1,1,1,1,4,4,4,4,4,1,1,1,7,1,2.2,4,8,7,not sure,unsure,37,Female,White,NA,"Yes, you may use my data in the research.",2 times,1,1,0.9850980392156864,2.4570588235294117,0,1,FALSE,TRUE,0,FALSE
16246351,29/06/2026 08:52:26,complete,Threat,NaturaNegTen,negative,ten,I agree to participate,17,4,1,1,1,1,1,1,1,1,3,1,3,2.3333333333333335,5,4,3,5,4.25,3,1,1,1,1,1.4,2,6,4,8,1,1,1,1,1,1,1,1,2,2,2,2,4,4,4,4,4,2,1,1,1,1,1.2,1,9,2,5,1,1,1,1,1,1,1,1,1,2,2,1.6666666666666667,4,4,4,4,4,2,1,1,1,1,1.2,4,7,3,7,1,1,1,1,5,1,1,2.3333333333333335,4,3,3,3.3333333333333335,4,4,4,4,4,2,1,1,1,1,1.2,4,8,7,i have no idea to be honest.,testing basic skills,40,Male,Black,no issues,"Yes, you may use my data in the research.",2 times,1,1,0,0,0.00196078431372548,0.00776772247360482,FALSE,FALSE,0,FALSE
16246352,29/06/2026 08:52:40,complete,No threat,NaturaNegOne,negative,one,I agree to participate,17,4,5,5,4,4.666666666666667,1,1,1,1,1,1,1,1,7,7,7,7,7,1,1,1,1,1,1,2,6,4,8,3,3,2,2.6666666666666665,1,1,1,1,1,1,1,1,7,7,7,7,7,1,1,1,1,1,1,1,9,2,5,4,5,5,4.666666666666667,1,1,1,1,1,1,1,1,7,7,7,7,7,1,1,1,1,1,1,4,7,3,7,3,4,3,3.3333333333333335,1,1,1,1,1,1,1,1,7,7,7,7,7,1,1,1,1,1,1,4,8,7,not sure,not sure,60,Male,White,was a little confused at first,"Yes, you may use my data in the research.",2 times,1,1,0.33442307692307693,0.14211538461538462,0,0,FALSE,FALSE,0,FALSE
16246353,29/06/2026 06:52:41,complete,Threat,NaturaNegTen,negative,ten,I agree to participate,17,4,1,2,1,1.3333333333333333,1,1,1,1,1,1,1,1,1,3,1,1,1.5,4,7,7,7,7,6.4,2,6,4,8,1,1,1,1,1,1,1,1,1,1,1,1,1,3,1,1,1.5,3,7,7,7,7,6.2,1,9,2,5,1,1,1,1,3,1,1,1.6666666666666667,3,3,3,3,1,1,1,1,1,7,7,7,7,7,7,4,7,3,7,1,1,1,1,3,1,1,1.6666666666666667,3,3,3,3,1,3,1,1,1.5,4,7,7,7,7,6.4,4,8,7,"Absolutely no idea what this study is testing, but there's no way it has anything to do with having to add or substract numbers correctly.",Still curious to find out since I have no idea. I really do not have any idea.,54,Female,White,No issues that I know of.,"Yes, you may use my data in the research.",2 times,1,1,0,2.375955882352941,0,0.992156862745098,TRUE,TRUE,0,FALSE
16246354,29/06/2026 08:52:41,complete,Threat,SmilePosOne,positive,one,I agree to participate,17,4,1,1,1,1,1,1,1,1,1,1,1,1,2,4,4,4,3.5,1,1,1,3,2,1.6,2,6,4,8,1,1,1,1,1,1,1,1,1,1,1,1,3,3,4,4,3.5,1,1,1,1,1,1,1,9,2,5,1,NA,NA,1,1,1,1,1,1,1,1,1,2,4,4,4,3.5,1,1,1,1,1,1,4,7,3,7,1,1,1,1,1,1,1,1,1,1,1,1,4,3,4,3,3.5,1,1,1,1,1,1,4,8,7,I am not sure.,Brain stimulation I am not sure.,48,Female,Black,NA,"Yes, you may use my data in the research.",2 times,1,1,0.8009615384615384,2.179607843137255,1,1,FALSE,FALSE,0,FALSE
16246355,29/06/2026 08:52:45,complete,Threat,SmileNegOne,negative,one,I agree to participate,17,4,4,4,4,4,2,1,1,1.3333333333333333,1,1,1,1,6,6,6,1,4.75,3,1,1,1,1,1.4,2,6,4,8,5,4,3,4,2,1,1,1.3333333333333333,1,1,1,1,6,6,6,2,5,2,1,1,1,1,1.2,1,9,2,5,4,4,4,4,1,1,1,1,1,1,1,1,6,6,6,1,4.75,2,1,1,1,1,1.2,4,7,3,7,3,1,3,2.3333333333333335,2,1,1,1.3333333333333333,1,1,1,1,6,6,6,2,5,2,1,1,1,1,1.2,4,8,7,"can people follow the instructions even when they see something is wrong,",may be about hand eye coordination and its not definitely about math,43,Female,Asian,everything was clear,"Yes, you may use my data in the research.",2 times,1,1,1.3226923076923078,0.916346153846154,0.8269230769230771,0.48076923076923106,FALSE,FALSE,0,FALSE
16246357,29/06/2026 07:52:57,complete,Threat,NaturaNegOne,negative,one,I agree to participate,17,4,3,3,2,2.6666666666666665,1,1,3,1.6666666666666667,3,3,2,2.6666666666666665,5,4,5,6,5,4,1,1,2,2,2,2,6,4,8,4,2,3,3,1,1,1,1,1,1,1,1,6,6,6,1,4.75,3,1,1,1,1,1.4,1,9,2,5,1,1,1,1,7,6,NA,6.5,6,7,6,6.333333333333333,6,6,6,1,4.75,3,1,1,1,1,1.4,4,7,3,7,1,1,1,1,5,5,4,4.666666666666667,4,5,5,4.666666666666667,5,6,6,2,4.75,4,1,1,1,1,1.6,4,8,7,To see if your mood or percetions on life after viewing sad/disturbing things.,I'm not sure,46,Female,White,NA,"Yes, you may use my data in the research.",2 times,1,1,0.0180392156862745,2.4880392156862743,0,0.8431372549019609,TRUE,TRUE,0,FALSE
16246359,29/06/2026 07:53:07,complete,No threat,NaturaNegTen,negative,ten,I agree to participate,17,NA,1,2,2,1.6666666666666667,1,1,1,1,2,1,1,1.3333333333333333,2,2,1,1,1.5,6,6,6,5,5,5.6,2,6,4,8,2,4,2,2.6666666666666665,1,1,1,1,1,1,1,1,2,2,2,1,1.75,6,5,5,6,4,5.2,1,9,2,5,1,1,1,1,1,1,1,1,1,1,1,1,1,2,2,2,1.75,6,5,6,3,5,5,4,7,3,7,1,1,1,1,5,5,4,4.666666666666667,2,3,1,2,1,2,2,2,1.75,6,5,5,6,5,5.4,4,8,7,I have no clue.,I do not have any idea.,68,Female,White,none,"Yes, you may use my data in the research.",1 time,1,1,0,0.6058846153846154,0,0.14423076923076922,FALSE,FALSE,1,FALSE
16246360,29/06/2026 07:53:03,complete,No threat,SmileNegOne,negative,one,I agree to participate,17,4,1,4,1,2,1,1,1,1,1,1,1,1,5,6,6,4,5.25,4,1,1,1,1,1.6,2,6,4,8,2,4,3,3,1,1,1,1,1,1,1,1,5,6,6,5,5.5,4,1,1,1,1,1.6,1,9,2,5,1,1,1,1,1,1,1,1,4,2,4,3.3333333333333335,5,5,6,4,5,4,1,1,1,1,1.6,4,7,3,7,1,1,1,1,1,1,1,1,5,5,5,5,5,6,6,4,5.25,4,1,1,2,1,1.8,4,8,7,Do see how physical or mental stress can affect someones ability to do math,if I have to guess it would be to see how a person handles irritation from inconveinance,49,Female,White,"I never saw faces to copyt their facial expressions. I just saw three pictures. One of a sickly looking dog, or someone putting a wallet in a pocket or taking it out. And a car. I did not understand what do do in this instance.","Yes, you may use my data in the research.",2 times,1,1,0.0023076923076923,0.00117647058823529,0,0,FALSE,FALSE,0,FALSE
16246362,29/06/2026 07:53:10,complete,No threat,NaturaNegOne,negative,one,I agree to participate,17,4,1,1,NA,1,1,1,1,1,1,1,1,1,6,6,5,1,4.5,2,1,1,1,1,1.2,2,6,4,8,2,1,2,1.6666666666666667,1,1,1,1,1,1,1,1,6,6,6,2,5,1,1,1,1,1,1,1,9,2,5,1,1,1,1,3,1,2,2,4,3,1,2.6666666666666665,5,5,5,2,4.25,1,1,1,1,1,1,4,7,3,7,3,1,3,2.3333333333333335,1,1,1,1,1,1,1,1,6,6,7,2,5.25,1,1,1,1,1,1,4,8,7,No idea.,No idea.,32,Male,White,None. Have a good day!,"Yes, you may use my data in the research.",2 times,1,1,0.08192307692307693,2.5292307692307694,0.01923076923076921,1,TRUE,TRUE,0,FALSE
16246363,29/06/2026 08:53:10,complete,Threat,SmilePosTen,positive,ten,I agree to participate,17,4,2,2,4,2.6666666666666665,1,1,1,1,2,2,2,2,5,5,5,3,4.5,5,3,2,3,3,3.2,2,6,4,8,4,5,3,4,1,1,1,1,1,1,1,1,5,5,5,5,5,5,2,2,2,2,2.6,1,9,2,5,4,4,4,4,1,1,1,1,1,2,2,1.6666666666666667,3,NA,5,5,4.333333333333333,4,2,2,2,3,2.6,4,7,3,7,7,6,6,6.333333333333333,1,1,1,1,NA,1,1,1,5,5,5,5,5,4,2,2,2,2,2.4,4,8,7,to see how people actually follow a succession of assorted random directions,that it had nothing to do with math and everything to do with phychology,49,Female,White,None this was fun glad I finally got in whose morning couldnt use some puppies and kittens and a little math warmup!,"Yes, you may use my data in the research.",2 times,1,1,0.5675848416289593,2.540003016591252,0.3335595776772247,0.9647812971342384,TRUE,TRUE,0,FALSE
16246364,29/06/2026 08:53:11,complete,No threat,NaturaNegTen,negative,ten,I agree to participate,17,4,1,1,1,1,1,1,1,1,6,6,1,4.333333333333333,5,5,6,3,4.75,6,1,1,1,1,2,4,6,4,8,1,1,1,1,1,1,1,1,1,1,1,1,5,5,5,3,4.5,6,1,1,1,1,2,1,9,2,5,1,1,1,1,1,1,1,1,5,5,6,5.333333333333333,5,5,5,3,4.5,6,1,1,1,1,2,4,7,3,8,1,1,1,1,1,1,1,1,6,6,6,6,5,5,5,3,4.5,6,1,1,1,1,2,4,6,7,how pictures trauma affects memory recall,na,54,Female,Black,NA,"Yes, you may use my data in the research.",2 times,1,1,2.2263668929110105,2.3989879336349924,0.8162518853695324,0.9980769230769232,FALSE,FALSE,3,FALSE
16246365,29/06/2026 08:53:15,complete,Threat,NaturaPosOne,positive,one,I agree to participate,17,4,1,1,2,1.3333333333333333,1,1,1,1,1,1,1,1,6,6,6,6,6,1,1,1,1,1,1,2,6,4,8,4,4,4,4,1,1,1,1,1,1,1,1,6,6,6,6,6,1,1,1,1,1,1,1,9,2,5,4,5,4,4.333333333333333,1,1,1,1,1,1,1,1,6,6,6,6,6,1,1,1,1,1,1,4,7,3,7,4,4,5,4.333333333333333,1,1,1,1,1,1,1,1,6,6,6,6,6,1,1,1,1,1,1,4,8,7,"To see if I follow instructions?  Or, maybe, how does my brain react to seeing images that evoke emotion(s) and does that affect how my brain processes doing math which  uses the same/different parts of the brain?",Emotion and how it affects brain function,62,Male,White,"
i had no issues.","Yes, you may use my data in the research.",2 times,1,1,0,0.04647058823529412,0,0,FALSE,FALSE,0,FALSE
16246366,29/06/2026 08:53:15,complete,No threat,NaturaNegTen,negative,ten,I agree to participate,17,4,4,4,4,4,2,2,3,2.3333333333333335,2,2,2,2,5,5,5,4,4.75,4,2,2,3,4,3,2,6,4,8,4,4,4,4,1,1,1,1,1,1,1,1,5,5,5,5,5,4,1,1,2,2,2,1,9,2,5,1,1,1,1,5,3,3,3.6666666666666665,5,5,5,5,5,5,5,5,5,4,1,2,2,3,2.4,4,7,3,7,1,2,1,1.3333333333333333,5,4,4,4.333333333333333,5,5,3,4.333333333333333,5,5,5,5,5,5,1,3,4,3,3.2,4,8,7,I have no clue,I cant figure out what you were looking for. It would be interesting to know.,71,Male,White,I might not have understood the first one completely but I did blink,"Yes, you may use my data in the research.",2 times,1,1,0,1.5878076923076925,0,1,TRUE,TRUE,0,FALSE
16246367,29/06/2026 08:52:49,complete,No threat,SmilePosTen,positive,ten,I agree to participate,17,4,1,1,1,1,1,1,1,1,1,1,1,1,5,5,5,5,5,5,2,1,1,2,2.2,2,6,4,8,1,1,1,1,1,1,1,1,1,1,1,1,5,5,5,5,5,4,2,1,2,2,2.2,1,9,2,5,2,1,2,1.6666666666666667,1,1,1,1,1,1,1,1,5,5,5,5,5,4,2,1,2,2,2.2,4,7,3,7,2,1,2,1.6666666666666667,1,1,1,1,1,1,1,1,5,5,5,5,5,4,2,1,2,2,2.2,4,8,7,not sure,not sure,36,Transgender Male,Black,"I was a little slow with blinking on the first trial with my left hand behind my head, sorry! I only blinked like 2 or 3 times before the screen moved on. I had been paying attention, I was just slightly confused by the directions until it started counting. I thought the numbers were a countdown at first, I thought I would be counting for myself not having the computer count to 5 for me.","Yes, you may use my data in the research.",2 times,1,1,0.5354142376688038,3.6704455602537,0,0.8714587737843552,TRUE,TRUE,0,FALSE
16246368,29/06/2026 08:53:37,complete,Threat,NaturaPosOne,positive,one,I agree to participate,17,4,4,4,4,4,4,2,3,3,5,6,5,5.333333333333333,5,6,6,5,5.5,1,1,1,1,1,1,2,6,4,8,5,3,3,3.6666666666666665,1,1,1,1,2,2,2,2,7,6,6,6,6.25,1,1,1,1,1,1,1,9,2,5,5,3,5,4.333333333333333,1,1,1,1,4,4,4,4,7,6,6,6,6.25,1,1,1,1,1,1,4,7,3,7,6,5,6,5.666666666666667,1,1,1,1,2,3,2,2.3333333333333335,7,6,7,6,6.5,1,1,1,1,1,1,4,8,7,Psychological evaluation,Perhaps but I am not exactly sure what those details could be,45,Female,Black,None,"Yes, you may use my data in the research.",2 times,NA,NA,NA,NA,NA,NA,NA,NA,0,FALSE
16246370,29/06/2026 08:53:30,complete,Threat,SmileNegTen,negative,ten,I agree to participate,17,4,1,1,1,1,1,1,1,1,6,5,6,5.666666666666667,7,7,7,3,6,3,1,1,1,1,1.4,2,6,4,8,1,1,1,1,1,1,1,1,4,4,4,4,7,7,7,3,6,3,1,1,1,1,1.4,1,9,2,5,1,1,1,1,7,7,6,6.666666666666667,7,6,4,5.666666666666667,7,7,7,3,6,3,1,1,1,1,1.4,4,7,3,7,1,1,1,1,7,6,6,6.333333333333333,6,6,6,6,7,7,7,3,6,3,1,1,1,1,1.4,4,8,7,I am really not sure.,I have no idea.,54,Female,White,NA,"Yes, you may use my data in the research.",0 times,1,1,0.01144230769230769,0.05294343891402715,0,0,FALSE,FALSE,0,FALSE
16246371,29/06/2026 08:53:30,complete,Threat,SmilePosTen,positive,ten,I agree to participate,17,4,3,3,3,3,3,2,1,2,2,2,2,2,5,5,5,4,4.75,3,2,2,2,2,2.2,2,6,4,8,2,2,2,2,1,1,1,1,1,2,2,1.6666666666666667,5,5,5,4,4.75,3,1,1,2,1,1.6,1,9,2,5,3,2,2,2.3333333333333335,2,1,1,1.3333333333333333,3,2,3,2.6666666666666665,5,5,5,4,4.75,3,2,2,2,1,2,4,7,3,7,2,3,2,2.3333333333333335,3,1,1,1.6666666666666667,2,2,2,2,5,5,5,4,4.75,3,1,1,2,1,1.6,4,8,7,test my cognitative skills and emotional responses.,You are tracking my motivations.,27,Male,White,none,"Yes, you may use my data in the research.",2 times,1,1,0.3689807692307692,2.9212884615384613,0.01538461538461538,1,TRUE,TRUE,0,FALSE
16246372,29/06/2026 05:53:32,complete,No threat,SmileNegTen,negative,ten,I agree to participate,17,4,1,1,4,2,1,1,1,1,1,1,3,1.6666666666666667,2,2,2,2,2,3,3,4,3,3,3.2,2,6,4,8,4,1,1,2,1,1,1,1,1,1,1,1,2,2,2,6,3,6,6,6,6,6,6,1,9,4,5,1,1,1,1,5,1,1,2.3333333333333335,4,2,5,3.6666666666666665,2,1,3,2,2,4,4,3,4,6,4.2,4,7,3,7,1,1,1,1,5,1,1,2.3333333333333335,5,6,5,5.333333333333333,1,1,1,1,1,5,4,4,5,4,4.4,4,8,7,That is the $1000 question.,I honestly dont' know but can't wait to find out.,NA,Male,Mixed,It was interesting doing the math problems and the phyiscal activity that you were asking while I was looking at images I was trying to figure out what it is that your measuring.,"Yes, you may use my data in the research.",2 times,0.9773584905660376,1,0.06585341074020319,1.5721650943396226,0,0.6385703918722787,TRUE,TRUE,1,FALSE
16246373,29/06/2026 08:53:34,complete,Threat,SmileNegOne,negative,one,I agree to participate,17,4,1,1,1,1,1,1,1,1,2,1,2,1.6666666666666667,5,6,6,6,5.75,3,1,1,2,3,2,2,6,4,8,1,2,2,1.6666666666666667,1,1,1,1,1,1,1,1,5,6,6,6,5.75,2,1,1,1,1,1.2,1,9,2,5,1,1,2,1.3333333333333333,1,1,1,1,1,1,1,1,5,6,6,6,5.75,3,1,1,1,2,1.6,4,7,3,7,1,1,1,1,2,1,1,1.3333333333333333,1,1,1,1,5,6,6,6,5.75,2,2,1,1,2,1.6,4,8,7,Something related to the effect of images on emotion? I'm not sure if this study is truly related to math.,Something related emotion as it relates to images of different scenarios/have different emotional connotations.,22,Gender variant / non-conforming,Mixed,"For the first motion, I didn't realize how immeaditely the recording started, so there is a slight delay in my movement. I did perform the whole action, but I'm not sure if the recording captured all of it.","Yes, you may use my data in the research.",2 times,1,1,0,2.749423076923077,0,1,TRUE,TRUE,0,FALSE
16246375,29/06/2026 05:53:38,complete,No threat,SmilePosOne,positive,one,I agree to participate,17,4,5,3,3,3.6666666666666665,4,3,3,3.3333333333333335,5,5,5,5,2,2,2,2,2,5,3,5,6,6,5,2,6,4,8,2,2,2,2,3,2,2,2.3333333333333335,7,7,7,7,1,1,1,1,1,7,7,7,7,7,7,1,9,2,5,4,3,3,3.3333333333333335,4,3,3,3.3333333333333335,6,5,6,5.666666666666667,2,2,2,2,2,7,7,7,7,7,7,4,7,3,7,3,3,3,3,3,3,3,3,7,7,7,7,1,1,1,1,1,7,7,7,7,7,7,4,8,7,AI face monitoring,AI facde monitoring,30,Female,Black,The study is very repetetive.,"Yes, you may use my data in the research.",2 times,1,1,0.10826923076923076,0.0171153846153846,0,0,FALSE,FALSE,0,FALSE
16246376,29/06/2026 08:53:38,complete,No threat,NaturaPosOne,positive,one,I agree to participate,17,4,1,1,1,1,1,1,1,1,1,1,1,1,6,5,6,5,5.5,4,4,4,5,5,4.4,2,6,4,8,4,4,4,4,1,1,1,1,1,1,1,1,6,6,6,5,5.75,4,4,4,5,4,4.2,1,9,2,5,5,4,5,4.666666666666667,1,1,1,1,1,1,1,1,6,6,6,5,5.75,4,4,4,5,4,4.2,4,7,3,7,5,1,5,3.6666666666666665,1,1,1,1,1,1,NA,1,6,6,6,5,5.75,4,4,4,5,3,4,4,8,7,to see if images affect how the logical brain works,how images can affect mood and well being,55,Female,White,NA,"Yes, you may use my data in the research.",2 times,1,1,0.02076923076923077,0.7813461538461539,0,0.28846153846153855,FALSE,FALSE,0,FALSE
16246378,29/06/2026 08:53:54,complete,No threat,SmileNegTen,negative,ten,I agree to participate,17,4,4,4,4,4,1,1,1,1,1,1,1,1,5,5,6,5,5.25,3,1,NA,1,1,1.5,2,6,4,8,1,1,2,1.3333333333333333,1,1,1,1,1,1,1,1,5,5,6,5,5.25,2,1,1,1,1,1.2,1,9,2,5,1,1,1,1,3,3,3,3,3,3,3,3,5,5,5,5,5,2,1,1,1,NA,1.25,4,7,3,7,1,1,1,1,3,NA,3,3,2,2,NA,2,5,5,5,5,5,2,1,1,2,1,1.4,4,8,7,The effect of certain tasks on emotions,That our facial expressions show the impact,67,Female,White,NA,"Yes, you may use my data in the research.",2 times,1,1,2.9126153846153846,3.5604769984917044,1,0.9901960784313726,FALSE,FALSE,0,TRUE
16246379,29/06/2026 07:53:59,complete,No threat,SmilePosOne,positive,one,I agree to participate,17,4,1,1,1,1,1,1,1,1,1,1,1,1,3,3,5,1,3,5,1,1,1,1,1.8,2,6,4,8,3,3,3,3,1,1,1,1,1,1,1,1,3,3,5,1,3,6,1,NA,1,1,2.25,1,9,2,5,1,1,1,1,1,1,1,1,1,1,1,1,3,3,6,1,3.25,6,1,1,1,1,2,4,7,3,7,3,3,3,3,1,1,1,1,1,1,1,1,3,3,5,1,3,6,1,1,1,1,2,4,8,7,I'm not sure.,I'm not really sure.,39,Female,White,NA,"Yes, you may use my data in the research.",2 times,1,1,0,0,0,0,FALSE,FALSE,0,FALSE
16246380,29/06/2026 08:54:01,complete,Threat,SmileNegOne,negative,one,I agree to participate,17,4,3,4,3,3.3333333333333335,3,1,1,1.6666666666666667,1,1,1,1,3,5,5,4,4.25,4,1,1,4,2,2.4,2,6,4,8,2,4,3,3,2,1,1,1.3333333333333333,2,2,1,1.6666666666666667,6,5,5,4,5,4,1,1,2,3,2.2,1,9,2,5,2,3,2,2.3333333333333335,2,1,1,1.3333333333333333,3,1,2,2,5,5,5,4,4.75,4,1,1,2,1,1.8,4,7,3,7,1,3,1,1.6666666666666667,1,2,2,1.6666666666666667,2,2,1,1.6666666666666667,5,5,5,4,4.75,4,2,1,2,2,2.2,4,8,7,I think the purpose of this study is to see how doing physical activities affect how you view yourself.,I don't think the study is related to math at all.,19,Male,Mixed,I did not completely understand what I was supposed to do for the third activity.,"Yes, you may use my data in the research.",2 times,1,1,0,1.8103846153846157,0,1,TRUE,TRUE,0,FALSE
16246381,29/06/2026 08:54:16,complete,No threat,NaturaNegOne,negative,one,I agree to participate,17,4,2,1,1,1.3333333333333333,3,3,3,3,2,3,3,2.6666666666666665,3,2,7,1,3.25,1,1,1,1,1,1,2,6,4,8,2,1,1,1.3333333333333333,3,4,4,3.6666666666666665,1,1,1,1,5,5,7,1,4.5,1,1,1,1,1,1,1,9,2,5,1,1,1,1,5,5,5,5,2,1,1,1.3333333333333333,3,2,7,1,3.25,1,1,1,1,1,1,4,7,3,7,3,3,1,2.3333333333333335,1,1,NA,1,1,1,1,1,5,2,7,1,3.75,1,1,1,1,1,1,4,8,7,no idea,the real purpose of the study,45,Female,White,NA,"Yes, you may use my data in the research.",1 time,0,0,0,0,0,0,FALSE,FALSE,0,FALSE
16246382,29/06/2026 08:54:20,complete,No threat,SmileNegTen,negative,ten,I agree to participate,17,4,1,1,1,1,1,1,1,1,1,1,1,1,3,5,4,3,3.75,3,2,1,2,2,2,2,6,4,8,1,1,1,1,1,1,1,1,2,2,2,2,4,4,4,4,4,5,1,1,2,2,2.2,1,9,2,5,2,2,2,2,2,1,1,1.3333333333333333,4,2,4,3.3333333333333335,3,3,3,3,3,3,2,1,2,2,2,4,7,3,7,1,1,1,1,1,1,1,1,3,2,3,2.6666666666666665,3,3,3,3,3,5,2,1,2,2,2.4,4,8,7,Whether exerting anything physical or mental affects math comprehension,Not sure,42,Male,White,No issues,"Yes, you may use my data in the research.",2 times,1,1,0.00898076923076923,2.850846153846154,0.01153846153846153,0.9923076923076924,TRUE,TRUE,0,FALSE
16246384,29/06/2026 07:54:29,complete,No threat,SmileNegTen,negative,ten,I agree to participate,17,4,1,2,2,1.6666666666666667,1,1,1,1,4,1,1,2,4,5,3,2,3.5,7,4,2,5,5,4.6,2,6,4,8,2,4,4,3.3333333333333335,1,1,1,1,1,1,1,1,4,5,3,2,3.5,7,2,1,5,5,4,1,9,2,5,2,4,2,2.6666666666666665,1,1,1,1,1,1,1,1,3,5,3,2,3.25,7,2,1,5,5,4,4,7,3,7,1,4,2,2.3333333333333335,1,1,1,1,1,1,1,1,3,5,3,2,3.25,7,4,1,5,5,4.4,4,8,7,math and facial recognition,i honestly have no idea,31,Female,White,NA,"Yes, you may use my data in the research.",2 times,1,1,0,0.06596153846153846,0,0,FALSE,FALSE,0,FALSE
16246385,29/06/2026 07:54:30,complete,Threat,NaturaPosTen,positive,ten,I agree to participate,17,4,3,3,3,3,1,1,1,1,1,2,2,1.6666666666666667,5,6,6,6,5.75,3,1,1,2,4,2.2,2,6,4,8,1,1,1,1,1,1,1,1,1,1,1,1,6,6,6,6,6,2,1,1,2,2,1.6,1,9,2,5,2,2,2,2,1,1,1,1,3,2,3,2.6666666666666665,6,6,6,6,6,3,1,1,1,2,1.6,4,7,3,7,5,5,5,5,1,1,1,1,1,1,NA,1,6,6,6,6,6,2,1,1,1,2,1.4,4,8,7,How certain stimuli effect one's mood or emotions.,I am not sure.,47,Male,White,No issues,"Yes, you may use my data in the research.",2 times,1,1,0.0997869532428356,2.6129343891402717,0.02549019607843138,1,TRUE,TRUE,0,FALSE
16246386,29/06/2026 08:54:31,complete,Threat,NaturaPosTen,positive,ten,I agree to participate,17,4,3,2,1,2,1,1,1,1,2,1,2,1.6666666666666667,6,5,7,6,6,2,1,1,1,1,1.2,2,6,4,8,2,2,1,1.6666666666666667,1,1,1,1,1,1,1,1,7,6,7,6,6.5,2,1,1,1,1,1.2,1,9,2,5,3,2,2,2.3333333333333335,1,1,1,1,1,1,1,1,7,6,7,5,6.25,1,1,1,1,1,1,4,7,3,7,4,2,5,3.6666666666666665,1,1,1,1,1,1,1,1,6,7,7,5,6.25,3,1,1,1,1,1.4,4,8,7,Does imitating a facial expression of joy produce a perception of more happiness...?,That the math didn't matter and you're actually curious about perceptions of happiness or sadness.,40,Male,White,One set of images in the first image section (where I was supposed to not control my face) didn't load There were just three sets of Blue Question Mark Icons.,"Yes, you may use my data in the research.",2 times,1,1,0.9052692307692308,2.9382884615384617,0.3153846153846154,1,TRUE,TRUE,0,TRUE
16246387,29/06/2026 08:54:45,complete,No threat,SmileNegOne,negative,one,I agree to participate,17,4,5,4,4,4.333333333333333,1,1,1,1,1,1,1,1,4,3,3,4,3.5,5,4,2,4,4,3.8,2,6,4,8,1,2,3,2,1,1,1,1,1,1,1,1,2,3,3,4,3,4,3,1,4,3,3,1,9,2,5,2,2,2,2,2,2,1,1.6666666666666667,1,1,1,1,3,2,4,3,3,4,4,2,3,3,3.2,4,7,3,7,1,1,1,1,3,2,1,2,2,1,2,1.6666666666666667,3,2,2,4,2.75,4,3,1,3,4,3,4,8,7,Is it about math being a reliable place to go to when you're busy?  I can always do math (or at least I think I can) regardless of what is going on around me.  Supermarket skills.,Multitasking and how we feel about ourselves after we view certain images?,42,Female,White,NA,"Yes, you may use my data in the research.",2 times,1,1,0.21538461538461537,3.0748,0.03846153846153845,1,TRUE,TRUE,0,FALSE
16246388,29/06/2026 08:54:46,complete,No threat,NaturaNegOne,negative,one,I agree to participate,17,4,6,NA,5,5.5,1,1,1,1,NA,1,1,1,5,5,5,2,4.25,1,1,1,1,1,1,2,6,4,8,5,5,5,5,1,1,1,1,1,1,1,1,2,5,5,2,3.5,1,1,1,1,1,1,1,9,2,5,5,5,5,5,1,1,1,1,1,1,1,1,5,5,5,2,4.25,1,1,1,1,1,1,4,7,3,7,1,5,4,3.3333333333333335,1,1,1,1,5,1,1,2.3333333333333335,5,5,5,2,4.25,1,1,1,1,1,1,4,8,7,i dont know,maybe a bonus,57,Female,Black,no issues,"Yes, you may use my data in the research.",2 times,0.28846153846153844,0.28846153846153844,0.0978846153846154,0.42499999999999977,0,0.28846153846153855,FALSE,FALSE,0,FALSE
16246390,29/06/2026 08:55:01,complete,No threat,SmileNegOne,negative,one,I agree to participate,17,4,1,1,1,1,2,1,1,1.3333333333333333,1,1,2,1.3333333333333333,6,6,6,6,6,6,2,1,3,2,2.8,2,6,4,8,1,1,2,1.3333333333333333,1,1,1,1,2,1,3,2,6,6,6,6,6,3,1,1,1,1,1.4,1,9,2,5,1,1,1,1,5,2,3,3.3333333333333335,1,1,1,1,6,6,6,6,6,5,1,1,1,2,2,4,7,3,7,1,1,1,1,2,1,1,1.3333333333333333,2,2,2,2,6,6,6,6,6,4,1,1,1,1,1.6,4,8,7,To see if the repetive nature or images would adjust how we view life,unsure,30,Female,Prefer not to say,NA,"Yes, you may use my data in the research.",2 times,1,1,0,1.7441176470588236,0,0.8431372549019609,TRUE,TRUE,0,FALSE
16246392,29/06/2026 08:55:02,complete,Threat,SmileNegOne,negative,one,I agree to participate,17,4,1,1,1,1,1,1,1,1,1,1,1,1,4,4,6,4,4.5,3,1,1,1,1,1.4,2,6,NA,8,2,2,1,1.6666666666666667,1,1,1,1,1,1,1,1,4,5,5,4,4.5,1,1,1,1,1,1,1,9,2,5,1,2,2,1.6666666666666667,1,1,1,1,1,1,1,1,5,4,6,4,4.75,1,1,1,1,1,1,4,7,3,7,1,2,2,1.6666666666666667,1,1,1,1,1,1,1,1,4,4,5,4,4.25,1,1,1,1,1,1,2,8,NA,im not sure honestly,im not sure,28,Male,Mixed,i had none,"Yes, you may use my data in the research.",2 times,1,1,0.00576923076923076,1.323846153846154,0,1,FALSE,TRUE,3,FALSE
16246394,29/06/2026 08:55:40,complete,No threat,NaturaNegOne,negative,one,I agree to participate,17,4,1,1,1,1,1,1,1,1,1,1,1,1,4,4,5,4,4.25,1,1,1,1,1,1,2,6,4,8,1,1,1,1,1,1,1,1,1,1,1,1,4,4,5,4,4.25,1,1,1,1,1,1,1,9,2,5,1,1,1,1,1,1,1,1,1,1,2,1.3333333333333333,4,4,5,4,4.25,1,1,1,1,1,1,4,7,3,7,1,1,1,1,2,2,1,1.6666666666666667,1,1,1,1,4,4,5,4,4.25,1,1,1,1,1,1,4,8,7,to see how accurately one can perform a task or multitask correctly while doin or completing math or another activity.,unsure,36,Female,Black,none,"Yes, you may use my data in the research.",2 times,1,1,0.12903846153846155,3.0265384615384616,0.03846153846153843,1,TRUE,TRUE,0,FALSE
16246396,29/06/2026 05:55:18,complete,Threat,NaturaNegTen,negative,ten,I agree to participate,17,4,1,3,1,1.6666666666666667,1,1,NA,1,1,1,1,1,5,5,6,2,4.5,4,2,1,2,1,2,2,6,4,8,1,1,1,1,1,1,1,1,1,1,1,1,5,5,5,5,5,5,1,1,1,1,1.8,1,9,2,5,1,1,1,1,6,1,1,2.6666666666666665,5,1,1,2.3333333333333335,5,5,5,5,5,5,1,1,1,1,1.8,4,8,3,7,1,1,1,1,7,1,1,3,5,1,1,2.3333333333333335,5,5,5,2,4.25,5,1,1,1,1,1.8,4,8,7,trauma,I don't know---probably has to do with AI or the environment,68,Female,Other,none--except I realized I made a typo on one of the simple math problems,"Yes, you may use my data in the research.",2 times,0.8307692307692308,1,2.884615384615383e-4,0.5539615384615385,0,0.2557692307692308,FALSE,FALSE,1,FALSE
16246397,29/06/2026 07:55:22,complete,Threat,SmilePosOne,positive,one,I agree to participate,17,4,1,1,1,1,1,1,1,1,1,NA,1,1,6,6,NA,6,6,1,1,1,1,1,1,2,6,4,8,1,1,1,1,1,1,1,1,1,1,1,1,6,6,6,6,6,1,1,1,1,1,1,1,9,2,5,3,3,3,3,1,1,1,1,1,1,1,1,6,6,6,6,6,1,1,1,1,1,1,4,7,3,7,5,5,5,5,1,1,1,1,1,1,1,1,6,6,6,6,6,1,1,1,1,1,1,4,8,7,Physical and emotional connectivity,Doing math was not the point of the study,74,Male,White,NA,"Yes, you may use my data in the research.",2 times,1,1,0.665,0.9680769230769232,0,0.6923076923076924,FALSE,TRUE,0,FALSE
16246399,29/06/2026 05:55:31,complete,Threat,SmilePosOne,positive,one,I agree to participate,17,4,4,4,1,3,1,1,1,1,1,1,1,1,2,2,4,1,2.25,3,1,1,3,2,2,2,6,4,8,3,1,1,1.6666666666666667,2,1,1,1.3333333333333333,5,2,5,4,1,2,4,1,2,3,1,1,3,1,1.8,1,9,2,5,1,1,1,1,3,6,5,4.666666666666667,5,5,6,5.333333333333333,1,2,4,1,2,3,1,1,3,2,2,4,7,3,7,4,4,4,4,1,1,1,1,1,1,1,1,1,2,4,1,2,3,1,1,3,2,2,4,8,7,"Possibly something to do with the speed or accuracy regarding the +/- questions. Or maybe it is the consistency between my answers in the repeated series of questions.. I am not completely sure, just my best guess.","How on earth am I supposed to know the answer to that? My thoughts are drawing a great big blank space!
",43,Female,White,I think everything should be just fine! Thank you very much. Have a wonderful day!,"Yes, you may use my data in the research.",2 times,1,1,0.3135294117647059,2.0558823529411763,0,1,TRUE,TRUE,0,FALSE
16246404,29/06/2026 05:55:50,complete,Threat,SmileNegTen,negative,ten,I agree to participate,17,4,2,2,2,2,5,3,6,4.666666666666667,2,1,1,1.3333333333333333,5,5,5,5,5,1,1,1,1,1,1,2,6,4,8,4,4,4,4,1,1,1,1,1,1,1,1,5,5,7,5,5.5,1,1,1,1,1,1,1,9,2,5,1,1,1,1,7,1,1,3,1,1,1,1,5,5,NA,5,5,1,1,1,1,1,1,4,7,3,7,1,1,1,1,7,1,1,3,1,1,1,1,5,5,7,5,5.5,1,1,1,1,1,1,4,8,NA,I think it was about following directions.,The purpose of the study hasn't been revealed.,53,Female,Black,I had some lag time when trying to advance the screen.,"Yes, you may use my data in the research.",2 times,0.03653846153846154,0.04230769230769231,0,0.03532692307692309,0,0.01730769230769229,FALSE,FALSE,1,FALSE
16246405,29/06/2026 08:55:48,complete,Threat,NaturaPosOne,positive,one,I agree to participate,17,4,4,4,4,4,4,4,4,4,4,4,4,4,3,3,3,3,3,7,4,3,5,5,4.8,2,6,4,8,3,3,3,3,1,1,1,1,1,1,1,1,3,3,3,3,3,7,4,2,5,5,4.6,1,9,2,5,4,4,4,4,1,1,1,1,3,3,3,3,3,3,3,3,3,7,3,2,5,5,4.4,4,7,3,7,5,5,5,5,1,1,1,1,1,1,1,1,3,3,3,3,3,7,4,2,4,5,4.4,4,8,7,I am completely unsure,What the real purpose of the study is?,56,Female,White,I didn't have any issues,"Yes, you may use my data in the research.",2 times,1,1,0.8248076923076924,3.164807692307692,0.25,1,TRUE,TRUE,0,FALSE
16246406,29/06/2026 08:55:51,complete,No threat,SmilePosOne,positive,one,I agree to participate,17,4,5,4,4,4.333333333333333,4,4,4,4,4,4,4,4,5,6,5,5,5.25,5,2,2,4,1,2.8,2,6,4,8,5,4,5,4.666666666666667,2,2,2,2,4,2,2,2.6666666666666665,5,6,5,3,4.75,5,2,1,4,1,2.6,1,9,2,5,6,4,5,5,2,2,2,2,2,2,3,2.3333333333333335,5,6,5,5,5.25,5,3,1,4,1,2.8,4,7,3,7,6,5,6,5.666666666666667,2,2,2,2,4,2,2,2.6666666666666665,5,6,5,3,4.75,5,2,2,4,1,2.8,4,8,7,"I believe that this study was not about how physical motion might affect math capabilities, due to how easy those questions were, but rather how smiling no matter what images show up(even if I had very pleasant images) affect my mood and outlook into life. I tried to stay as unbiased as I could be and answer my questions to the best of my capabilities.",That it is more about how smiling or being positive affects your outlook into the rest of your life?,18,Male,Mixed,NA,"Yes, you may use my data in the research.",2 times,1,1,2.5194117647058825,2.2119607843137254,1,1,FALSE,FALSE,0,TRUE
16246415,29/06/2026 08:56:00,complete,No threat,NaturaPosOne,positive,one,I agree to participate,17,4,2,4,2,2.6666666666666665,1,2,2,1.6666666666666667,1,1,1,1,5,5,5,NA,5,2,1,1,1,2,1.4,2,6,4,8,2,3,2,2.3333333333333335,1,1,1,1,1,1,1,1,5,5,5,3,4.5,2,1,1,1,2,1.4,1,9,2,5,3,2,3,2.6666666666666665,1,1,1,1,1,1,2,1.3333333333333333,5,5,5,3,4.5,2,1,1,1,1,1.2,4,7,3,7,3,3,3,3,1,1,1,1,1,1,1,1,5,5,5,3,4.5,2,1,1,1,2,1.4,4,8,7,To see how quickly and accurate people can do math while also focusing on tasks.,"My best guess is the purpose of this study being something else, but I have no idea what.",24,Female,White,"I did not have any issues, the study ran well thanks so much for this opportunity!","Yes, you may use my data in the research.",2 times,1,1,0,2.671346153846154,0,1,TRUE,TRUE,0,FALSE
16246417,29/06/2026 08:56:02,complete,Threat,NaturaPosTen,positive,ten,I agree to participate,17,4,5,5,5,5,2,1,1,1.3333333333333333,1,1,1,1,5,5,6,6,5.5,1,1,1,1,1,1,2,6,4,8,6,5,5,5.333333333333333,1,1,1,1,NA,1,1,1,5,6,6,6,5.75,1,1,1,1,1,1,1,9,2,5,6,5,5,5.333333333333333,1,1,1,1,2,1,1,1.3333333333333333,6,5,6,6,5.75,1,1,1,1,1,1,4,7,3,7,7,6,7,6.666666666666667,1,1,1,1,1,1,1,1,6,5,6,6,5.75,1,1,1,1,1,1,4,8,7,to gage human response and ability to adapt very quickly. maybe something to do with AI generation as well and building an AI model?,is it that the user is building an AI model that will be able to do human tasks and look real?,40,Male,White,NA,"Yes, you may use my data in the research.",2 times,1,1,0.3972158925979681,2.844850145137881,0.0442307692307692,0.9788461538461538,TRUE,TRUE,0,FALSE
16246419,29/06/2026 08:56:05,complete,No threat,SmilePosOne,positive,one,I agree to participate,17,4,4,4,1,3,1,1,1,1,NA,1,1,1,5,4,6,3,4.5,1,1,1,1,1,1,2,6,4,8,4,6,4,4.666666666666667,1,1,1,1,1,1,1,1,6,5,6,3,5,1,1,1,1,1,1,1,9,2,5,6,6,6,6,1,1,NA,1,1,NA,1,1,6,5,6,3,5,1,1,1,1,1,1,4,7,3,7,4,4,4,4,1,1,1,1,1,1,1,1,5,5,6,3,4.75,1,1,1,1,1,1,4,8,7,To get your thoughts or impressions after viewing the pictures,I don't know what they could be?,75,Male,White,I didn't have and issues with the study,"Yes, you may use my data in the research.",2 times,1,1,0.5333333333333333,2.2515686274509803,0.2549019607843139,1,TRUE,TRUE,0,FALSE
16246422,29/06/2026 08:56:14,complete,Threat,SmilePosTen,positive,ten,I agree to participate,17,4,1,1,1,1,1,1,1,1,1,1,1,1,2,2,2,2,2,2,1,1,2,2,1.6,2,6,4,8,1,1,1,1,1,1,1,1,1,1,1,1,2,2,2,2,2,2,1,1,2,2,1.6,1,9,2,5,1,1,1,1,1,1,1,1,1,1,1,1,2,2,2,2,2,2,1,1,2,2,1.6,4,7,3,7,1,1,1,1,1,1,1,1,1,1,1,1,2,2,2,2,2,2,1,1,2,2,1.6,4,8,7,Do tasks and images correlate to self image and mood?,I don't know,43,Male,White,No issues,"Yes, you may use my data in the research.",2 times,1,1,0.10360180995475111,0.16626772247360483,0,0.00196078431372548,FALSE,FALSE,0,FALSE
16246431,29/06/2026 08:56:23,complete,No threat,SmileNegTen,negative,ten,I agree to participate,17,4,1,1,1,1,1,1,1,1,1,1,1,1,5,6,5,3,4.75,1,1,1,1,1,1,2,6,4,8,1,1,1,1,1,1,1,1,1,1,1,1,6,4,5,6,5.25,1,1,1,1,1,1,1,9,2,5,1,1,1,1,2,1,1,1.3333333333333333,4,3,4,3.6666666666666665,6,5,6,4,5.25,1,1,1,1,1,1,4,7,3,7,1,1,1,1,1,1,1,1,3,2,2,2.3333333333333335,6,6,4,5,5.25,1,1,1,1,1,1,4,8,7,no clue,no clue,41,Female,Mixed,NA,"Yes, you may use my data in the research.",2 times,1,1,0.02084615384615384,0.2976923076923077,0.00192307692307692,0,FALSE,FALSE,0,FALSE
16246433,29/06/2026 08:56:26,complete,Threat,SmilePosOne,positive,one,I agree to participate,17,4,1,1,1,1,1,1,1,1,2,1,2,1.6666666666666667,4,4,5,5,4.5,1,NA,1,1,1,1,2,6,4,8,1,1,2,1.3333333333333333,1,1,1,1,1,1,1,1,4,4,5,5,4.5,1,1,1,1,1,1,1,9,2,5,2,1,1,1.3333333333333333,1,1,1,1,1,1,1,1,5,4,4,5,4.5,1,1,1,1,1,1,4,7,2,7,1,1,1,1,1,1,1,1,1,1,1,1,4,4,5,5,4.5,1,1,1,1,1,1,4,8,7,NA,What is really being studied.,31,Male,Black,NA,"Yes, you may use my data in the research.",2 times,0.28846153846153844,1,0.16,3.055,0,1,FALSE,FALSE,1,FALSE
16246435,29/06/2026 08:59:09,complete,Threat,NaturaNegOne,negative,one,I agree to participate,17,4,1,3,1,1.6666666666666667,1,2,1,1.3333333333333333,2,2,1,1.6666666666666667,5,5,5,5,5,2,1,1,2,1,1.4,2,6,4,8,1,1,1,1,1,1,1,1,2,1,1,1.3333333333333333,1,1,1,1,1,1,1,1,1,1,1,1,9,2,5,1,1,1,1,2,1,1,1.3333333333333333,1,2,1,1.3333333333333333,5,6,5,6,5.5,1,1,1,1,1,1,4,7,3,7,1,1,1,1,2,1,1,1.3333333333333333,1,2,1,1.3333333333333333,5,5,5,5,5,2,1,1,1,1,1.2,4,8,7,To track movement,For AI use,28,Female,White,NA,"Yes, you may use my data in the research.",2 times,1,1,0.454423076923077,1.2031372549019608,0,0.7254901960784315,FALSE,TRUE,0,FALSE
16246437,29/06/2026 08:56:38,complete,Threat,NaturaNegTen,negative,ten,I agree to participate,17,4,1,1,1,1,5,1,1,2.3333333333333335,6,7,7,6.666666666666667,5,5,5,2,4.25,2,2,2,3,2,2.2,2,6,NA,8,4,5,4,4.333333333333333,1,1,1,1,1,1,1,1,4,4,4,2,3.5,3,2,2,3,2,2.4,1,9,2,5,1,4,2,2.3333333333333335,5,4,5,4.666666666666667,5,5,5,5,4,4,4,2,3.5,4,3,4,5,4,4,4,7,3,7,1,1,1,1,7,6,6,6.333333333333333,6,6,5,5.666666666666667,4,4,5,3,4,3,3,3,4,4,3.4,4,8,NA,"I think it was if seeing disturbing images can upset us enough where we are unable to perform simple tasks (math, following instructions).  Also, if after viewing disturbing images asking us the same questions about our perceptions of our own life and how we are feeling.","I am not sure.  Animal cruelty, robbery, property damage.  How can our life be ideal and how can we feel good about ourselves if these things exist in our world ?
For myself, seeing an animal in pain is very disturbing.",61,Female,White,"On the first activity, I was a bit confused and thought the numbers were actually counting down to when I was supposed to be recorded.  I apologize because that was when I was supposed to be doing the activity. (closing my eyes 5 times, one per second).  However, I hope that is okay because I took the study seriously and did my best.","Yes, you may use my data in the research.",2 times,1,1,0.07700000000000001,3.1289038461538463,0.01923076923076924,1,TRUE,TRUE,2,FALSE
16246441,29/06/2026 08:56:40,complete,No threat,SmilePosTen,positive,ten,I agree to participate,17,4,3,1,1,1.6666666666666667,1,1,1,1,1,1,1,1,5,5,5,3,4.5,3,1,1,1,1,1.4,2,6,4,8,1,1,1,1,1,1,1,1,1,1,1,1,5,5,5,3,4.5,2,1,1,1,1,1.2,1,9,2,5,2,1,1,1.3333333333333333,1,1,1,1,2,1,2,1.6666666666666667,5,5,5,3,4.5,2,1,1,1,1,1.2,4,7,3,7,2,1,2,1.6666666666666667,1,1,1,1,1,1,1,1,5,5,5,3,4.5,2,1,1,1,1,1.2,4,8,7,I think to see if looking at pictures of benign things like dogs and cats had any effect on mood. Also comparing the photos with the facial movement too to see if looking at this pictures and also smiling affected your self reported moods. I am not quite sure what the point of the math questions were though. Maybe to sort of put your brain on no think mode.,I think those details would be why there were math questions as part of this study.,26,Female,White,I did not have any issues during this study,"Yes, you may use my data in the research.",2 times,1,1,0,3.359326923076923,0,1,TRUE,TRUE,0,TRUE
16246442,29/06/2026 07:56:44,complete,No threat,SmilePosTen,positive,ten,I agree to participate,17,4,4,6,5,5,1,1,1,1,2,2,4,2.6666666666666665,3,2,5,4,3.5,6,5,2,5,5,4.6,2,6,4,8,2,2,1,1.6666666666666667,1,1,1,1,2,2,4,2.6666666666666665,3,3,4,3,3.25,6,4,1,4,3,3.6,1,9,2,NA,1,2,1,1.3333333333333333,1,1,1,1,3,3,4,3.3333333333333335,3,2,3,4,3,6,4,2,3,3,3.6,4,7,3,7,5,5,5,5,1,1,1,1,1,1,1,1,3,3,4,3,3.25,4,2,1,3,1,2.2,4,8,7,Do emotions change with visual stimulation.,No idea,78,Male,Mixed,No technical issues.   Instructions were clear.   Curiosity as to requests and purpose.,"Yes, you may use my data in the research.",2 times,1,1,0,0.31431485671191556,0,0.14871794871794872,FALSE,FALSE,1,FALSE
16246443,29/06/2026 07:56:44,complete,No threat,NaturaNegOne,negative,one,I agree to participate,17,4,1,1,1,1,1,1,1,1,1,1,2,1.3333333333333333,1,1,1,1,1,5,6,5,7,6,5.8,2,6,4,8,1,1,1,1,1,1,1,1,1,1,1,1,1,1,1,1,1,5,6,4,5,6,5.2,1,9,2,5,1,1,1,1,1,1,1,1,1,1,1,1,1,1,1,1,1,5,6,4,6,6,5.4,4,7,3,7,1,1,1,1,1,1,1,1,2,1,3,2,1,1,1,1,1,6,6,5,5,6,5.6,4,8,7,no idea,no clue,56,Male,White,NA,"Yes, you may use my data in the research.",2 times,1,1,0,1.0301923076923076,0,0.8076923076923078,FALSE,TRUE,0,FALSE
16246449,29/06/2026 07:56:55,complete,No threat,SmilePosTen,positive,ten,I agree to participate,17,4,1,1,1,1,1,1,1,1,2,1,3,2,2,2,3,5,3,7,6,6,6,6,6.2,2,6,4,8,1,1,1,1,1,1,1,1,1,1,2,1.3333333333333333,3,2,2,3,2.5,7,6,6,6,6,6.2,1,9,2,5,3,1,4,2.6666666666666665,1,1,1,1,1,1,1,1,2,2,2,5,2.75,7,6,6,6,6,6.2,4,7,3,7,4,3,2,3,1,1,1,1,1,1,1,1,2,2,2,3,2.25,7,6,6,6,6,6.2,4,8,7,Probably to test if images of animals have an impact over (at least momentary) mental health.,I have no idea.,29,Male,White,"I didn't have any issues, but I did mess up the first blinking video test. Initially, I thought it was a countdown, so I didn't start blinking soon enough at all. I do apologize for that.","Yes, you may use my data in the research.",2 times,1,1,0.24365761689291104,0.17624529724807195,0.01346153846153846,0,FALSE,FALSE,0,FALSE
16246451,29/06/2026 08:56:59,complete,Threat,NaturaNegOne,negative,one,I agree to participate,17,4,3,4,4,3.6666666666666665,2,2,2,2,2,3,3,2.6666666666666665,5,6,5,3,4.75,2,2,2,2,2,2,2,6,4,8,7,1,7,5,1,1,1,1,2,2,1,1.6666666666666667,7,7,7,7,7,1,1,1,1,1,1,1,9,2,5,2,1,1,1.3333333333333333,1,2,2,1.6666666666666667,3,2,2,2.3333333333333335,5,5,6,5,5.25,2,1,1,2,1,1.4,4,7,3,7,2,4,3,3,2,2,2,2,3,2,2,2.3333333333333335,6,6,6,4,5.5,2,2,1,1,2,1.6,4,8,7,"
","Maybe AI invovlement? I am sorry I missed some of the movements. I misinterpreted the instructions. I hope my videos were good enough. I tried hard on the last ones, thanks",31,Male,Mixed,"
","Yes, you may use my data in the research.",2 times,0.9807692307692308,1,0.17461538461538462,0,0,0,FALSE,FALSE,0,FALSE
16246452,29/06/2026 08:56:59,complete,Threat,SmilePosOne,positive,one,I agree to participate,17,4,4,4,3,3.6666666666666665,1,1,1,1,1,1,1,1,1,3,1,2,1.75,4,6,6,7,6,5.8,2,6,4,8,4,5,5,4.666666666666667,1,1,1,1,1,1,1,1,1,1,1,1,1,4,6,6,7,6,5.8,1,9,2,5,4,4,5,4.333333333333333,1,1,1,1,2,1,1,1.3333333333333333,1,1,2,1,1.25,3,7,7,7,6,6,4,7,3,7,6,5,5,5.333333333333333,1,1,1,1,1,1,1,1,1,1,1,1,1,3,6,6,6,6,5.4,4,8,7,maybe to find out how silly tasks make you feel,i am not really sure,57,Female,White,just had my son call me because today iw his first day of summer school and the bus is late,"Yes, you may use my data in the research.",2 times,1,1,1.056346153846154,2.6586538461538463,0.3461538461538462,1,TRUE,TRUE,0,FALSE
16246458,29/06/2026 08:57:24,complete,No threat,NaturaPosOne,positive,one,I agree to participate,17,4,4,2,3,3,1,3,3,2.3333333333333335,1,1,2,1.3333333333333333,5,5,5,4,4.75,7,7,7,7,7,7,2,6,NA,8,2,3,2,2.3333333333333335,3,3,4,3.3333333333333335,5,4,5,4.666666666666667,5,5,5,5,5,7,7,7,7,7,7,1,9,2,5,3,4,5,4,4,5,5,4.666666666666667,2,3,2,2.3333333333333335,5,5,5,5,5,7,7,7,7,7,7,4,7,3,7,2,4,6,4,3,6,5,4.666666666666667,2,1,2,1.6666666666666667,5,5,5,5,5,7,7,7,7,7,7,2,8,NA,idk,data,29,Male,Mixed,NA,"Yes, you may use my data in the research.",2 times,1,1,0.2932692307692308,2.36576923076923,1,1,TRUE,FALSE,3,FALSE
16246461,29/06/2026 08:57:30,complete,No threat,SmileNegOne,negative,one,I agree to participate,17,4,5,7,7,6.333333333333333,1,1,1,1,1,1,1,1,2,1,2,1,1.5,3,7,7,7,7,6.2,2,6,4,8,6,7,6,6.333333333333333,1,1,1,1,1,1,1,1,1,1,2,1,1.25,3,7,7,7,7,6.2,1,9,2,5,5,6,6,5.666666666666667,1,1,1,1,1,1,1,1,2,1,2,1,1.5,3,7,7,7,7,6.2,4,7,3,7,4,5,3,4,1,1,1,1,2,2,NA,2,1,1,2,1,1.25,3,7,7,7,7,6.2,4,8,7,If people can multi-task and how they feel about themselves while they are multi-tasking.,I am not sure what the missing details could be.,43,Female,White,I did not encounter any issues within the study. Thank you for allowing me to participate.,"Yes, you may use my data in the research.",2 times,0,0,0,0,0,0,FALSE,FALSE,0,FALSE
16246463,29/06/2026 08:57:31,complete,No threat,SmilePosTen,positive,ten,I agree to participate,17,4,1,1,1,1,1,1,1,1,2,1,1,1.3333333333333333,2,2,2,1,1.75,7,6,6,6,5,6,2,6,4,8,3,1,3,2.3333333333333335,1,1,1,1,1,1,1,1,2,2,2,1,1.75,7,6,6,6,5,6,1,9,2,5,3,1,2,2,1,1,1,1,3,4,4,3.6666666666666665,2,2,2,1,1.75,7,6,6,6,5,6,4,7,3,7,1,1,1,1,1,1,1,1,1,1,1,1,2,2,2,1,1.75,7,6,6,6,5,6,4,8,7,Maybe correlation between action and self-esteem,Not sure,40,Male,White,n/a,"Yes, you may use my data in the research.",2 times,1,1,0,2.934807692307692,0,0.9134615384615384,TRUE,TRUE,0,FALSE
16246485,29/06/2026 08:58:10,complete,Threat,SmilePosOne,positive,one,I agree to participate,17,4,1,1,2,1.3333333333333333,1,1,1,1,1,1,1,1,3,2,4,2,2.75,5,5,6,6,5,5.4,2,6,4,8,1,1,1,1,1,1,1,1,1,1,1,1,2,2,2,2,2,5,5,6,5,5,5.2,1,9,4,5,1,1,1,1,1,1,1,1,1,1,1,1,2,3,3,2,2.5,5,5,6,6,5,5.4,4,7,3,7,1,1,1,1,1,1,1,1,1,1,1,1,2,2,2,2,2,5,5,6,6,5,5.4,4,8,7,I think this was an test to see how happy people are with their lives,I have NO clue.,24,Male,White,NA,"Yes, you may use my data in the research.",2 times,1,1,0,0.3940384615384616,0,0.6923076923076924,FALSE,TRUE,1,FALSE
16246487,29/06/2026 07:58:20,complete,Threat,NaturaNegOne,negative,one,I agree to participate,17,4,2,3,2,2.3333333333333335,1,1,1,1,3,1,3,2.3333333333333335,3,4,5,3,3.75,4,2,2,3,2,2.6,2,6,4,8,1,3,2,2,2,2,2,2,3,3,4,3.3333333333333335,5,5,5,3,4.5,4,2,2,3,2,2.6,1,9,2,5,2,3,2,2.3333333333333335,2,2,2,2,4,2,3,3,5,3,5,3,4,4,2,2,3,2,2.6,4,7,3,7,1,1,1,1,3,2,3,2.6666666666666665,3,4,2,3,5,3,5,3,4,4,2,2,3,2,2.6,4,6,7,"The instructions said ""The goal of this research study is to explore the effect of physical movement tasks on people’s math performance."" However, I do not believe this is the case. The math and physical exercises are too simple to really measure any cognitive stress. I think it has to do with the violent images shown and the facial expression. I think the study is framed as a benign scenario just to relax the subjects and see their real emotional response to stressful images. It has nothing to do with math.","As stated in my last response, I think the study attempts to distract and relax the subjects to measure their raw responses to stressful images.",40,Male,Mixed,"No issues. I have to say though, this was a weird study. I would like to know more about it.","Yes, you may use my data in the research.",1 time,1,1,0,2.534423076923077,0,1,TRUE,TRUE,1,TRUE
16246488,29/06/2026 08:57:29,complete,No threat,SmileNegOne,negative,one,I agree to participate,17,4,3,4,4,3.6666666666666665,3,1,1,1.6666666666666667,2,2,2,2,5,5,5,4,4.75,5,3,3,2,3,3.2,2,6,4,8,3,3,3,3,4,1,1,2,2,2,2,2,5,5,5,4,4.75,5,2,2,3,2,2.8,1,9,2,5,3,4,4,3.6666666666666665,4,1,1,2,2,2,2,2,5,5,5,4,4.75,5,2,2,3,2,2.8,4,7,3,7,3,4,3,3.3333333333333335,4,1,1,2,4,2,2,2.6666666666666665,5,5,5,4,4.75,5,2,2,3,2,2.8,4,8,7,"I think that the purpose of this study was determining if certain factors will change a person's mood and their math skills (showing them certain pictures, requesting certain expressions, etc.)","To be honest, I have no idea what these details may be.",39,Male,Black,NA,"Yes, you may use my data in the research.",2 times,1,1,0,1.488076923076923,0.01923076923076921,1,FALSE,TRUE,0,TRUE
16246491,29/06/2026 07:58:23,complete,No threat,NaturaNegTen,negative,ten,I agree to participate,17,4,1,1,1,1,1,1,1,1,1,1,1,1,6,6,6,6,6,1,1,1,1,1,1,2,6,4,8,1,1,1,1,1,1,1,1,1,1,1,1,6,6,6,6,6,1,1,1,1,1,1,1,9,2,5,1,1,1,1,4,1,1,2,4,2,4,3.3333333333333335,6,6,6,6,6,4,1,1,1,1,1.6,4,7,3,7,1,1,1,1,6,1,1,2.6666666666666665,4,4,4,4,6,6,6,6,6,1,1,1,1,1,1,4,8,7,not sure,That there was no point,51,Female,White,NA,"Yes, you may use my data in the research.",2 times,1,1,0,1.2091346153846154,0,1,FALSE,TRUE,0,FALSE
16246493,29/06/2026 08:58:27,complete,Threat,NaturaPosTen,positive,ten,I agree to participate,17,4,2,1,1,1.3333333333333333,1,1,1,1,1,1,1,1,7,7,6,7,6.75,1,1,1,1,1,1,2,6,4,8,2,1,2,1.6666666666666667,1,1,1,1,1,1,1,1,7,6,7,7,6.75,1,1,1,1,1,1,1,9,2,5,2,2,2,2,1,1,1,1,1,1,1,1,7,6,7,7,6.75,1,1,1,1,1,1,4,7,3,7,4,1,1,2,1,1,1,1,1,1,1,1,7,7,6,7,6.75,1,1,1,1,1,1,4,8,7,To see what people look like when doing certain tasks.,I'm very unsure.,38,Female,White,NA,"Yes, you may use my data in the research.",1 time,0.9942307692307693,1,0.00384615384615384,0.12063461538461535,0,0.07884615384615386,FALSE,FALSE,0,FALSE
16246499,29/06/2026 08:58:56,complete,No threat,SmilePosTen,positive,ten,I agree to participate,17,4,1,1,1,1,1,1,1,1,1,1,1,1,5,5,7,6,5.75,3,1,1,1,1,1.4,2,6,4,8,2,1,2,1.6666666666666667,1,1,1,1,1,1,1,1,2,1,6,6,3.75,2,1,1,1,1,1.2,1,9,2,5,2,1,2,1.6666666666666667,1,1,1,1,1,1,1,1,7,6,6,6,6.25,2,1,1,1,1,1.2,4,7,3,7,2,1,2,1.6666666666666667,1,1,1,1,1,1,1,1,3,1,7,2,3.25,1,1,1,1,1,1,4,8,7,NA,NA,39,Female,White,NA,"Yes, you may use my data in the research.",2 times,0.7730769230769231,1,0.05284615384615384,0.9659038461538462,0,0,FALSE,FALSE,0,FALSE
16246522,29/06/2026 09:00:12,complete,No threat,NaturaPosTen,positive,ten,I agree to participate,17,4,6,5,6,5.666666666666667,6,2,1,3,2,1,1,1.3333333333333333,5,5,4,5,4.75,1,1,1,1,1,1,2,6,4,8,7,6,6,6.333333333333333,5,1,1,2.3333333333333335,1,1,1,1,4,5,4,5,4.5,1,1,1,1,1,1,1,9,2,5,6,7,6,6.333333333333333,5,1,1,2.3333333333333335,1,1,1,1,5,4,4,5,4.5,1,1,1,1,1,1,4,7,3,7,6,6,6,6,4,1,1,2,1,1,1,1,4,5,4,4,4.25,1,1,1,1,1,1,4,8,7,I think the purpose of this study was to practice skills.,I think the details might be how these tasks can improve your mental.,27,Male,Black,I did not have issues with the study.,"Yes, you may use my data in the research.",2 times,1,1,0,1.2149777526395171,0,0.9568627450980391,FALSE,TRUE,0,FALSE
16246536,29/06/2026 06:00:44,complete,Threat,SmileNegOne,negative,one,I agree to participate,17,4,4,3,2,3,1,1,NA,1,1,1,1,1,4,6,6,5,5.25,3,1,2,2,3,2.2,2,6,4,8,2,1,1,1.3333333333333333,1,1,1,1,1,1,1,1,5,5,6,5,5.25,5,2,2,2,2,2.6,1,9,2,5,2,1,1,1.3333333333333333,1,1,1,1,1,1,1,1,6,4,6,5,5.25,4,1,2,2,3,2.4,4,7,3,7,1,1,1,1,2,1,1,1.3333333333333333,3,3,1,2.3333333333333335,4,4,6,5,4.75,4,2,2,2,2,2.4,4,8,7,to see how peoples emotions and feelings on life changed based on the stimuli from the physical tasks,that the math didnt matter,36,Female,White,NA,"Yes, you may use my data in the research.",2 times,1,1,0.3448076923076923,2.357884615384615,0.03846153846153843,1,TRUE,TRUE,0,FALSE
16246546,29/06/2026 08:01:28,complete,Threat,SmileNegTen,negative,ten,I agree to participate,17,4,4,4,5,4.333333333333333,1,1,1,1,1,1,1,1,6,4,4,6,5,3,2,1,1,4,2.2,2,6,4,8,4,2,4,3.3333333333333335,1,1,1,1,1,1,1,1,6,4,4,6,5,3,2,1,1,4,2.2,1,9,2,5,4,1,4,3,2,1,1,1.3333333333333333,1,1,1,1,6,4,4,6,5,3,2,1,1,4,2.2,4,7,3,7,4,2,4,3.3333333333333335,1,1,1,1,1,1,1,1,6,4,4,6,5,3,2,1,1,4,2.2,4,8,7,I am not sure what the purpose was as I was confused at why it was asking me to perform these activities and especially when it showed a car or a dog as I performed the dog faces and what the man was doing in the pick to the best I could. It would be interesting to know why this was asked and what reason it determines in the study ? Interesting !,I am not sure as I am curious to know why we would be videoed doing stuff as directed in the picture ! I am curious to find out and how that helps and what it determines in your study !,42,Female,White,N/A,"Yes, you may use my data in the research.",2 times,0.9942307692307693,0.9788461538461538,0.02638122171945701,0.06128883861236801,0,0.00961538461538461,FALSE,FALSE,0,FALSE
16246549,29/06/2026 09:01:43,complete,Threat,NaturaPosTen,positive,ten,I agree to participate,17,4,3,3,4,3.3333333333333335,1,1,1,1,1,1,1,1,5,5,5,5,5,2,1,1,1,1,1.2,2,6,4,8,3,1,3,2.3333333333333335,1,1,1,1,2,1,2,1.6666666666666667,5,5,5,5,5,2,1,1,1,1,1.2,1,9,2,5,3,3,3,3,1,1,1,1,2,2,3,2.3333333333333335,5,5,5,5,5,2,1,1,1,1,1.2,4,7,3,7,5,4,6,5,1,1,1,1,1,1,1,1,5,5,5,5,5,1,1,1,1,1,1,4,8,7,To see if moving can impact math skills.,Maybe something that has to do with emotions?,35,Female,Mixed,"For the ones that had timers (the back of the head one and the nose one), i did them, but i wasnt sure if i should do them with the numbers on the screen or if they were a countdown.","Yes, you may use my data in the research.",2 times,1,1,0,2.6511923076923076,0,1,TRUE,TRUE,0,FALSE
16246550,29/06/2026 09:01:45,complete,No threat,NaturaPosOne,positive,one,I agree to participate,17,4,3,4,4,3.6666666666666665,1,NA,1,1,2,1,2,1.6666666666666667,5,4,5,4,4.5,7,2,1,2,1,2.6,2,6,4,8,1,2,2,1.6666666666666667,1,1,1,1,3,3,5,3.6666666666666665,4,5,4,4,4.25,7,1,1,1,1,2.2,1,9,2,5,4,3,3,3.3333333333333335,1,1,1,1,1,1,1,1,5,5,4,4,4.5,7,1,1,1,1,2.2,4,7,3,7,5,4,5,4.666666666666667,1,1,1,1,1,1,1,1,5,5,4,5,4.75,7,1,1,1,1,2.2,4,8,7,How pictures affect how people feel and if it allows them to concentrate on tasks.,It was to see if I could follow directions clearly.,36,Male,White,No issues to report.,"Yes, you may use my data in the research.",2 times,1,1,0.04326923076923077,5.769230769230773e-4,0,0,FALSE,FALSE,0,FALSE
16246563,29/06/2026 09:03:24,complete,No threat,SmilePosTen,positive,ten,I agree to participate,17,4,1,2,2,1.6666666666666667,1,1,4,2,2,2,2,2,4,3,4,3,3.5,3,3,3,3,3,3,2,6,4,8,2,3,2,2.3333333333333335,1,1,1,1,1,1,1,1,4,4,4,3,3.75,2,2,2,2,2,2,1,9,2,5,2,2,2,2,3,3,3,3,3,2,3,2.6666666666666665,4,4,4,3,3.75,3,3,3,3,3,3,4,7,3,7,2,2,2,2,1,1,1,1,1,1,1,1,4,4,4,3,3.75,2,2,2,2,2,2,4,8,7,how different stimuli affects our mood,what stimuli different people saw/did,32,Female,White,NA,"Yes, you may use my data in the research.",2 times,1,1,0,0.3565358220211161,0,0.22828054298642536,FALSE,FALSE,0,FALSE
16246570,29/06/2026 09:03:55,complete,No threat,NaturaNegTen,negative,ten,I agree to participate,17,4,2,3,3,2.6666666666666665,1,1,1,1,1,1,1,1,5,6,6,3,5,1,1,1,1,1,1,2,6,4,8,2,3,2,2.3333333333333335,1,1,1,1,1,1,1,1,5,5,4,5,4.75,1,1,1,1,1,1,1,9,2,5,1,1,1,1,2,1,1,1.3333333333333333,3,1,1,1.6666666666666667,5,5,5,6,5.25,1,1,1,1,1,1,4,7,3,7,1,1,1,1,4,1,3,2.6666666666666665,1,2,2,1.6666666666666667,5,5,5,5,5,1,1,1,1,1,1,4,8,7,To see if my math skills were determined by the pictures shown.,how your mood determines your thinking skills,33,Male,White,NA,"Yes, you may use my data in the research.",2 times,1,1,0.00511538461538461,0.04307692307692309,0,0,FALSE,FALSE,0,FALSE
16246581,29/06/2026 09:04:32,complete,Threat,NaturaPosTen,positive,ten,I agree to participate,17,4,1,1,1,1,1,1,1,1,6,6,6,6,3,4,4,2,3.25,3,2,2,2,3,2.4,2,6,4,8,1,1,1,1,1,1,1,1,1,1,1,1,4,3,4,3,3.5,5,3,3,4,4,3.8,1,9,2,5,2,2,2,2,2,2,2,2,3,2,5,3.3333333333333335,5,4,5,3,4.25,3,2,2,2,2,2.2,4,7,3,7,5,5,6,5.333333333333333,2,2,2,2,2,2,2,2,3,3,5,3,3.5,4,2,2,2,2,2.4,4,8,7,no earthly idea,maybe wanting to see if someone is able to maintain a neutral expression while looking at cute puppies and kittens,68,Female,White,"initial tap nose one per second, I did not realize the camera would start right off, expected a countdown.","Yes, you may use my data in the research.",2 times,0.9239819004524888,0.9846153846153848,0.6298823529411764,0.5643329562594268,0.00388386123680241,0.1615384615384615,FALSE,FALSE,0,FALSE
16246590,29/06/2026 09:05:29,complete,No threat,NaturaNegTen,negative,ten,I agree to participate,17,4,1,1,1,1,1,1,1,1,1,1,1,1,NA,3,3,1,2.3333333333333335,2,1,1,3,2,1.8,2,6,4,8,1,1,1,1,1,1,1,1,1,1,1,1,1,3,2,1,1.75,2,1,1,1,2,1.4,1,9,2,5,1,1,1,1,1,1,1,1,1,1,2,1.3333333333333333,2,3,2,1,2,2,1,1,1,2,1.4,4,7,3,7,1,2,2,1.6666666666666667,1,1,1,1,1,1,1,1,1,2,3,1,1.75,2,1,1,1,2,1.4,4,8,7,"Not really sure, maybe the affect physical tasks have on our thinking or something to do with processing and multi tasking.",The was more focus on mannerisms,25,Male,Black,NA,"Yes, you may use my data in the research.",2 times,1,1,0.8509807692307693,2.5864230769230767,0.30769230769230765,0.9692307692307692,TRUE,TRUE,0,FALSE
16246592,29/06/2026 09:05:37,complete,Threat,NaturaNegOne,negative,one,I agree to participate,17,4,1,1,1,1,1,1,1,1,1,1,1,1,5,5,4,1,3.75,6,4,1,6,4,4.2,2,6,4,8,1,1,1,1,1,1,1,1,1,1,1,1,5,5,4,1,3.75,6,4,1,5,5,4.2,1,9,2,5,1,1,1,1,4,1,1,2,1,1,1,1,5,5,4,1,3.75,6,4,1,5,5,4.2,4,7,3,7,1,1,1,1,4,1,1,2,1,1,1,1,5,5,3,1,3.5,6,4,1,6,5,4.4,4,8,7,Maybe to see how different images impact our mood,Why those specific images were selected,27,Female,White,NA,"Yes, you may use my data in the research.",2 times,1,1,0,0,0,0,FALSE,FALSE,0,FALSE
16246604,29/06/2026 09:06:31,complete,Threat,SmileNegOne,negative,one,I agree to participate,17,4,1,2,1,1.3333333333333333,2,2,2,2,1,1,1,1,6,6,6,6,6,2,1,1,1,1,1.2,2,6,4,8,1,2,1,1.3333333333333333,1,1,1,1,1,1,1,1,6,6,7,6,6.25,2,1,1,1,1,1.2,1,9,2,5,1,1,1,1,1,1,1,1,2,1,2,1.6666666666666667,6,6,6,6,6,2,1,1,1,1,1.2,4,7,3,7,1,1,1,1,1,1,1,1,2,1,1,1.3333333333333333,6,6,6,6,6,2,1,1,1,1,1.2,4,8,7,to see how physical activities can change responses,using your brain in different ways can affect how you respond emotionally,26,Female,White,none,"Yes, you may use my data in the research.",2 times,1,1,0,2.4917307692307693,0,1,TRUE,TRUE,0,FALSE
16246721,29/06/2026 08:19:39,complete,Threat,NaturaPosOne,positive,one,I agree to participate,17,4,2,3,2,2.3333333333333335,1,1,2,1.3333333333333333,3,2,4,3,3,3,5,3,3.5,4,4,3,2,3,3.2,2,6,4,8,3,3,3,3,1,1,1,1,1,1,1,1,5,3,5,3,4,3,2,1,2,2,2,1,9,2,5,3,3,3,3,1,2,1,1.3333333333333333,3,1,2,2,5,5,5,3,4.5,3,2,2,2,1,2,4,7,3,7,4,4,4,4,1,1,1,1,2,2,2,2,5,3,5,3,4,3,3,2,2,2,2.4,4,8,7,I am not exactly sure.,Maybe there was more to do that you were asking.,47,Female,White,No issues.,"Yes, you may use my data in the research.",2 times,1,1,0,3.3452941176470588,0,1,TRUE,TRUE,0,FALSE
16246930,29/06/2026 09:47:48,complete,No threat,NaturaNegOne,negative,one,I agree to participate,17,4,1,1,1,1,1,1,1,1,1,1,1,1,1,3,3,2,2.25,3,1,1,1,1,1.4,2,6,4,8,1,1,2,1.3333333333333333,1,1,1,1,1,1,1,1,1,3,2,3,2.25,3,1,1,1,1,1.4,1,9,2,5,1,1,1,1,1,1,1,1,1,1,1,1,3,1,3,3,2.5,3,1,1,1,1,1.4,4,7,3,7,1,1,1,1,1,1,1,1,1,1,1,1,1,2,3,3,2.25,4,1,1,1,1,1.6,4,8,7,Something about being exposed to violence and how it may affect our moods and cognitive functioning. But...who knows?,"No clue, but would love to hear about it!",50,Female,Mixed,NA,"Yes, you may use my data in the research.",2 times,1,1,0,2.1336538461538463,0,0.8269230769230771,TRUE,TRUE,0,FALSE
16247016,29/06/2026 06:56:57,complete,Threat,SmileNegOne,negative,one,I agree to participate,17,4,4,4,4,4,1,1,NA,1,1,1,1,1,5,5,5,5,5,1,1,1,1,1,1,2,6,4,8,4,4,4,4,1,1,1,1,1,1,1,1,5,5,5,5,5,1,1,1,1,1,1,1,9,2,5,4,4,4,4,1,1,1,1,1,1,1,1,5,5,5,5,5,1,1,1,1,1,1,4,7,3,7,1,1,1,1,4,1,1,2,4,4,4,4,5,5,5,5,5,1,1,1,1,1,1,4,8,7,To see how I feel after seeing a set of images,To see if I'd be manipulated?,33,Male,Asian,No problems,"Yes, you may use my data in the research.",2 times,1,1,0,1.398846153846154,0,0.653846153846154,FALSE,TRUE,0,FALSE
